Copyright 1986-2018 Xilinx, Inc. All Rights Reserved.
--------------------------------------------------------------------------------------------------------------------------------------------------------------------------------------------------------------------
| Tool Version : Vivado v.2018.2 (win64) Build 2258646 Thu Jun 14 20:03:12 MDT 2018
| Date         : Fri May 29 15:05:39 2026
| Host         : CS152B-05 running 64-bit major release  (build 9200)
| Command      : report_timing_summary -max_paths 10 -file basys3_comm_top_timing_summary_routed.rpt -pb basys3_comm_top_timing_summary_routed.pb -rpx basys3_comm_top_timing_summary_routed.rpx -warn_on_violation
| Design       : basys3_comm_top
| Device       : 7a35t-cpg236
| Speed File   : -1  PRODUCTION 1.22 2018-03-21
--------------------------------------------------------------------------------------------------------------------------------------------------------------------------------------------------------------------

Timing Summary Report

------------------------------------------------------------------------------------------------
| Timer Settings
| --------------
------------------------------------------------------------------------------------------------

  Enable Multi Corner Analysis               :  Yes
  Enable Pessimism Removal                   :  Yes
  Pessimism Removal Resolution               :  Nearest Common Node
  Enable Input Delay Default Clock           :  No
  Enable Preset / Clear Arcs                 :  No
  Disable Flight Delays                      :  No
  Ignore I/O Paths                           :  No
  Timing Early Launch at Borrowing Latches   :  false

  Corner  Analyze    Analyze    
  Name    Max Paths  Min Paths  
  ------  ---------  ---------  
  Slow    Yes        Yes        
  Fast    Yes        Yes        



check_timing report

Table of Contents
-----------------
1. checking no_clock
2. checking constant_clock
3. checking pulse_width_clock
4. checking unconstrained_internal_endpoints
5. checking no_input_delay
6. checking no_output_delay
7. checking multiple_clock
8. checking generated_clocks
9. checking loops
10. checking partial_input_delay
11. checking partial_output_delay
12. checking latch_loops

1. checking no_clock
--------------------
 There are 0 register/latch pins with no clock.


2. checking constant_clock
--------------------------
 There are 0 register/latch pins with constant_clock.


3. checking pulse_width_clock
-----------------------------
 There are 0 register/latch pins which need pulse_width check


4. checking unconstrained_internal_endpoints
--------------------------------------------
 There are 0 pins that are not constrained for maximum delay.

 There are 0 pins that are not constrained for maximum delay due to constant clock.


5. checking no_input_delay
--------------------------
 There are 2 input ports with no input delay specified. (HIGH)

 There are 0 input ports with no input delay but user has a false path constraint.


6. checking no_output_delay
---------------------------
 There are 26 ports with no output delay specified. (HIGH)

 There are 0 ports with no output delay but user has a false path constraint

 There are 0 ports with no output delay but with a timing clock defined on it or propagating through it


7. checking multiple_clock
--------------------------
 There are 0 register/latch pins with multiple clocks.


8. checking generated_clocks
----------------------------
 There are 0 generated clocks that are not connected to a clock source.


9. checking loops
-----------------
 There are 0 combinational loops in the design.


10. checking partial_input_delay
--------------------------------
 There are 0 input ports with partial input delay specified.


11. checking partial_output_delay
---------------------------------
 There are 0 ports with partial output delay specified.


12. checking latch_loops
------------------------
 There are 0 combinational latch loops in the design through latch input



------------------------------------------------------------------------------------------------
| Design Timing Summary
| ---------------------
------------------------------------------------------------------------------------------------

    WNS(ns)      TNS(ns)  TNS Failing Endpoints  TNS Total Endpoints      WHS(ns)      THS(ns)  THS Failing Endpoints  THS Total Endpoints     WPWS(ns)     TPWS(ns)  TPWS Failing Endpoints  TPWS Total Endpoints  
    -------      -------  ---------------------  -------------------      -------      -------  ---------------------  -------------------     --------     --------  ----------------------  --------------------  
      0.045        0.000                      0                47421        0.010        0.000                      0                47421        5.686        0.000                       0                 16296  


All user specified timing constraints are met.


------------------------------------------------------------------------------------------------
| Clock Summary
| -------------
------------------------------------------------------------------------------------------------

Clock        Waveform(ns)       Period(ns)      Frequency(MHz)
-----        ------------       ----------      --------------
sys_clk_pin  {0.000 6.667}      13.333          75.002          


------------------------------------------------------------------------------------------------
| Intra Clock Table
| -----------------
------------------------------------------------------------------------------------------------

Clock             WNS(ns)      TNS(ns)  TNS Failing Endpoints  TNS Total Endpoints      WHS(ns)      THS(ns)  THS Failing Endpoints  THS Total Endpoints     WPWS(ns)     TPWS(ns)  TPWS Failing Endpoints  TPWS Total Endpoints  
-----             -------      -------  ---------------------  -------------------      -------      -------  ---------------------  -------------------     --------     --------  ----------------------  --------------------  
sys_clk_pin         0.045        0.000                      0                46793        0.010        0.000                      0                46793        5.686        0.000                       0                 16296  


------------------------------------------------------------------------------------------------
| Inter Clock Table
| -----------------
------------------------------------------------------------------------------------------------

From Clock    To Clock          WNS(ns)      TNS(ns)  TNS Failing Endpoints  TNS Total Endpoints      WHS(ns)      THS(ns)  THS Failing Endpoints  THS Total Endpoints  
----------    --------          -------      -------  ---------------------  -------------------      -------      -------  ---------------------  -------------------  


------------------------------------------------------------------------------------------------
| Other Path Groups Table
| -----------------------
------------------------------------------------------------------------------------------------

Path Group         From Clock         To Clock               WNS(ns)      TNS(ns)  TNS Failing Endpoints  TNS Total Endpoints      WHS(ns)      THS(ns)  THS Failing Endpoints  THS Total Endpoints  
----------         ----------         --------               -------      -------  ---------------------  -------------------      -------      -------  ---------------------  -------------------  
**async_default**  sys_clk_pin        sys_clk_pin              2.286        0.000                      0                  628        1.250        0.000                      0                  628  


------------------------------------------------------------------------------------------------
| Timing Details
| --------------
------------------------------------------------------------------------------------------------


---------------------------------------------------------------------------------------------------
From Clock:  sys_clk_pin
  To Clock:  sys_clk_pin

Setup :            0  Failing Endpoints,  Worst Slack        0.045ns,  Total Violation        0.000ns
Hold  :            0  Failing Endpoints,  Worst Slack        0.010ns,  Total Violation        0.000ns
PW    :            0  Failing Endpoints,  Worst Slack        5.686ns,  Total Violation        0.000ns
---------------------------------------------------------------------------------------------------


Max Delay Paths
--------------------------------------------------------------------------------------
Slack (MET) :             0.045ns  (required time - arrival time)
  Source:                 global_memory/pipe_addr_reg[0]/C
                            (rising edge-triggered cell FDRE clocked by sys_clk_pin  {rise@0.000ns fall@6.667ns period=13.333ns})
  Destination:            global_memory/bank3/mem_reg_1_1/WEBWE[0]
                            (rising edge-triggered cell RAMB36E1 clocked by sys_clk_pin  {rise@0.000ns fall@6.667ns period=13.333ns})
  Path Group:             sys_clk_pin
  Path Type:              Setup (Max at Slow Process Corner)
  Requirement:            13.333ns  (sys_clk_pin rise@13.333ns - sys_clk_pin rise@0.000ns)
  Data Path Delay:        12.679ns  (logic 5.098ns (40.207%)  route 7.581ns (59.793%))
  Logic Levels:           18  (CARRY4=6 LUT4=1 LUT5=5 LUT6=6)
  Clock Path Skew:        -0.042ns (DCD - SCD + CPR)
    Destination Clock Delay (DCD):    4.838ns = ( 18.171 - 13.333 ) 
    Source Clock Delay      (SCD):    5.067ns
    Clock Pessimism Removal (CPR):    0.188ns
  Clock Uncertainty:      0.035ns  ((TSJ^2 + TIJ^2)^1/2 + DJ) / 2 + PE
    Total System Jitter     (TSJ):    0.071ns
    Total Input Jitter      (TIJ):    0.000ns
    Discrete Jitter          (DJ):    0.000ns
    Phase Error              (PE):    0.000ns

    Location             Delay type                Incr(ns)  Path(ns)    Netlist Resource(s)
  -------------------------------------------------------------------    -------------------
                         (clock sys_clk_pin rise edge)
                                                      0.000     0.000 r  
    W5                                                0.000     0.000 r  CLK100MHZ (IN)
                         net (fo=0)                   0.000     0.000    CLK100MHZ
    W5                   IBUF (Prop_ibuf_I_O)         1.458     1.458 r  CLK100MHZ_IBUF_inst/O
                         net (fo=1, routed)           1.967     3.425    CLK100MHZ_IBUF
    BUFGCTRL_X0Y0        BUFG (Prop_bufg_I_O)         0.096     3.521 r  CLK100MHZ_IBUF_BUFG_inst/O
                         net (fo=16301, routed)       1.546     5.067    global_memory/CLK100MHZ_IBUF_BUFG
    SLICE_X34Y26         FDRE                                         r  global_memory/pipe_addr_reg[0]/C
  -------------------------------------------------------------------    -------------------
    SLICE_X34Y26         FDRE (Prop_fdre_C_Q)         0.518     5.585 r  global_memory/pipe_addr_reg[0]/Q
                         net (fo=54, routed)          0.953     6.539    global_memory/pipe_addr_reg_n_0_[0]
    SLICE_X34Y24         LUT5 (Prop_lut5_I3_O)        0.124     6.663 f  global_memory/mem_reg_0_0_i_166/O
                         net (fo=1, routed)           0.470     7.132    global_memory/mem_reg_0_0_i_166_n_0
    SLICE_X34Y25         LUT6 (Prop_lut6_I2_O)        0.124     7.256 r  global_memory/mem_reg_0_0_i_146__0/O
                         net (fo=1, routed)           0.000     7.256    global_memory/mem_reg_0_0_i_146__0_n_0
    SLICE_X34Y25         CARRY4 (Prop_carry4_S[0]_CO[3])
                                                      0.513     7.769 r  global_memory/mem_reg_0_0_i_119__0/CO[3]
                         net (fo=1, routed)           0.000     7.769    global_memory/mem_reg_0_0_i_119__0_n_0
    SLICE_X34Y26         CARRY4 (Prop_carry4_CI_CO[0])
                                                      0.254     8.023 r  global_memory/mem_reg_0_0_i_105__0/CO[0]
                         net (fo=2, routed)           0.516     8.539    global_memory/bank3/pipe_addr_reg[30][0]
    SLICE_X36Y24         LUT6 (Prop_lut6_I4_O)        0.367     8.906 r  global_memory/bank3/mem_reg_0_0_i_84__2/O
                         net (fo=29, routed)          0.315     9.222    global_memory/bank3/mem_reg_0_0_i_84__2_n_0
    SLICE_X37Y23         LUT5 (Prop_lut5_I0_O)        0.124     9.346 r  global_memory/bank3/mem_reg_0_0_i_54__2/O
                         net (fo=75, routed)          0.797    10.142    global_memory/bank3_n_71
    SLICE_X41Y21         LUT5 (Prop_lut5_I3_O)        0.124    10.266 f  global_memory/mem_reg_0_0_i_141__2/O
                         net (fo=1, routed)           0.420    10.686    global_memory/mem_reg_0_0_i_141__2_n_0
    SLICE_X42Y21         LUT4 (Prop_lut4_I3_O)        0.124    10.810 r  global_memory/mem_reg_0_0_i_117__2/O
                         net (fo=1, routed)           0.000    10.810    global_memory/mem_reg_0_0_i_117__2_n_0
    SLICE_X42Y21         CARRY4 (Prop_carry4_S[1]_CO[3])
                                                      0.533    11.343 r  global_memory/mem_reg_0_0_i_103/CO[3]
                         net (fo=1, routed)           0.000    11.343    global_memory/mem_reg_0_0_i_103_n_0
    SLICE_X42Y22         CARRY4 (Prop_carry4_CI_CO[0])
                                                      0.254    11.597 f  global_memory/mem_reg_0_0_i_83__0/CO[0]
                         net (fo=15, routed)          1.069    12.666    global_memory/bank3/pipe_addr_reg[46][0]
    SLICE_X48Y17         LUT5 (Prop_lut5_I1_O)        0.367    13.033 r  global_memory/bank3/mem_reg_0_0_i_53__2/O
                         net (fo=31, routed)          0.559    13.592    global_memory/bank3_n_219
    SLICE_X49Y14         LUT5 (Prop_lut5_I3_O)        0.124    13.716 r  global_memory/mem_reg_0_0_i_136__2/O
                         net (fo=1, routed)           0.451    14.167    global_memory/mem_reg_0_0_i_136__2_n_0
    SLICE_X49Y15         LUT6 (Prop_lut6_I0_O)        0.124    14.291 r  global_memory/mem_reg_0_0_i_114__2/O
                         net (fo=1, routed)           0.000    14.291    global_memory/mem_reg_0_0_i_114__2_n_0
    SLICE_X49Y15         CARRY4 (Prop_carry4_S[0]_CO[3])
                                                      0.532    14.823 r  global_memory/mem_reg_0_0_i_101/CO[3]
                         net (fo=1, routed)           0.000    14.823    global_memory/mem_reg_0_0_i_101_n_0
    SLICE_X49Y16         CARRY4 (Prop_carry4_CI_CO[0])
                                                      0.271    15.094 r  global_memory/mem_reg_0_0_i_80/CO[0]
                         net (fo=2, routed)           0.308    15.402    global_memory/bank3/pipe_addr_reg[62]_0[0]
    SLICE_X49Y14         LUT6 (Prop_lut6_I2_O)        0.373    15.775 f  global_memory/bank3/mem_reg_0_0_i_52__2/O
                         net (fo=22, routed)          0.509    16.284    global_memory/bank3/mem_reg_0_1_1
    SLICE_X53Y13         LUT6 (Prop_lut6_I5_O)        0.124    16.408 r  global_memory/bank3/mem_reg_1_0_i_28__1/O
                         net (fo=1, routed)           0.154    16.562    global_memory/bank3/b3_wem_b[1]
    SLICE_X53Y13         LUT6 (Prop_lut6_I0_O)        0.124    16.686 r  global_memory/bank3/mem_reg_1_0_i_10__2/O
                         net (fo=2, routed)           1.061    17.747    global_memory/bank3/p_3_in[8]
    RAMB36_X2Y0          RAMB36E1                                     r  global_memory/bank3/mem_reg_1_1/WEBWE[0]
  -------------------------------------------------------------------    -------------------

                         (clock sys_clk_pin rise edge)
                                                     13.333    13.333 r  
    W5                                                0.000    13.333 r  CLK100MHZ (IN)
                         net (fo=0)                   0.000    13.333    CLK100MHZ
    W5                   IBUF (Prop_ibuf_I_O)         1.388    14.721 r  CLK100MHZ_IBUF_inst/O
                         net (fo=1, routed)           1.862    16.583    CLK100MHZ_IBUF
    BUFGCTRL_X0Y0        BUFG (Prop_bufg_I_O)         0.091    16.674 r  CLK100MHZ_IBUF_BUFG_inst/O
                         net (fo=16301, routed)       1.497    18.171    global_memory/bank3/CLK100MHZ_IBUF_BUFG
    RAMB36_X2Y0          RAMB36E1                                     r  global_memory/bank3/mem_reg_1_1/CLKBWRCLK
                         clock pessimism              0.188    18.359    
                         clock uncertainty           -0.035    18.323    
    RAMB36_X2Y0          RAMB36E1 (Setup_ramb36e1_CLKBWRCLK_WEBWE[0])
                                                     -0.532    17.791    global_memory/bank3/mem_reg_1_1
  -------------------------------------------------------------------
                         required time                         17.791    
                         arrival time                         -17.747    
  -------------------------------------------------------------------
                         slack                                  0.045    

Slack (MET) :             0.065ns  (required time - arrival time)
  Source:                 global_memory/pipe_addr_reg[0]/C
                            (rising edge-triggered cell FDRE clocked by sys_clk_pin  {rise@0.000ns fall@6.667ns period=13.333ns})
  Destination:            global_memory/bank3/mem_reg_1_0/WEBWE[0]
                            (rising edge-triggered cell RAMB36E1 clocked by sys_clk_pin  {rise@0.000ns fall@6.667ns period=13.333ns})
  Path Group:             sys_clk_pin
  Path Type:              Setup (Max at Slow Process Corner)
  Requirement:            13.333ns  (sys_clk_pin rise@13.333ns - sys_clk_pin rise@0.000ns)
  Data Path Delay:        12.646ns  (logic 5.098ns (40.312%)  route 7.548ns (59.688%))
  Logic Levels:           18  (CARRY4=6 LUT4=1 LUT5=5 LUT6=6)
  Clock Path Skew:        -0.055ns (DCD - SCD + CPR)
    Destination Clock Delay (DCD):    4.825ns = ( 18.158 - 13.333 ) 
    Source Clock Delay      (SCD):    5.067ns
    Clock Pessimism Removal (CPR):    0.188ns
  Clock Uncertainty:      0.035ns  ((TSJ^2 + TIJ^2)^1/2 + DJ) / 2 + PE
    Total System Jitter     (TSJ):    0.071ns
    Total Input Jitter      (TIJ):    0.000ns
    Discrete Jitter          (DJ):    0.000ns
    Phase Error              (PE):    0.000ns

    Location             Delay type                Incr(ns)  Path(ns)    Netlist Resource(s)
  -------------------------------------------------------------------    -------------------
                         (clock sys_clk_pin rise edge)
                                                      0.000     0.000 r  
    W5                                                0.000     0.000 r  CLK100MHZ (IN)
                         net (fo=0)                   0.000     0.000    CLK100MHZ
    W5                   IBUF (Prop_ibuf_I_O)         1.458     1.458 r  CLK100MHZ_IBUF_inst/O
                         net (fo=1, routed)           1.967     3.425    CLK100MHZ_IBUF
    BUFGCTRL_X0Y0        BUFG (Prop_bufg_I_O)         0.096     3.521 r  CLK100MHZ_IBUF_BUFG_inst/O
                         net (fo=16301, routed)       1.546     5.067    global_memory/CLK100MHZ_IBUF_BUFG
    SLICE_X34Y26         FDRE                                         r  global_memory/pipe_addr_reg[0]/C
  -------------------------------------------------------------------    -------------------
    SLICE_X34Y26         FDRE (Prop_fdre_C_Q)         0.518     5.585 r  global_memory/pipe_addr_reg[0]/Q
                         net (fo=54, routed)          0.953     6.539    global_memory/pipe_addr_reg_n_0_[0]
    SLICE_X34Y24         LUT5 (Prop_lut5_I3_O)        0.124     6.663 f  global_memory/mem_reg_0_0_i_166/O
                         net (fo=1, routed)           0.470     7.132    global_memory/mem_reg_0_0_i_166_n_0
    SLICE_X34Y25         LUT6 (Prop_lut6_I2_O)        0.124     7.256 r  global_memory/mem_reg_0_0_i_146__0/O
                         net (fo=1, routed)           0.000     7.256    global_memory/mem_reg_0_0_i_146__0_n_0
    SLICE_X34Y25         CARRY4 (Prop_carry4_S[0]_CO[3])
                                                      0.513     7.769 r  global_memory/mem_reg_0_0_i_119__0/CO[3]
                         net (fo=1, routed)           0.000     7.769    global_memory/mem_reg_0_0_i_119__0_n_0
    SLICE_X34Y26         CARRY4 (Prop_carry4_CI_CO[0])
                                                      0.254     8.023 r  global_memory/mem_reg_0_0_i_105__0/CO[0]
                         net (fo=2, routed)           0.516     8.539    global_memory/bank3/pipe_addr_reg[30][0]
    SLICE_X36Y24         LUT6 (Prop_lut6_I4_O)        0.367     8.906 r  global_memory/bank3/mem_reg_0_0_i_84__2/O
                         net (fo=29, routed)          0.315     9.222    global_memory/bank3/mem_reg_0_0_i_84__2_n_0
    SLICE_X37Y23         LUT5 (Prop_lut5_I0_O)        0.124     9.346 r  global_memory/bank3/mem_reg_0_0_i_54__2/O
                         net (fo=75, routed)          0.797    10.142    global_memory/bank3_n_71
    SLICE_X41Y21         LUT5 (Prop_lut5_I3_O)        0.124    10.266 f  global_memory/mem_reg_0_0_i_141__2/O
                         net (fo=1, routed)           0.420    10.686    global_memory/mem_reg_0_0_i_141__2_n_0
    SLICE_X42Y21         LUT4 (Prop_lut4_I3_O)        0.124    10.810 r  global_memory/mem_reg_0_0_i_117__2/O
                         net (fo=1, routed)           0.000    10.810    global_memory/mem_reg_0_0_i_117__2_n_0
    SLICE_X42Y21         CARRY4 (Prop_carry4_S[1]_CO[3])
                                                      0.533    11.343 r  global_memory/mem_reg_0_0_i_103/CO[3]
                         net (fo=1, routed)           0.000    11.343    global_memory/mem_reg_0_0_i_103_n_0
    SLICE_X42Y22         CARRY4 (Prop_carry4_CI_CO[0])
                                                      0.254    11.597 f  global_memory/mem_reg_0_0_i_83__0/CO[0]
                         net (fo=15, routed)          1.069    12.666    global_memory/bank3/pipe_addr_reg[46][0]
    SLICE_X48Y17         LUT5 (Prop_lut5_I1_O)        0.367    13.033 r  global_memory/bank3/mem_reg_0_0_i_53__2/O
                         net (fo=31, routed)          0.559    13.592    global_memory/bank3_n_219
    SLICE_X49Y14         LUT5 (Prop_lut5_I3_O)        0.124    13.716 r  global_memory/mem_reg_0_0_i_136__2/O
                         net (fo=1, routed)           0.451    14.167    global_memory/mem_reg_0_0_i_136__2_n_0
    SLICE_X49Y15         LUT6 (Prop_lut6_I0_O)        0.124    14.291 r  global_memory/mem_reg_0_0_i_114__2/O
                         net (fo=1, routed)           0.000    14.291    global_memory/mem_reg_0_0_i_114__2_n_0
    SLICE_X49Y15         CARRY4 (Prop_carry4_S[0]_CO[3])
                                                      0.532    14.823 r  global_memory/mem_reg_0_0_i_101/CO[3]
                         net (fo=1, routed)           0.000    14.823    global_memory/mem_reg_0_0_i_101_n_0
    SLICE_X49Y16         CARRY4 (Prop_carry4_CI_CO[0])
                                                      0.271    15.094 r  global_memory/mem_reg_0_0_i_80/CO[0]
                         net (fo=2, routed)           0.308    15.402    global_memory/bank3/pipe_addr_reg[62]_0[0]
    SLICE_X49Y14         LUT6 (Prop_lut6_I2_O)        0.373    15.775 f  global_memory/bank3/mem_reg_0_0_i_52__2/O
                         net (fo=22, routed)          0.509    16.284    global_memory/bank3/mem_reg_0_1_1
    SLICE_X53Y13         LUT6 (Prop_lut6_I5_O)        0.124    16.408 r  global_memory/bank3/mem_reg_1_0_i_28__1/O
                         net (fo=1, routed)           0.154    16.562    global_memory/bank3/b3_wem_b[1]
    SLICE_X53Y13         LUT6 (Prop_lut6_I0_O)        0.124    16.686 r  global_memory/bank3/mem_reg_1_0_i_10__2/O
                         net (fo=2, routed)           1.028    17.714    global_memory/bank3/p_3_in[8]
    RAMB36_X2Y4          RAMB36E1                                     r  global_memory/bank3/mem_reg_1_0/WEBWE[0]
  -------------------------------------------------------------------    -------------------

                         (clock sys_clk_pin rise edge)
                                                     13.333    13.333 r  
    W5                                                0.000    13.333 r  CLK100MHZ (IN)
                         net (fo=0)                   0.000    13.333    CLK100MHZ
    W5                   IBUF (Prop_ibuf_I_O)         1.388    14.721 r  CLK100MHZ_IBUF_inst/O
                         net (fo=1, routed)           1.862    16.583    CLK100MHZ_IBUF
    BUFGCTRL_X0Y0        BUFG (Prop_bufg_I_O)         0.091    16.674 r  CLK100MHZ_IBUF_BUFG_inst/O
                         net (fo=16301, routed)       1.484    18.158    global_memory/bank3/CLK100MHZ_IBUF_BUFG
    RAMB36_X2Y4          RAMB36E1                                     r  global_memory/bank3/mem_reg_1_0/CLKBWRCLK
                         clock pessimism              0.188    18.346    
                         clock uncertainty           -0.035    18.310    
    RAMB36_X2Y4          RAMB36E1 (Setup_ramb36e1_CLKBWRCLK_WEBWE[0])
                                                     -0.532    17.778    global_memory/bank3/mem_reg_1_0
  -------------------------------------------------------------------
                         required time                         17.778    
                         arrival time                         -17.714    
  -------------------------------------------------------------------
                         slack                                  0.065    

Slack (MET) :             0.124ns  (required time - arrival time)
  Source:                 global_memory/pipe_addr_reg[0]/C
                            (rising edge-triggered cell FDRE clocked by sys_clk_pin  {rise@0.000ns fall@6.667ns period=13.333ns})
  Destination:            global_memory/bank3/mem_reg_1_0/ADDRBWRADDR[2]
                            (rising edge-triggered cell RAMB36E1 clocked by sys_clk_pin  {rise@0.000ns fall@6.667ns period=13.333ns})
  Path Group:             sys_clk_pin
  Path Type:              Setup (Max at Slow Process Corner)
  Requirement:            13.333ns  (sys_clk_pin rise@13.333ns - sys_clk_pin rise@0.000ns)
  Data Path Delay:        12.553ns  (logic 4.974ns (39.625%)  route 7.579ns (60.375%))
  Logic Levels:           17  (CARRY4=6 LUT4=1 LUT5=5 LUT6=5)
  Clock Path Skew:        -0.055ns (DCD - SCD + CPR)
    Destination Clock Delay (DCD):    4.825ns = ( 18.158 - 13.333 ) 
    Source Clock Delay      (SCD):    5.067ns
    Clock Pessimism Removal (CPR):    0.188ns
  Clock Uncertainty:      0.035ns  ((TSJ^2 + TIJ^2)^1/2 + DJ) / 2 + PE
    Total System Jitter     (TSJ):    0.071ns
    Total Input Jitter      (TIJ):    0.000ns
    Discrete Jitter          (DJ):    0.000ns
    Phase Error              (PE):    0.000ns

    Location             Delay type                Incr(ns)  Path(ns)    Netlist Resource(s)
  -------------------------------------------------------------------    -------------------
                         (clock sys_clk_pin rise edge)
                                                      0.000     0.000 r  
    W5                                                0.000     0.000 r  CLK100MHZ (IN)
                         net (fo=0)                   0.000     0.000    CLK100MHZ
    W5                   IBUF (Prop_ibuf_I_O)         1.458     1.458 r  CLK100MHZ_IBUF_inst/O
                         net (fo=1, routed)           1.967     3.425    CLK100MHZ_IBUF
    BUFGCTRL_X0Y0        BUFG (Prop_bufg_I_O)         0.096     3.521 r  CLK100MHZ_IBUF_BUFG_inst/O
                         net (fo=16301, routed)       1.546     5.067    global_memory/CLK100MHZ_IBUF_BUFG
    SLICE_X34Y26         FDRE                                         r  global_memory/pipe_addr_reg[0]/C
  -------------------------------------------------------------------    -------------------
    SLICE_X34Y26         FDRE (Prop_fdre_C_Q)         0.518     5.585 r  global_memory/pipe_addr_reg[0]/Q
                         net (fo=54, routed)          0.953     6.539    global_memory/pipe_addr_reg_n_0_[0]
    SLICE_X34Y24         LUT5 (Prop_lut5_I3_O)        0.124     6.663 f  global_memory/mem_reg_0_0_i_166/O
                         net (fo=1, routed)           0.470     7.132    global_memory/mem_reg_0_0_i_166_n_0
    SLICE_X34Y25         LUT6 (Prop_lut6_I2_O)        0.124     7.256 r  global_memory/mem_reg_0_0_i_146__0/O
                         net (fo=1, routed)           0.000     7.256    global_memory/mem_reg_0_0_i_146__0_n_0
    SLICE_X34Y25         CARRY4 (Prop_carry4_S[0]_CO[3])
                                                      0.513     7.769 r  global_memory/mem_reg_0_0_i_119__0/CO[3]
                         net (fo=1, routed)           0.000     7.769    global_memory/mem_reg_0_0_i_119__0_n_0
    SLICE_X34Y26         CARRY4 (Prop_carry4_CI_CO[0])
                                                      0.254     8.023 r  global_memory/mem_reg_0_0_i_105__0/CO[0]
                         net (fo=2, routed)           0.516     8.539    global_memory/bank3/pipe_addr_reg[30][0]
    SLICE_X36Y24         LUT6 (Prop_lut6_I4_O)        0.367     8.906 r  global_memory/bank3/mem_reg_0_0_i_84__2/O
                         net (fo=29, routed)          0.315     9.222    global_memory/bank3/mem_reg_0_0_i_84__2_n_0
    SLICE_X37Y23         LUT5 (Prop_lut5_I0_O)        0.124     9.346 r  global_memory/bank3/mem_reg_0_0_i_54__2/O
                         net (fo=75, routed)          0.797    10.142    global_memory/bank3_n_71
    SLICE_X41Y21         LUT5 (Prop_lut5_I3_O)        0.124    10.266 f  global_memory/mem_reg_0_0_i_141__2/O
                         net (fo=1, routed)           0.420    10.686    global_memory/mem_reg_0_0_i_141__2_n_0
    SLICE_X42Y21         LUT4 (Prop_lut4_I3_O)        0.124    10.810 r  global_memory/mem_reg_0_0_i_117__2/O
                         net (fo=1, routed)           0.000    10.810    global_memory/mem_reg_0_0_i_117__2_n_0
    SLICE_X42Y21         CARRY4 (Prop_carry4_S[1]_CO[3])
                                                      0.533    11.343 r  global_memory/mem_reg_0_0_i_103/CO[3]
                         net (fo=1, routed)           0.000    11.343    global_memory/mem_reg_0_0_i_103_n_0
    SLICE_X42Y22         CARRY4 (Prop_carry4_CI_CO[0])
                                                      0.254    11.597 f  global_memory/mem_reg_0_0_i_83__0/CO[0]
                         net (fo=15, routed)          1.069    12.666    global_memory/bank3/pipe_addr_reg[46][0]
    SLICE_X48Y17         LUT5 (Prop_lut5_I1_O)        0.367    13.033 r  global_memory/bank3/mem_reg_0_0_i_53__2/O
                         net (fo=31, routed)          0.559    13.592    global_memory/bank3_n_219
    SLICE_X49Y14         LUT5 (Prop_lut5_I3_O)        0.124    13.716 r  global_memory/mem_reg_0_0_i_136__2/O
                         net (fo=1, routed)           0.451    14.167    global_memory/mem_reg_0_0_i_136__2_n_0
    SLICE_X49Y15         LUT6 (Prop_lut6_I0_O)        0.124    14.291 r  global_memory/mem_reg_0_0_i_114__2/O
                         net (fo=1, routed)           0.000    14.291    global_memory/mem_reg_0_0_i_114__2_n_0
    SLICE_X49Y15         CARRY4 (Prop_carry4_S[0]_CO[3])
                                                      0.532    14.823 r  global_memory/mem_reg_0_0_i_101/CO[3]
                         net (fo=1, routed)           0.000    14.823    global_memory/mem_reg_0_0_i_101_n_0
    SLICE_X49Y16         CARRY4 (Prop_carry4_CI_CO[0])
                                                      0.271    15.094 f  global_memory/mem_reg_0_0_i_80/CO[0]
                         net (fo=2, routed)           0.308    15.402    global_memory/bank3/pipe_addr_reg[62]_0[0]
    SLICE_X49Y14         LUT6 (Prop_lut6_I2_O)        0.373    15.775 r  global_memory/bank3/mem_reg_0_0_i_52__2/O
                         net (fo=22, routed)          0.638    16.413    global_memory/bank3/mem_reg_0_1_1
    SLICE_X49Y11         LUT6 (Prop_lut6_I1_O)        0.124    16.537 r  global_memory/bank3/mem_reg_0_0_i_26__2/O
                         net (fo=8, routed)           1.083    17.620    global_memory/bank3/mem_reg_0_0_i_26__2_n_0
    RAMB36_X2Y4          RAMB36E1                                     r  global_memory/bank3/mem_reg_1_0/ADDRBWRADDR[2]
  -------------------------------------------------------------------    -------------------

                         (clock sys_clk_pin rise edge)
                                                     13.333    13.333 r  
    W5                                                0.000    13.333 r  CLK100MHZ (IN)
                         net (fo=0)                   0.000    13.333    CLK100MHZ
    W5                   IBUF (Prop_ibuf_I_O)         1.388    14.721 r  CLK100MHZ_IBUF_inst/O
                         net (fo=1, routed)           1.862    16.583    CLK100MHZ_IBUF
    BUFGCTRL_X0Y0        BUFG (Prop_bufg_I_O)         0.091    16.674 r  CLK100MHZ_IBUF_BUFG_inst/O
                         net (fo=16301, routed)       1.484    18.158    global_memory/bank3/CLK100MHZ_IBUF_BUFG
    RAMB36_X2Y4          RAMB36E1                                     r  global_memory/bank3/mem_reg_1_0/CLKBWRCLK
                         clock pessimism              0.188    18.346    
                         clock uncertainty           -0.035    18.310    
    RAMB36_X2Y4          RAMB36E1 (Setup_ramb36e1_CLKBWRCLK_ADDRBWRADDR[2])
                                                     -0.566    17.744    global_memory/bank3/mem_reg_1_0
  -------------------------------------------------------------------
                         required time                         17.744    
                         arrival time                         -17.620    
  -------------------------------------------------------------------
                         slack                                  0.124    

Slack (MET) :             0.138ns  (required time - arrival time)
  Source:                 global_memory/pipe_addr_reg[0]/C
                            (rising edge-triggered cell FDRE clocked by sys_clk_pin  {rise@0.000ns fall@6.667ns period=13.333ns})
  Destination:            global_memory/bank3/mem_reg_1_0/ADDRBWRADDR[5]
                            (rising edge-triggered cell RAMB36E1 clocked by sys_clk_pin  {rise@0.000ns fall@6.667ns period=13.333ns})
  Path Group:             sys_clk_pin
  Path Type:              Setup (Max at Slow Process Corner)
  Requirement:            13.333ns  (sys_clk_pin rise@13.333ns - sys_clk_pin rise@0.000ns)
  Data Path Delay:        12.539ns  (logic 4.974ns (39.669%)  route 7.565ns (60.331%))
  Logic Levels:           17  (CARRY4=6 LUT4=1 LUT5=5 LUT6=5)
  Clock Path Skew:        -0.055ns (DCD - SCD + CPR)
    Destination Clock Delay (DCD):    4.825ns = ( 18.158 - 13.333 ) 
    Source Clock Delay      (SCD):    5.067ns
    Clock Pessimism Removal (CPR):    0.188ns
  Clock Uncertainty:      0.035ns  ((TSJ^2 + TIJ^2)^1/2 + DJ) / 2 + PE
    Total System Jitter     (TSJ):    0.071ns
    Total Input Jitter      (TIJ):    0.000ns
    Discrete Jitter          (DJ):    0.000ns
    Phase Error              (PE):    0.000ns

    Location             Delay type                Incr(ns)  Path(ns)    Netlist Resource(s)
  -------------------------------------------------------------------    -------------------
                         (clock sys_clk_pin rise edge)
                                                      0.000     0.000 r  
    W5                                                0.000     0.000 r  CLK100MHZ (IN)
                         net (fo=0)                   0.000     0.000    CLK100MHZ
    W5                   IBUF (Prop_ibuf_I_O)         1.458     1.458 r  CLK100MHZ_IBUF_inst/O
                         net (fo=1, routed)           1.967     3.425    CLK100MHZ_IBUF
    BUFGCTRL_X0Y0        BUFG (Prop_bufg_I_O)         0.096     3.521 r  CLK100MHZ_IBUF_BUFG_inst/O
                         net (fo=16301, routed)       1.546     5.067    global_memory/CLK100MHZ_IBUF_BUFG
    SLICE_X34Y26         FDRE                                         r  global_memory/pipe_addr_reg[0]/C
  -------------------------------------------------------------------    -------------------
    SLICE_X34Y26         FDRE (Prop_fdre_C_Q)         0.518     5.585 r  global_memory/pipe_addr_reg[0]/Q
                         net (fo=54, routed)          0.953     6.539    global_memory/pipe_addr_reg_n_0_[0]
    SLICE_X34Y24         LUT5 (Prop_lut5_I3_O)        0.124     6.663 f  global_memory/mem_reg_0_0_i_166/O
                         net (fo=1, routed)           0.470     7.132    global_memory/mem_reg_0_0_i_166_n_0
    SLICE_X34Y25         LUT6 (Prop_lut6_I2_O)        0.124     7.256 r  global_memory/mem_reg_0_0_i_146__0/O
                         net (fo=1, routed)           0.000     7.256    global_memory/mem_reg_0_0_i_146__0_n_0
    SLICE_X34Y25         CARRY4 (Prop_carry4_S[0]_CO[3])
                                                      0.513     7.769 r  global_memory/mem_reg_0_0_i_119__0/CO[3]
                         net (fo=1, routed)           0.000     7.769    global_memory/mem_reg_0_0_i_119__0_n_0
    SLICE_X34Y26         CARRY4 (Prop_carry4_CI_CO[0])
                                                      0.254     8.023 r  global_memory/mem_reg_0_0_i_105__0/CO[0]
                         net (fo=2, routed)           0.516     8.539    global_memory/bank3/pipe_addr_reg[30][0]
    SLICE_X36Y24         LUT6 (Prop_lut6_I4_O)        0.367     8.906 r  global_memory/bank3/mem_reg_0_0_i_84__2/O
                         net (fo=29, routed)          0.315     9.222    global_memory/bank3/mem_reg_0_0_i_84__2_n_0
    SLICE_X37Y23         LUT5 (Prop_lut5_I0_O)        0.124     9.346 r  global_memory/bank3/mem_reg_0_0_i_54__2/O
                         net (fo=75, routed)          0.797    10.142    global_memory/bank3_n_71
    SLICE_X41Y21         LUT5 (Prop_lut5_I3_O)        0.124    10.266 f  global_memory/mem_reg_0_0_i_141__2/O
                         net (fo=1, routed)           0.420    10.686    global_memory/mem_reg_0_0_i_141__2_n_0
    SLICE_X42Y21         LUT4 (Prop_lut4_I3_O)        0.124    10.810 r  global_memory/mem_reg_0_0_i_117__2/O
                         net (fo=1, routed)           0.000    10.810    global_memory/mem_reg_0_0_i_117__2_n_0
    SLICE_X42Y21         CARRY4 (Prop_carry4_S[1]_CO[3])
                                                      0.533    11.343 r  global_memory/mem_reg_0_0_i_103/CO[3]
                         net (fo=1, routed)           0.000    11.343    global_memory/mem_reg_0_0_i_103_n_0
    SLICE_X42Y22         CARRY4 (Prop_carry4_CI_CO[0])
                                                      0.254    11.597 f  global_memory/mem_reg_0_0_i_83__0/CO[0]
                         net (fo=15, routed)          1.069    12.666    global_memory/bank3/pipe_addr_reg[46][0]
    SLICE_X48Y17         LUT5 (Prop_lut5_I1_O)        0.367    13.033 r  global_memory/bank3/mem_reg_0_0_i_53__2/O
                         net (fo=31, routed)          0.559    13.592    global_memory/bank3_n_219
    SLICE_X49Y14         LUT5 (Prop_lut5_I3_O)        0.124    13.716 r  global_memory/mem_reg_0_0_i_136__2/O
                         net (fo=1, routed)           0.451    14.167    global_memory/mem_reg_0_0_i_136__2_n_0
    SLICE_X49Y15         LUT6 (Prop_lut6_I0_O)        0.124    14.291 r  global_memory/mem_reg_0_0_i_114__2/O
                         net (fo=1, routed)           0.000    14.291    global_memory/mem_reg_0_0_i_114__2_n_0
    SLICE_X49Y15         CARRY4 (Prop_carry4_S[0]_CO[3])
                                                      0.532    14.823 r  global_memory/mem_reg_0_0_i_101/CO[3]
                         net (fo=1, routed)           0.000    14.823    global_memory/mem_reg_0_0_i_101_n_0
    SLICE_X49Y16         CARRY4 (Prop_carry4_CI_CO[0])
                                                      0.271    15.094 f  global_memory/mem_reg_0_0_i_80/CO[0]
                         net (fo=2, routed)           0.308    15.402    global_memory/bank3/pipe_addr_reg[62]_0[0]
    SLICE_X49Y14         LUT6 (Prop_lut6_I2_O)        0.373    15.775 r  global_memory/bank3/mem_reg_0_0_i_52__2/O
                         net (fo=22, routed)          0.630    16.405    global_memory/bank3/mem_reg_0_1_1
    SLICE_X49Y13         LUT6 (Prop_lut6_I5_O)        0.124    16.529 r  global_memory/bank3/mem_reg_0_0_i_23__2/O
                         net (fo=8, routed)           1.077    17.606    global_memory/bank3/mem_reg_0_0_i_23__2_n_0
    RAMB36_X2Y4          RAMB36E1                                     r  global_memory/bank3/mem_reg_1_0/ADDRBWRADDR[5]
  -------------------------------------------------------------------    -------------------

                         (clock sys_clk_pin rise edge)
                                                     13.333    13.333 r  
    W5                                                0.000    13.333 r  CLK100MHZ (IN)
                         net (fo=0)                   0.000    13.333    CLK100MHZ
    W5                   IBUF (Prop_ibuf_I_O)         1.388    14.721 r  CLK100MHZ_IBUF_inst/O
                         net (fo=1, routed)           1.862    16.583    CLK100MHZ_IBUF
    BUFGCTRL_X0Y0        BUFG (Prop_bufg_I_O)         0.091    16.674 r  CLK100MHZ_IBUF_BUFG_inst/O
                         net (fo=16301, routed)       1.484    18.158    global_memory/bank3/CLK100MHZ_IBUF_BUFG
    RAMB36_X2Y4          RAMB36E1                                     r  global_memory/bank3/mem_reg_1_0/CLKBWRCLK
                         clock pessimism              0.188    18.346    
                         clock uncertainty           -0.035    18.310    
    RAMB36_X2Y4          RAMB36E1 (Setup_ramb36e1_CLKBWRCLK_ADDRBWRADDR[5])
                                                     -0.566    17.744    global_memory/bank3/mem_reg_1_0
  -------------------------------------------------------------------
                         required time                         17.744    
                         arrival time                         -17.606    
  -------------------------------------------------------------------
                         slack                                  0.138    

Slack (MET) :             0.139ns  (required time - arrival time)
  Source:                 global_memory/pipe_addr_reg[0]/C
                            (rising edge-triggered cell FDRE clocked by sys_clk_pin  {rise@0.000ns fall@6.667ns period=13.333ns})
  Destination:            global_memory/bank3/mem_reg_1_1/ADDRBWRADDR[5]
                            (rising edge-triggered cell RAMB36E1 clocked by sys_clk_pin  {rise@0.000ns fall@6.667ns period=13.333ns})
  Path Group:             sys_clk_pin
  Path Type:              Setup (Max at Slow Process Corner)
  Requirement:            13.333ns  (sys_clk_pin rise@13.333ns - sys_clk_pin rise@0.000ns)
  Data Path Delay:        12.551ns  (logic 4.974ns (39.629%)  route 7.577ns (60.371%))
  Logic Levels:           17  (CARRY4=6 LUT4=1 LUT5=5 LUT6=5)
  Clock Path Skew:        -0.042ns (DCD - SCD + CPR)
    Destination Clock Delay (DCD):    4.838ns = ( 18.171 - 13.333 ) 
    Source Clock Delay      (SCD):    5.067ns
    Clock Pessimism Removal (CPR):    0.188ns
  Clock Uncertainty:      0.035ns  ((TSJ^2 + TIJ^2)^1/2 + DJ) / 2 + PE
    Total System Jitter     (TSJ):    0.071ns
    Total Input Jitter      (TIJ):    0.000ns
    Discrete Jitter          (DJ):    0.000ns
    Phase Error              (PE):    0.000ns

    Location             Delay type                Incr(ns)  Path(ns)    Netlist Resource(s)
  -------------------------------------------------------------------    -------------------
                         (clock sys_clk_pin rise edge)
                                                      0.000     0.000 r  
    W5                                                0.000     0.000 r  CLK100MHZ (IN)
                         net (fo=0)                   0.000     0.000    CLK100MHZ
    W5                   IBUF (Prop_ibuf_I_O)         1.458     1.458 r  CLK100MHZ_IBUF_inst/O
                         net (fo=1, routed)           1.967     3.425    CLK100MHZ_IBUF
    BUFGCTRL_X0Y0        BUFG (Prop_bufg_I_O)         0.096     3.521 r  CLK100MHZ_IBUF_BUFG_inst/O
                         net (fo=16301, routed)       1.546     5.067    global_memory/CLK100MHZ_IBUF_BUFG
    SLICE_X34Y26         FDRE                                         r  global_memory/pipe_addr_reg[0]/C
  -------------------------------------------------------------------    -------------------
    SLICE_X34Y26         FDRE (Prop_fdre_C_Q)         0.518     5.585 r  global_memory/pipe_addr_reg[0]/Q
                         net (fo=54, routed)          0.953     6.539    global_memory/pipe_addr_reg_n_0_[0]
    SLICE_X34Y24         LUT5 (Prop_lut5_I3_O)        0.124     6.663 f  global_memory/mem_reg_0_0_i_166/O
                         net (fo=1, routed)           0.470     7.132    global_memory/mem_reg_0_0_i_166_n_0
    SLICE_X34Y25         LUT6 (Prop_lut6_I2_O)        0.124     7.256 r  global_memory/mem_reg_0_0_i_146__0/O
                         net (fo=1, routed)           0.000     7.256    global_memory/mem_reg_0_0_i_146__0_n_0
    SLICE_X34Y25         CARRY4 (Prop_carry4_S[0]_CO[3])
                                                      0.513     7.769 r  global_memory/mem_reg_0_0_i_119__0/CO[3]
                         net (fo=1, routed)           0.000     7.769    global_memory/mem_reg_0_0_i_119__0_n_0
    SLICE_X34Y26         CARRY4 (Prop_carry4_CI_CO[0])
                                                      0.254     8.023 r  global_memory/mem_reg_0_0_i_105__0/CO[0]
                         net (fo=2, routed)           0.516     8.539    global_memory/bank3/pipe_addr_reg[30][0]
    SLICE_X36Y24         LUT6 (Prop_lut6_I4_O)        0.367     8.906 r  global_memory/bank3/mem_reg_0_0_i_84__2/O
                         net (fo=29, routed)          0.315     9.222    global_memory/bank3/mem_reg_0_0_i_84__2_n_0
    SLICE_X37Y23         LUT5 (Prop_lut5_I0_O)        0.124     9.346 r  global_memory/bank3/mem_reg_0_0_i_54__2/O
                         net (fo=75, routed)          0.797    10.142    global_memory/bank3_n_71
    SLICE_X41Y21         LUT5 (Prop_lut5_I3_O)        0.124    10.266 f  global_memory/mem_reg_0_0_i_141__2/O
                         net (fo=1, routed)           0.420    10.686    global_memory/mem_reg_0_0_i_141__2_n_0
    SLICE_X42Y21         LUT4 (Prop_lut4_I3_O)        0.124    10.810 r  global_memory/mem_reg_0_0_i_117__2/O
                         net (fo=1, routed)           0.000    10.810    global_memory/mem_reg_0_0_i_117__2_n_0
    SLICE_X42Y21         CARRY4 (Prop_carry4_S[1]_CO[3])
                                                      0.533    11.343 r  global_memory/mem_reg_0_0_i_103/CO[3]
                         net (fo=1, routed)           0.000    11.343    global_memory/mem_reg_0_0_i_103_n_0
    SLICE_X42Y22         CARRY4 (Prop_carry4_CI_CO[0])
                                                      0.254    11.597 f  global_memory/mem_reg_0_0_i_83__0/CO[0]
                         net (fo=15, routed)          1.069    12.666    global_memory/bank3/pipe_addr_reg[46][0]
    SLICE_X48Y17         LUT5 (Prop_lut5_I1_O)        0.367    13.033 r  global_memory/bank3/mem_reg_0_0_i_53__2/O
                         net (fo=31, routed)          0.559    13.592    global_memory/bank3_n_219
    SLICE_X49Y14         LUT5 (Prop_lut5_I3_O)        0.124    13.716 r  global_memory/mem_reg_0_0_i_136__2/O
                         net (fo=1, routed)           0.451    14.167    global_memory/mem_reg_0_0_i_136__2_n_0
    SLICE_X49Y15         LUT6 (Prop_lut6_I0_O)        0.124    14.291 r  global_memory/mem_reg_0_0_i_114__2/O
                         net (fo=1, routed)           0.000    14.291    global_memory/mem_reg_0_0_i_114__2_n_0
    SLICE_X49Y15         CARRY4 (Prop_carry4_S[0]_CO[3])
                                                      0.532    14.823 r  global_memory/mem_reg_0_0_i_101/CO[3]
                         net (fo=1, routed)           0.000    14.823    global_memory/mem_reg_0_0_i_101_n_0
    SLICE_X49Y16         CARRY4 (Prop_carry4_CI_CO[0])
                                                      0.271    15.094 f  global_memory/mem_reg_0_0_i_80/CO[0]
                         net (fo=2, routed)           0.308    15.402    global_memory/bank3/pipe_addr_reg[62]_0[0]
    SLICE_X49Y14         LUT6 (Prop_lut6_I2_O)        0.373    15.775 r  global_memory/bank3/mem_reg_0_0_i_52__2/O
                         net (fo=22, routed)          0.630    16.405    global_memory/bank3/mem_reg_0_1_1
    SLICE_X49Y13         LUT6 (Prop_lut6_I5_O)        0.124    16.529 r  global_memory/bank3/mem_reg_0_0_i_23__2/O
                         net (fo=8, routed)           1.090    17.619    global_memory/bank3/mem_reg_0_0_i_23__2_n_0
    RAMB36_X2Y0          RAMB36E1                                     r  global_memory/bank3/mem_reg_1_1/ADDRBWRADDR[5]
  -------------------------------------------------------------------    -------------------

                         (clock sys_clk_pin rise edge)
                                                     13.333    13.333 r  
    W5                                                0.000    13.333 r  CLK100MHZ (IN)
                         net (fo=0)                   0.000    13.333    CLK100MHZ
    W5                   IBUF (Prop_ibuf_I_O)         1.388    14.721 r  CLK100MHZ_IBUF_inst/O
                         net (fo=1, routed)           1.862    16.583    CLK100MHZ_IBUF
    BUFGCTRL_X0Y0        BUFG (Prop_bufg_I_O)         0.091    16.674 r  CLK100MHZ_IBUF_BUFG_inst/O
                         net (fo=16301, routed)       1.497    18.171    global_memory/bank3/CLK100MHZ_IBUF_BUFG
    RAMB36_X2Y0          RAMB36E1                                     r  global_memory/bank3/mem_reg_1_1/CLKBWRCLK
                         clock pessimism              0.188    18.359    
                         clock uncertainty           -0.035    18.323    
    RAMB36_X2Y0          RAMB36E1 (Setup_ramb36e1_CLKBWRCLK_ADDRBWRADDR[5])
                                                     -0.566    17.757    global_memory/bank3/mem_reg_1_1
  -------------------------------------------------------------------
                         required time                         17.757    
                         arrival time                         -17.619    
  -------------------------------------------------------------------
                         slack                                  0.139    

Slack (MET) :             0.152ns  (required time - arrival time)
  Source:                 global_memory/pipe_addr_reg[19]/C
                            (rising edge-triggered cell FDRE clocked by sys_clk_pin  {rise@0.000ns fall@6.667ns period=13.333ns})
  Destination:            global_memory/bank0/mem_reg_0_0/DIBDI[1]
                            (rising edge-triggered cell RAMB36E1 clocked by sys_clk_pin  {rise@0.000ns fall@6.667ns period=13.333ns})
  Path Group:             sys_clk_pin
  Path Type:              Setup (Max at Slow Process Corner)
  Requirement:            13.333ns  (sys_clk_pin rise@13.333ns - sys_clk_pin rise@0.000ns)
  Data Path Delay:        12.828ns  (logic 4.952ns (38.602%)  route 7.876ns (61.398%))
  Logic Levels:           17  (CARRY4=6 LUT4=2 LUT5=4 LUT6=5)
  Clock Path Skew:        -0.076ns (DCD - SCD + CPR)
    Destination Clock Delay (DCD):    4.816ns = ( 18.149 - 13.333 ) 
    Source Clock Delay      (SCD):    5.072ns
    Clock Pessimism Removal (CPR):    0.180ns
  Clock Uncertainty:      0.035ns  ((TSJ^2 + TIJ^2)^1/2 + DJ) / 2 + PE
    Total System Jitter     (TSJ):    0.071ns
    Total Input Jitter      (TIJ):    0.000ns
    Discrete Jitter          (DJ):    0.000ns
    Phase Error              (PE):    0.000ns

    Location             Delay type                Incr(ns)  Path(ns)    Netlist Resource(s)
  -------------------------------------------------------------------    -------------------
                         (clock sys_clk_pin rise edge)
                                                      0.000     0.000 r  
    W5                                                0.000     0.000 r  CLK100MHZ (IN)
                         net (fo=0)                   0.000     0.000    CLK100MHZ
    W5                   IBUF (Prop_ibuf_I_O)         1.458     1.458 r  CLK100MHZ_IBUF_inst/O
                         net (fo=1, routed)           1.967     3.425    CLK100MHZ_IBUF
    BUFGCTRL_X0Y0        BUFG (Prop_bufg_I_O)         0.096     3.521 r  CLK100MHZ_IBUF_BUFG_inst/O
                         net (fo=16301, routed)       1.551     5.072    global_memory/CLK100MHZ_IBUF_BUFG
    SLICE_X37Y28         FDRE                                         r  global_memory/pipe_addr_reg[19]/C
  -------------------------------------------------------------------    -------------------
    SLICE_X37Y28         FDRE (Prop_fdre_C_Q)         0.456     5.528 r  global_memory/pipe_addr_reg[19]/Q
                         net (fo=24, routed)          1.037     6.565    global_memory/bank_index21_in[1]
    SLICE_X35Y27         LUT5 (Prop_lut5_I0_O)        0.124     6.689 f  global_memory/mem_reg_0_0_i_139__0/O
                         net (fo=1, routed)           0.593     7.282    global_memory/mem_reg_0_0_i_139__0_n_0
    SLICE_X34Y28         LUT6 (Prop_lut6_I2_O)        0.124     7.406 r  global_memory/mem_reg_0_0_i_117__0/O
                         net (fo=1, routed)           0.000     7.406    global_memory/mem_reg_0_0_i_117__0_n_0
    SLICE_X34Y28         CARRY4 (Prop_carry4_S[0]_CO[3])
                                                      0.513     7.919 r  global_memory/mem_reg_0_0_i_102/CO[3]
                         net (fo=1, routed)           0.000     7.919    global_memory/mem_reg_0_0_i_102_n_0
    SLICE_X34Y29         CARRY4 (Prop_carry4_CI_CO[0])
                                                      0.254     8.173 r  global_memory/mem_reg_0_0_i_83/CO[0]
                         net (fo=11, routed)          0.342     8.515    global_memory/bank0/pipe_addr_reg[30][0]
    SLICE_X34Y31         LUT5 (Prop_lut5_I3_O)        0.367     8.882 r  global_memory/bank0/mem_reg_0_0_i_54__1/O
                         net (fo=101, routed)         0.392     9.274    global_memory/bank0_n_72
    SLICE_X32Y32         LUT5 (Prop_lut5_I3_O)        0.124     9.398 f  global_memory/mem_reg_0_0_i_135__0/O
                         net (fo=1, routed)           0.394     9.792    global_memory/mem_reg_0_0_i_135__0_n_0
    SLICE_X31Y32         LUT4 (Prop_lut4_I3_O)        0.124     9.916 r  global_memory/mem_reg_0_0_i_113__0/O
                         net (fo=1, routed)           0.000     9.916    global_memory/mem_reg_0_0_i_113__0_n_0
    SLICE_X31Y32         CARRY4 (Prop_carry4_S[0]_CO[3])
                                                      0.532    10.448 r  global_memory/mem_reg_0_0_i_100/CO[3]
                         net (fo=1, routed)           0.000    10.448    global_memory/mem_reg_0_0_i_100_n_0
    SLICE_X31Y33         CARRY4 (Prop_carry4_CI_CO[0])
                                                      0.271    10.719 f  global_memory/mem_reg_0_0_i_81/CO[0]
                         net (fo=12, routed)          0.542    11.261    global_memory/bank0/pipe_addr_reg[46][0]
    SLICE_X30Y33         LUT6 (Prop_lut6_I3_O)        0.373    11.634 r  global_memory/bank0/mem_reg_0_0_i_53/O
                         net (fo=27, routed)          0.660    12.294    global_memory/bank0_n_203
    SLICE_X29Y33         LUT4 (Prop_lut4_I1_O)        0.124    12.418 r  global_memory/mem_reg_0_0_i_127/O
                         net (fo=1, routed)           0.763    13.182    global_memory/mem_reg_0_0_i_127_n_0
    SLICE_X28Y38         LUT6 (Prop_lut6_I3_O)        0.124    13.306 r  global_memory/mem_reg_0_0_i_108/O
                         net (fo=1, routed)           0.000    13.306    global_memory/mem_reg_0_0_i_108_n_0
    SLICE_X28Y38         CARRY4 (Prop_carry4_S[1]_CO[3])
                                                      0.550    13.856 r  global_memory/mem_reg_0_0_i_98/CO[3]
                         net (fo=1, routed)           0.000    13.856    global_memory/mem_reg_0_0_i_98_n_0
    SLICE_X28Y39         CARRY4 (Prop_carry4_CI_CO[0])
                                                      0.271    14.127 f  global_memory/mem_reg_0_0_i_78/CO[0]
                         net (fo=1, routed)           0.305    14.432    global_memory/bank0/pipe_addr_reg[62]_0[0]
    SLICE_X28Y41         LUT5 (Prop_lut5_I3_O)        0.373    14.805 r  global_memory/bank0/mem_reg_0_0_i_51/O
                         net (fo=30, routed)          1.029    15.834    global_memory/bank0/mem_reg_0_0_4
    SLICE_X11Y44         LUT6 (Prop_lut6_I0_O)        0.124    15.958 r  global_memory/bank0/mem_reg_0_0_i_63/O
                         net (fo=8, routed)           0.612    16.570    global_memory/bank0/mem_reg_0_0_i_63_n_0
    SLICE_X9Y45          LUT6 (Prop_lut6_I1_O)        0.124    16.694 r  global_memory/bank0/mem_reg_0_0_i_33/O
                         net (fo=1, routed)           1.207    17.901    global_memory/bank0/b0_din_b[1]
    RAMB36_X0Y13         RAMB36E1                                     r  global_memory/bank0/mem_reg_0_0/DIBDI[1]
  -------------------------------------------------------------------    -------------------

                         (clock sys_clk_pin rise edge)
                                                     13.333    13.333 r  
    W5                                                0.000    13.333 r  CLK100MHZ (IN)
                         net (fo=0)                   0.000    13.333    CLK100MHZ
    W5                   IBUF (Prop_ibuf_I_O)         1.388    14.721 r  CLK100MHZ_IBUF_inst/O
                         net (fo=1, routed)           1.862    16.583    CLK100MHZ_IBUF
    BUFGCTRL_X0Y0        BUFG (Prop_bufg_I_O)         0.091    16.674 r  CLK100MHZ_IBUF_BUFG_inst/O
                         net (fo=16301, routed)       1.475    18.149    global_memory/bank0/CLK100MHZ_IBUF_BUFG
    RAMB36_X0Y13         RAMB36E1                                     r  global_memory/bank0/mem_reg_0_0/CLKBWRCLK
                         clock pessimism              0.180    18.329    
                         clock uncertainty           -0.035    18.294    
    RAMB36_X0Y13         RAMB36E1 (Setup_ramb36e1_CLKBWRCLK_DIBDI[1])
                                                     -0.241    18.053    global_memory/bank0/mem_reg_0_0
  -------------------------------------------------------------------
                         required time                         18.053    
                         arrival time                         -17.901    
  -------------------------------------------------------------------
                         slack                                  0.152    

Slack (MET) :             0.158ns  (required time - arrival time)
  Source:                 global_memory/pipe_addr_reg[0]/C
                            (rising edge-triggered cell FDRE clocked by sys_clk_pin  {rise@0.000ns fall@6.667ns period=13.333ns})
  Destination:            global_memory/bank3/mem_reg_1_1/ADDRBWRADDR[2]
                            (rising edge-triggered cell RAMB36E1 clocked by sys_clk_pin  {rise@0.000ns fall@6.667ns period=13.333ns})
  Path Group:             sys_clk_pin
  Path Type:              Setup (Max at Slow Process Corner)
  Requirement:            13.333ns  (sys_clk_pin rise@13.333ns - sys_clk_pin rise@0.000ns)
  Data Path Delay:        12.533ns  (logic 4.974ns (39.689%)  route 7.559ns (60.311%))
  Logic Levels:           17  (CARRY4=6 LUT4=1 LUT5=5 LUT6=5)
  Clock Path Skew:        -0.042ns (DCD - SCD + CPR)
    Destination Clock Delay (DCD):    4.838ns = ( 18.171 - 13.333 ) 
    Source Clock Delay      (SCD):    5.067ns
    Clock Pessimism Removal (CPR):    0.188ns
  Clock Uncertainty:      0.035ns  ((TSJ^2 + TIJ^2)^1/2 + DJ) / 2 + PE
    Total System Jitter     (TSJ):    0.071ns
    Total Input Jitter      (TIJ):    0.000ns
    Discrete Jitter          (DJ):    0.000ns
    Phase Error              (PE):    0.000ns

    Location             Delay type                Incr(ns)  Path(ns)    Netlist Resource(s)
  -------------------------------------------------------------------    -------------------
                         (clock sys_clk_pin rise edge)
                                                      0.000     0.000 r  
    W5                                                0.000     0.000 r  CLK100MHZ (IN)
                         net (fo=0)                   0.000     0.000    CLK100MHZ
    W5                   IBUF (Prop_ibuf_I_O)         1.458     1.458 r  CLK100MHZ_IBUF_inst/O
                         net (fo=1, routed)           1.967     3.425    CLK100MHZ_IBUF
    BUFGCTRL_X0Y0        BUFG (Prop_bufg_I_O)         0.096     3.521 r  CLK100MHZ_IBUF_BUFG_inst/O
                         net (fo=16301, routed)       1.546     5.067    global_memory/CLK100MHZ_IBUF_BUFG
    SLICE_X34Y26         FDRE                                         r  global_memory/pipe_addr_reg[0]/C
  -------------------------------------------------------------------    -------------------
    SLICE_X34Y26         FDRE (Prop_fdre_C_Q)         0.518     5.585 r  global_memory/pipe_addr_reg[0]/Q
                         net (fo=54, routed)          0.953     6.539    global_memory/pipe_addr_reg_n_0_[0]
    SLICE_X34Y24         LUT5 (Prop_lut5_I3_O)        0.124     6.663 f  global_memory/mem_reg_0_0_i_166/O
                         net (fo=1, routed)           0.470     7.132    global_memory/mem_reg_0_0_i_166_n_0
    SLICE_X34Y25         LUT6 (Prop_lut6_I2_O)        0.124     7.256 r  global_memory/mem_reg_0_0_i_146__0/O
                         net (fo=1, routed)           0.000     7.256    global_memory/mem_reg_0_0_i_146__0_n_0
    SLICE_X34Y25         CARRY4 (Prop_carry4_S[0]_CO[3])
                                                      0.513     7.769 r  global_memory/mem_reg_0_0_i_119__0/CO[3]
                         net (fo=1, routed)           0.000     7.769    global_memory/mem_reg_0_0_i_119__0_n_0
    SLICE_X34Y26         CARRY4 (Prop_carry4_CI_CO[0])
                                                      0.254     8.023 r  global_memory/mem_reg_0_0_i_105__0/CO[0]
                         net (fo=2, routed)           0.516     8.539    global_memory/bank3/pipe_addr_reg[30][0]
    SLICE_X36Y24         LUT6 (Prop_lut6_I4_O)        0.367     8.906 r  global_memory/bank3/mem_reg_0_0_i_84__2/O
                         net (fo=29, routed)          0.315     9.222    global_memory/bank3/mem_reg_0_0_i_84__2_n_0
    SLICE_X37Y23         LUT5 (Prop_lut5_I0_O)        0.124     9.346 r  global_memory/bank3/mem_reg_0_0_i_54__2/O
                         net (fo=75, routed)          0.797    10.142    global_memory/bank3_n_71
    SLICE_X41Y21         LUT5 (Prop_lut5_I3_O)        0.124    10.266 f  global_memory/mem_reg_0_0_i_141__2/O
                         net (fo=1, routed)           0.420    10.686    global_memory/mem_reg_0_0_i_141__2_n_0
    SLICE_X42Y21         LUT4 (Prop_lut4_I3_O)        0.124    10.810 r  global_memory/mem_reg_0_0_i_117__2/O
                         net (fo=1, routed)           0.000    10.810    global_memory/mem_reg_0_0_i_117__2_n_0
    SLICE_X42Y21         CARRY4 (Prop_carry4_S[1]_CO[3])
                                                      0.533    11.343 r  global_memory/mem_reg_0_0_i_103/CO[3]
                         net (fo=1, routed)           0.000    11.343    global_memory/mem_reg_0_0_i_103_n_0
    SLICE_X42Y22         CARRY4 (Prop_carry4_CI_CO[0])
                                                      0.254    11.597 f  global_memory/mem_reg_0_0_i_83__0/CO[0]
                         net (fo=15, routed)          1.069    12.666    global_memory/bank3/pipe_addr_reg[46][0]
    SLICE_X48Y17         LUT5 (Prop_lut5_I1_O)        0.367    13.033 r  global_memory/bank3/mem_reg_0_0_i_53__2/O
                         net (fo=31, routed)          0.559    13.592    global_memory/bank3_n_219
    SLICE_X49Y14         LUT5 (Prop_lut5_I3_O)        0.124    13.716 r  global_memory/mem_reg_0_0_i_136__2/O
                         net (fo=1, routed)           0.451    14.167    global_memory/mem_reg_0_0_i_136__2_n_0
    SLICE_X49Y15         LUT6 (Prop_lut6_I0_O)        0.124    14.291 r  global_memory/mem_reg_0_0_i_114__2/O
                         net (fo=1, routed)           0.000    14.291    global_memory/mem_reg_0_0_i_114__2_n_0
    SLICE_X49Y15         CARRY4 (Prop_carry4_S[0]_CO[3])
                                                      0.532    14.823 r  global_memory/mem_reg_0_0_i_101/CO[3]
                         net (fo=1, routed)           0.000    14.823    global_memory/mem_reg_0_0_i_101_n_0
    SLICE_X49Y16         CARRY4 (Prop_carry4_CI_CO[0])
                                                      0.271    15.094 f  global_memory/mem_reg_0_0_i_80/CO[0]
                         net (fo=2, routed)           0.308    15.402    global_memory/bank3/pipe_addr_reg[62]_0[0]
    SLICE_X49Y14         LUT6 (Prop_lut6_I2_O)        0.373    15.775 r  global_memory/bank3/mem_reg_0_0_i_52__2/O
                         net (fo=22, routed)          0.638    16.413    global_memory/bank3/mem_reg_0_1_1
    SLICE_X49Y11         LUT6 (Prop_lut6_I1_O)        0.124    16.537 r  global_memory/bank3/mem_reg_0_0_i_26__2/O
                         net (fo=8, routed)           1.063    17.600    global_memory/bank3/mem_reg_0_0_i_26__2_n_0
    RAMB36_X2Y0          RAMB36E1                                     r  global_memory/bank3/mem_reg_1_1/ADDRBWRADDR[2]
  -------------------------------------------------------------------    -------------------

                         (clock sys_clk_pin rise edge)
                                                     13.333    13.333 r  
    W5                                                0.000    13.333 r  CLK100MHZ (IN)
                         net (fo=0)                   0.000    13.333    CLK100MHZ
    W5                   IBUF (Prop_ibuf_I_O)         1.388    14.721 r  CLK100MHZ_IBUF_inst/O
                         net (fo=1, routed)           1.862    16.583    CLK100MHZ_IBUF
    BUFGCTRL_X0Y0        BUFG (Prop_bufg_I_O)         0.091    16.674 r  CLK100MHZ_IBUF_BUFG_inst/O
                         net (fo=16301, routed)       1.497    18.171    global_memory/bank3/CLK100MHZ_IBUF_BUFG
    RAMB36_X2Y0          RAMB36E1                                     r  global_memory/bank3/mem_reg_1_1/CLKBWRCLK
                         clock pessimism              0.188    18.359    
                         clock uncertainty           -0.035    18.323    
    RAMB36_X2Y0          RAMB36E1 (Setup_ramb36e1_CLKBWRCLK_ADDRBWRADDR[2])
                                                     -0.566    17.757    global_memory/bank3/mem_reg_1_1
  -------------------------------------------------------------------
                         required time                         17.757    
                         arrival time                         -17.600    
  -------------------------------------------------------------------
                         slack                                  0.158    

Slack (MET) :             0.173ns  (required time - arrival time)
  Source:                 global_memory/pipe_addr_reg[0]/C
                            (rising edge-triggered cell FDRE clocked by sys_clk_pin  {rise@0.000ns fall@6.667ns period=13.333ns})
  Destination:            global_memory/bank2/mem_reg_0_0/WEBWE[0]
                            (rising edge-triggered cell RAMB36E1 clocked by sys_clk_pin  {rise@0.000ns fall@6.667ns period=13.333ns})
  Path Group:             sys_clk_pin
  Path Type:              Setup (Max at Slow Process Corner)
  Requirement:            13.333ns  (sys_clk_pin rise@13.333ns - sys_clk_pin rise@0.000ns)
  Data Path Delay:        12.547ns  (logic 5.326ns (42.449%)  route 7.221ns (57.551%))
  Logic Levels:           18  (CARRY4=6 LUT4=2 LUT5=5 LUT6=5)
  Clock Path Skew:        -0.046ns (DCD - SCD + CPR)
    Destination Clock Delay (DCD):    4.834ns = ( 18.167 - 13.333 ) 
    Source Clock Delay      (SCD):    5.067ns
    Clock Pessimism Removal (CPR):    0.188ns
  Clock Uncertainty:      0.035ns  ((TSJ^2 + TIJ^2)^1/2 + DJ) / 2 + PE
    Total System Jitter     (TSJ):    0.071ns
    Total Input Jitter      (TIJ):    0.000ns
    Discrete Jitter          (DJ):    0.000ns
    Phase Error              (PE):    0.000ns

    Location             Delay type                Incr(ns)  Path(ns)    Netlist Resource(s)
  -------------------------------------------------------------------    -------------------
                         (clock sys_clk_pin rise edge)
                                                      0.000     0.000 r  
    W5                                                0.000     0.000 r  CLK100MHZ (IN)
                         net (fo=0)                   0.000     0.000    CLK100MHZ
    W5                   IBUF (Prop_ibuf_I_O)         1.458     1.458 r  CLK100MHZ_IBUF_inst/O
                         net (fo=1, routed)           1.967     3.425    CLK100MHZ_IBUF
    BUFGCTRL_X0Y0        BUFG (Prop_bufg_I_O)         0.096     3.521 r  CLK100MHZ_IBUF_BUFG_inst/O
                         net (fo=16301, routed)       1.546     5.067    global_memory/CLK100MHZ_IBUF_BUFG
    SLICE_X34Y26         FDRE                                         r  global_memory/pipe_addr_reg[0]/C
  -------------------------------------------------------------------    -------------------
    SLICE_X34Y26         FDRE (Prop_fdre_C_Q)         0.518     5.585 r  global_memory/pipe_addr_reg[0]/Q
                         net (fo=54, routed)          1.124     6.709    global_memory/pipe_addr_reg_n_0_[0]
    SLICE_X36Y27         LUT5 (Prop_lut5_I1_O)        0.152     6.861 f  global_memory/mem_reg_0_0_i_146__1/O
                         net (fo=1, routed)           0.578     7.439    global_memory/mem_reg_0_0_i_146__1_n_0
    SLICE_X36Y28         LUT6 (Prop_lut6_I2_O)        0.326     7.765 r  global_memory/mem_reg_0_0_i_130__1/O
                         net (fo=1, routed)           0.000     7.765    global_memory/mem_reg_0_0_i_130__1_n_0
    SLICE_X36Y28         CARRY4 (Prop_carry4_S[3]_CO[3])
                                                      0.401     8.166 r  global_memory/mem_reg_0_0_i_112/CO[3]
                         net (fo=1, routed)           0.000     8.166    global_memory/mem_reg_0_0_i_112_n_0
    SLICE_X36Y29         CARRY4 (Prop_carry4_CI_CO[0])
                                                      0.271     8.437 r  global_memory/mem_reg_0_0_i_90__0/CO[0]
                         net (fo=10, routed)          0.327     8.764    global_memory/bank2/pipe_addr_reg[30][0]
    SLICE_X37Y30         LUT5 (Prop_lut5_I3_O)        0.373     9.137 r  global_memory/bank2/mem_reg_0_0_i_59__0/O
                         net (fo=68, routed)          0.373     9.510    global_memory/bank2_n_130
    SLICE_X39Y30         LUT5 (Prop_lut5_I3_O)        0.124     9.634 f  global_memory/b2_lane_b_q[0]_i_13/O
                         net (fo=1, routed)           0.592    10.226    global_memory/b2_lane_b_q[0]_i_13_n_0
    SLICE_X40Y30         LUT4 (Prop_lut4_I3_O)        0.124    10.350 r  global_memory/b2_lane_b_q[0]_i_9/O
                         net (fo=1, routed)           0.000    10.350    global_memory/b2_lane_b_q[0]_i_9_n_0
    SLICE_X40Y30         CARRY4 (Prop_carry4_S[0]_CO[3])
                                                      0.532    10.882 r  global_memory/b2_lane_b_q_reg[0]_i_4/CO[3]
                         net (fo=1, routed)           0.000    10.882    global_memory/b2_lane_b_q_reg[0]_i_4_n_0
    SLICE_X40Y31         CARRY4 (Prop_carry4_CI_CO[0])
                                                      0.271    11.153 r  global_memory/b2_lane_b_q_reg[0]_i_3/CO[0]
                         net (fo=10, routed)          0.461    11.614    global_memory/bank2/CO[0]
    SLICE_X42Y32         LUT4 (Prop_lut4_I2_O)        0.365    11.979 r  global_memory/bank2/mem_reg_0_0_i_104__1/O
                         net (fo=25, routed)          0.580    12.559    global_memory/bank2_n_141
    SLICE_X43Y32         LUT5 (Prop_lut5_I2_O)        0.328    12.887 r  global_memory/mem_reg_0_0_i_141__1/O
                         net (fo=1, routed)           0.407    13.294    global_memory/mem_reg_0_0_i_141__1_n_0
    SLICE_X43Y32         LUT6 (Prop_lut6_I4_O)        0.124    13.418 r  global_memory/mem_reg_0_0_i_117__1/O
                         net (fo=1, routed)           0.563    13.980    global_memory/mem_reg_0_0_i_117__1_n_0
    SLICE_X44Y32         LUT6 (Prop_lut6_I0_O)        0.124    14.104 r  global_memory/mem_reg_0_0_i_107__2/O
                         net (fo=1, routed)           0.000    14.104    global_memory/mem_reg_0_0_i_107__2_n_0
    SLICE_X44Y32         CARRY4 (Prop_carry4_S[3]_CO[3])
                                                      0.401    14.505 r  global_memory/mem_reg_0_0_i_86/CO[3]
                         net (fo=1, routed)           0.000    14.505    global_memory/mem_reg_0_0_i_86_n_0
    SLICE_X44Y33         CARRY4 (Prop_carry4_CI_CO[0])
                                                      0.271    14.776 r  global_memory/mem_reg_0_0_i_54/CO[0]
                         net (fo=6, routed)           0.344    15.120    global_memory/bank2/pipe_addr_reg[62]_0[0]
    SLICE_X44Y34         LUT6 (Prop_lut6_I2_O)        0.373    15.493 f  global_memory/bank2/mem_reg_0_0_i_57__1/O
                         net (fo=21, routed)          0.905    16.399    global_memory/bank2/mem_reg_2_0_0
    SLICE_X51Y44         LUT5 (Prop_lut5_I4_O)        0.124    16.523 r  global_memory/bank2/mem_reg_0_0_i_83__1/O
                         net (fo=1, routed)           0.312    16.835    global_memory/bank2/mem_reg_0_0_i_83__1_n_0
    SLICE_X48Y44         LUT6 (Prop_lut6_I3_O)        0.124    16.959 r  global_memory/bank2/mem_reg_0_0_i_36__1/O
                         net (fo=2, routed)           0.655    17.614    global_memory/bank2/p_3_in[0]
    RAMB36_X1Y8          RAMB36E1                                     r  global_memory/bank2/mem_reg_0_0/WEBWE[0]
  -------------------------------------------------------------------    -------------------

                         (clock sys_clk_pin rise edge)
                                                     13.333    13.333 r  
    W5                                                0.000    13.333 r  CLK100MHZ (IN)
                         net (fo=0)                   0.000    13.333    CLK100MHZ
    W5                   IBUF (Prop_ibuf_I_O)         1.388    14.721 r  CLK100MHZ_IBUF_inst/O
                         net (fo=1, routed)           1.862    16.583    CLK100MHZ_IBUF
    BUFGCTRL_X0Y0        BUFG (Prop_bufg_I_O)         0.091    16.674 r  CLK100MHZ_IBUF_BUFG_inst/O
                         net (fo=16301, routed)       1.493    18.167    global_memory/bank2/CLK100MHZ_IBUF_BUFG
    RAMB36_X1Y8          RAMB36E1                                     r  global_memory/bank2/mem_reg_0_0/CLKBWRCLK
                         clock pessimism              0.188    18.355    
                         clock uncertainty           -0.035    18.319    
    RAMB36_X1Y8          RAMB36E1 (Setup_ramb36e1_CLKBWRCLK_WEBWE[0])
                                                     -0.532    17.787    global_memory/bank2/mem_reg_0_0
  -------------------------------------------------------------------
                         required time                         17.787    
                         arrival time                         -17.614    
  -------------------------------------------------------------------
                         slack                                  0.173    

Slack (MET) :             0.175ns  (required time - arrival time)
  Source:                 global_memory/pipe_valid_reg[0]/C
                            (rising edge-triggered cell FDRE clocked by sys_clk_pin  {rise@0.000ns fall@6.667ns period=13.333ns})
  Destination:            global_memory/bank1/mem_reg_3_1/ADDRBWRADDR[8]
                            (rising edge-triggered cell RAMB36E1 clocked by sys_clk_pin  {rise@0.000ns fall@6.667ns period=13.333ns})
  Path Group:             sys_clk_pin
  Path Type:              Setup (Max at Slow Process Corner)
  Requirement:            13.333ns  (sys_clk_pin rise@13.333ns - sys_clk_pin rise@0.000ns)
  Data Path Delay:        12.505ns  (logic 4.607ns (36.841%)  route 7.898ns (63.159%))
  Logic Levels:           16  (CARRY4=6 LUT3=2 LUT4=3 LUT5=3 LUT6=2)
  Clock Path Skew:        -0.052ns (DCD - SCD + CPR)
    Destination Clock Delay (DCD):    4.828ns = ( 18.161 - 13.333 ) 
    Source Clock Delay      (SCD):    5.067ns
    Clock Pessimism Removal (CPR):    0.188ns
  Clock Uncertainty:      0.035ns  ((TSJ^2 + TIJ^2)^1/2 + DJ) / 2 + PE
    Total System Jitter     (TSJ):    0.071ns
    Total Input Jitter      (TIJ):    0.000ns
    Discrete Jitter          (DJ):    0.000ns
    Phase Error              (PE):    0.000ns

    Location             Delay type                Incr(ns)  Path(ns)    Netlist Resource(s)
  -------------------------------------------------------------------    -------------------
                         (clock sys_clk_pin rise edge)
                                                      0.000     0.000 r  
    W5                                                0.000     0.000 r  CLK100MHZ (IN)
                         net (fo=0)                   0.000     0.000    CLK100MHZ
    W5                   IBUF (Prop_ibuf_I_O)         1.458     1.458 r  CLK100MHZ_IBUF_inst/O
                         net (fo=1, routed)           1.967     3.425    CLK100MHZ_IBUF
    BUFGCTRL_X0Y0        BUFG (Prop_bufg_I_O)         0.096     3.521 r  CLK100MHZ_IBUF_BUFG_inst/O
                         net (fo=16301, routed)       1.546     5.067    global_memory/CLK100MHZ_IBUF_BUFG
    SLICE_X34Y26         FDRE                                         r  global_memory/pipe_valid_reg[0]/C
  -------------------------------------------------------------------    -------------------
    SLICE_X34Y26         FDRE (Prop_fdre_C_Q)         0.518     5.585 f  global_memory/pipe_valid_reg[0]/Q
                         net (fo=54, routed)          1.026     6.611    global_memory/bank1/pipe_valid_reg[3][0]
    SLICE_X34Y24         LUT3 (Prop_lut3_I0_O)        0.124     6.735 r  global_memory/bank1/mem_reg_3_0_i_24__2/O
                         net (fo=60, routed)          0.726     7.461    global_memory/bank1_n_100
    SLICE_X33Y25         LUT6 (Prop_lut6_I4_O)        0.124     7.585 r  global_memory/mem_reg_0_0_i_115__0/O
                         net (fo=1, routed)           0.000     7.585    global_memory/mem_reg_0_0_i_115__0_n_0
    SLICE_X33Y25         CARRY4 (Prop_carry4_S[3]_CO[3])
                                                      0.401     7.986 r  global_memory/mem_reg_0_0_i_102__0/CO[3]
                         net (fo=1, routed)           0.000     7.986    global_memory/mem_reg_0_0_i_102__0_n_0
    SLICE_X33Y26         CARRY4 (Prop_carry4_CI_CO[0])
                                                      0.271     8.257 r  global_memory/mem_reg_0_0_i_84/CO[0]
                         net (fo=10, routed)          0.490     8.747    global_memory/bank1/pipe_addr_reg[30][0]
    SLICE_X29Y24         LUT5 (Prop_lut5_I3_O)        0.373     9.120 r  global_memory/bank1/mem_reg_0_0_i_53__0/O
                         net (fo=63, routed)          0.370     9.490    global_memory/bank1_n_96
    SLICE_X29Y23         LUT5 (Prop_lut5_I3_O)        0.124     9.614 f  global_memory/mem_reg_0_0_i_136/O
                         net (fo=1, routed)           0.488    10.101    global_memory/mem_reg_0_0_i_136_n_0
    SLICE_X28Y23         LUT4 (Prop_lut4_I3_O)        0.124    10.225 r  global_memory/mem_reg_0_0_i_112__0/O
                         net (fo=1, routed)           0.000    10.225    global_memory/mem_reg_0_0_i_112__0_n_0
    SLICE_X28Y23         CARRY4 (Prop_carry4_S[2]_CO[3])
                                                      0.398    10.623 r  global_memory/mem_reg_0_0_i_100__0/CO[3]
                         net (fo=1, routed)           0.000    10.623    global_memory/mem_reg_0_0_i_100__0_n_0
    SLICE_X28Y24         CARRY4 (Prop_carry4_CI_CO[0])
                                                      0.271    10.894 r  global_memory/mem_reg_0_0_i_82/CO[0]
                         net (fo=14, routed)          0.609    11.503    global_memory/bank1/CO[0]
    SLICE_X28Y21         LUT4 (Prop_lut4_I2_O)        0.373    11.876 r  global_memory/bank1/mem_reg_0_0_i_95__0/O
                         net (fo=15, routed)          0.847    12.723    global_memory/bank1_n_236
    SLICE_X12Y20         LUT5 (Prop_lut5_I2_O)        0.124    12.847 r  global_memory/mem_reg_0_0_i_133/O
                         net (fo=1, routed)           0.582    13.429    global_memory/mem_reg_0_0_i_133_n_0
    SLICE_X14Y19         LUT6 (Prop_lut6_I3_O)        0.124    13.553 r  global_memory/mem_reg_0_0_i_110/O
                         net (fo=1, routed)           0.000    13.553    global_memory/mem_reg_0_0_i_110_n_0
    SLICE_X14Y19         CARRY4 (Prop_carry4_S[0]_CO[3])
                                                      0.513    14.066 r  global_memory/mem_reg_0_0_i_98__0/CO[3]
                         net (fo=1, routed)           0.000    14.066    global_memory/mem_reg_0_0_i_98__0_n_0
    SLICE_X14Y20         CARRY4 (Prop_carry4_CI_CO[0])
                                                      0.254    14.320 f  global_memory/mem_reg_0_0_i_81__0/CO[0]
                         net (fo=1, routed)           0.558    14.878    global_memory/bank1/pipe_addr_reg[62]_1[0]
    SLICE_X15Y17         LUT4 (Prop_lut4_I2_O)        0.367    15.245 r  global_memory/bank1/mem_reg_0_0_i_51__0/O
                         net (fo=30, routed)          0.769    16.013    global_memory/bank1/mem_reg_0_0_3
    SLICE_X15Y19         LUT3 (Prop_lut3_I1_O)        0.124    16.137 r  global_memory/bank1/mem_reg_0_0_i_20__0/O
                         net (fo=8, routed)           1.435    17.573    global_memory/bank1/mem_reg_0_0_i_20__0_n_0
    RAMB36_X1Y3          RAMB36E1                                     r  global_memory/bank1/mem_reg_3_1/ADDRBWRADDR[8]
  -------------------------------------------------------------------    -------------------

                         (clock sys_clk_pin rise edge)
                                                     13.333    13.333 r  
    W5                                                0.000    13.333 r  CLK100MHZ (IN)
                         net (fo=0)                   0.000    13.333    CLK100MHZ
    W5                   IBUF (Prop_ibuf_I_O)         1.388    14.721 r  CLK100MHZ_IBUF_inst/O
                         net (fo=1, routed)           1.862    16.583    CLK100MHZ_IBUF
    BUFGCTRL_X0Y0        BUFG (Prop_bufg_I_O)         0.091    16.674 r  CLK100MHZ_IBUF_BUFG_inst/O
                         net (fo=16301, routed)       1.487    18.161    global_memory/bank1/CLK100MHZ_IBUF_BUFG
    RAMB36_X1Y3          RAMB36E1                                     r  global_memory/bank1/mem_reg_3_1/CLKBWRCLK
                         clock pessimism              0.188    18.349    
                         clock uncertainty           -0.035    18.313    
    RAMB36_X1Y3          RAMB36E1 (Setup_ramb36e1_CLKBWRCLK_ADDRBWRADDR[8])
                                                     -0.566    17.747    global_memory/bank1/mem_reg_3_1
  -------------------------------------------------------------------
                         required time                         17.747    
                         arrival time                         -17.573    
  -------------------------------------------------------------------
                         slack                                  0.175    

Slack (MET) :             0.190ns  (required time - arrival time)
  Source:                 global_memory/pipe_addr_reg[0]/C
                            (rising edge-triggered cell FDRE clocked by sys_clk_pin  {rise@0.000ns fall@6.667ns period=13.333ns})
  Destination:            global_memory/bank3/mem_reg_1_1/ADDRBWRADDR[7]
                            (rising edge-triggered cell RAMB36E1 clocked by sys_clk_pin  {rise@0.000ns fall@6.667ns period=13.333ns})
  Path Group:             sys_clk_pin
  Path Type:              Setup (Max at Slow Process Corner)
  Requirement:            13.333ns  (sys_clk_pin rise@13.333ns - sys_clk_pin rise@0.000ns)
  Data Path Delay:        12.500ns  (logic 4.974ns (39.793%)  route 7.526ns (60.207%))
  Logic Levels:           17  (CARRY4=6 LUT4=1 LUT5=5 LUT6=5)
  Clock Path Skew:        -0.042ns (DCD - SCD + CPR)
    Destination Clock Delay (DCD):    4.838ns = ( 18.171 - 13.333 ) 
    Source Clock Delay      (SCD):    5.067ns
    Clock Pessimism Removal (CPR):    0.188ns
  Clock Uncertainty:      0.035ns  ((TSJ^2 + TIJ^2)^1/2 + DJ) / 2 + PE
    Total System Jitter     (TSJ):    0.071ns
    Total Input Jitter      (TIJ):    0.000ns
    Discrete Jitter          (DJ):    0.000ns
    Phase Error              (PE):    0.000ns

    Location             Delay type                Incr(ns)  Path(ns)    Netlist Resource(s)
  -------------------------------------------------------------------    -------------------
                         (clock sys_clk_pin rise edge)
                                                      0.000     0.000 r  
    W5                                                0.000     0.000 r  CLK100MHZ (IN)
                         net (fo=0)                   0.000     0.000    CLK100MHZ
    W5                   IBUF (Prop_ibuf_I_O)         1.458     1.458 r  CLK100MHZ_IBUF_inst/O
                         net (fo=1, routed)           1.967     3.425    CLK100MHZ_IBUF
    BUFGCTRL_X0Y0        BUFG (Prop_bufg_I_O)         0.096     3.521 r  CLK100MHZ_IBUF_BUFG_inst/O
                         net (fo=16301, routed)       1.546     5.067    global_memory/CLK100MHZ_IBUF_BUFG
    SLICE_X34Y26         FDRE                                         r  global_memory/pipe_addr_reg[0]/C
  -------------------------------------------------------------------    -------------------
    SLICE_X34Y26         FDRE (Prop_fdre_C_Q)         0.518     5.585 r  global_memory/pipe_addr_reg[0]/Q
                         net (fo=54, routed)          0.953     6.539    global_memory/pipe_addr_reg_n_0_[0]
    SLICE_X34Y24         LUT5 (Prop_lut5_I3_O)        0.124     6.663 f  global_memory/mem_reg_0_0_i_166/O
                         net (fo=1, routed)           0.470     7.132    global_memory/mem_reg_0_0_i_166_n_0
    SLICE_X34Y25         LUT6 (Prop_lut6_I2_O)        0.124     7.256 r  global_memory/mem_reg_0_0_i_146__0/O
                         net (fo=1, routed)           0.000     7.256    global_memory/mem_reg_0_0_i_146__0_n_0
    SLICE_X34Y25         CARRY4 (Prop_carry4_S[0]_CO[3])
                                                      0.513     7.769 r  global_memory/mem_reg_0_0_i_119__0/CO[3]
                         net (fo=1, routed)           0.000     7.769    global_memory/mem_reg_0_0_i_119__0_n_0
    SLICE_X34Y26         CARRY4 (Prop_carry4_CI_CO[0])
                                                      0.254     8.023 r  global_memory/mem_reg_0_0_i_105__0/CO[0]
                         net (fo=2, routed)           0.516     8.539    global_memory/bank3/pipe_addr_reg[30][0]
    SLICE_X36Y24         LUT6 (Prop_lut6_I4_O)        0.367     8.906 r  global_memory/bank3/mem_reg_0_0_i_84__2/O
                         net (fo=29, routed)          0.315     9.222    global_memory/bank3/mem_reg_0_0_i_84__2_n_0
    SLICE_X37Y23         LUT5 (Prop_lut5_I0_O)        0.124     9.346 r  global_memory/bank3/mem_reg_0_0_i_54__2/O
                         net (fo=75, routed)          0.797    10.142    global_memory/bank3_n_71
    SLICE_X41Y21         LUT5 (Prop_lut5_I3_O)        0.124    10.266 f  global_memory/mem_reg_0_0_i_141__2/O
                         net (fo=1, routed)           0.420    10.686    global_memory/mem_reg_0_0_i_141__2_n_0
    SLICE_X42Y21         LUT4 (Prop_lut4_I3_O)        0.124    10.810 r  global_memory/mem_reg_0_0_i_117__2/O
                         net (fo=1, routed)           0.000    10.810    global_memory/mem_reg_0_0_i_117__2_n_0
    SLICE_X42Y21         CARRY4 (Prop_carry4_S[1]_CO[3])
                                                      0.533    11.343 r  global_memory/mem_reg_0_0_i_103/CO[3]
                         net (fo=1, routed)           0.000    11.343    global_memory/mem_reg_0_0_i_103_n_0
    SLICE_X42Y22         CARRY4 (Prop_carry4_CI_CO[0])
                                                      0.254    11.597 f  global_memory/mem_reg_0_0_i_83__0/CO[0]
                         net (fo=15, routed)          1.069    12.666    global_memory/bank3/pipe_addr_reg[46][0]
    SLICE_X48Y17         LUT5 (Prop_lut5_I1_O)        0.367    13.033 r  global_memory/bank3/mem_reg_0_0_i_53__2/O
                         net (fo=31, routed)          0.559    13.592    global_memory/bank3_n_219
    SLICE_X49Y14         LUT5 (Prop_lut5_I3_O)        0.124    13.716 r  global_memory/mem_reg_0_0_i_136__2/O
                         net (fo=1, routed)           0.451    14.167    global_memory/mem_reg_0_0_i_136__2_n_0
    SLICE_X49Y15         LUT6 (Prop_lut6_I0_O)        0.124    14.291 r  global_memory/mem_reg_0_0_i_114__2/O
                         net (fo=1, routed)           0.000    14.291    global_memory/mem_reg_0_0_i_114__2_n_0
    SLICE_X49Y15         CARRY4 (Prop_carry4_S[0]_CO[3])
                                                      0.532    14.823 r  global_memory/mem_reg_0_0_i_101/CO[3]
                         net (fo=1, routed)           0.000    14.823    global_memory/mem_reg_0_0_i_101_n_0
    SLICE_X49Y16         CARRY4 (Prop_carry4_CI_CO[0])
                                                      0.271    15.094 f  global_memory/mem_reg_0_0_i_80/CO[0]
                         net (fo=2, routed)           0.308    15.402    global_memory/bank3/pipe_addr_reg[62]_0[0]
    SLICE_X49Y14         LUT6 (Prop_lut6_I2_O)        0.373    15.775 r  global_memory/bank3/mem_reg_0_0_i_52__2/O
                         net (fo=22, routed)          0.442    16.217    global_memory/bank3/mem_reg_0_1_1
    SLICE_X49Y13         LUT6 (Prop_lut6_I5_O)        0.124    16.341 r  global_memory/bank3/mem_reg_0_0_i_21__2/O
                         net (fo=8, routed)           1.226    17.567    global_memory/bank3/mem_reg_0_0_i_21__2_n_0
    RAMB36_X2Y0          RAMB36E1                                     r  global_memory/bank3/mem_reg_1_1/ADDRBWRADDR[7]
  -------------------------------------------------------------------    -------------------

                         (clock sys_clk_pin rise edge)
                                                     13.333    13.333 r  
    W5                                                0.000    13.333 r  CLK100MHZ (IN)
                         net (fo=0)                   0.000    13.333    CLK100MHZ
    W5                   IBUF (Prop_ibuf_I_O)         1.388    14.721 r  CLK100MHZ_IBUF_inst/O
                         net (fo=1, routed)           1.862    16.583    CLK100MHZ_IBUF
    BUFGCTRL_X0Y0        BUFG (Prop_bufg_I_O)         0.091    16.674 r  CLK100MHZ_IBUF_BUFG_inst/O
                         net (fo=16301, routed)       1.497    18.171    global_memory/bank3/CLK100MHZ_IBUF_BUFG
    RAMB36_X2Y0          RAMB36E1                                     r  global_memory/bank3/mem_reg_1_1/CLKBWRCLK
                         clock pessimism              0.188    18.359    
                         clock uncertainty           -0.035    18.323    
    RAMB36_X2Y0          RAMB36E1 (Setup_ramb36e1_CLKBWRCLK_ADDRBWRADDR[7])
                                                     -0.566    17.757    global_memory/bank3/mem_reg_1_1
  -------------------------------------------------------------------
                         required time                         17.757    
                         arrival time                         -17.567    
  -------------------------------------------------------------------
                         slack                                  0.190    





Min Delay Paths
--------------------------------------------------------------------------------------
Slack (MET) :             0.010ns  (arrival time - required time)
  Source:                 gpu/cores[0].core/simt/blocks[0].block_unit/warps[0].warp_unit/gen_shared_float.shared_float_units[0].shared_float_unit/gen_mul.mul_unit/stage4_result_reg[22]/C
                            (rising edge-triggered cell FDRE clocked by sys_clk_pin  {rise@0.000ns fall@6.667ns period=13.333ns})
  Destination:            gpu/cores[0].core/simt/blocks[0].block_unit/warps[0].warp_unit/gen_shared_float.shared_float_units[0].shared_float_unit/mul_result_delay_reg[758]_srl25___gpu_cores_r_23/D
                            (rising edge-triggered cell SRLC32E clocked by sys_clk_pin  {rise@0.000ns fall@6.667ns period=13.333ns})
  Path Group:             sys_clk_pin
  Path Type:              Hold (Min at Fast Process Corner)
  Requirement:            0.000ns  (sys_clk_pin rise@0.000ns - sys_clk_pin rise@0.000ns)
  Data Path Delay:        0.339ns  (logic 0.128ns (37.763%)  route 0.211ns (62.237%))
  Logic Levels:           0  
  Clock Path Skew:        0.268ns (DCD - SCD - CPR)
    Destination Clock Delay (DCD):    1.960ns
    Source Clock Delay      (SCD):    1.448ns
    Clock Pessimism Removal (CPR):    0.244ns

    Location             Delay type                Incr(ns)  Path(ns)    Netlist Resource(s)
  -------------------------------------------------------------------    -------------------
                         (clock sys_clk_pin rise edge)
                                                      0.000     0.000 r  
    W5                                                0.000     0.000 r  CLK100MHZ (IN)
                         net (fo=0)                   0.000     0.000    CLK100MHZ
    W5                   IBUF (Prop_ibuf_I_O)         0.226     0.226 r  CLK100MHZ_IBUF_inst/O
                         net (fo=1, routed)           0.631     0.858    CLK100MHZ_IBUF
    BUFGCTRL_X0Y0        BUFG (Prop_bufg_I_O)         0.026     0.884 r  CLK100MHZ_IBUF_BUFG_inst/O
                         net (fo=16301, routed)       0.565     1.448    gpu/cores[0].core/simt/blocks[0].block_unit/warps[0].warp_unit/gen_shared_float.shared_float_units[0].shared_float_unit/gen_mul.mul_unit/CLK100MHZ_IBUF_BUFG
    SLICE_X15Y51         FDRE                                         r  gpu/cores[0].core/simt/blocks[0].block_unit/warps[0].warp_unit/gen_shared_float.shared_float_units[0].shared_float_unit/gen_mul.mul_unit/stage4_result_reg[22]/C
  -------------------------------------------------------------------    -------------------
    SLICE_X15Y51         FDRE (Prop_fdre_C_Q)         0.128     1.576 r  gpu/cores[0].core/simt/blocks[0].block_unit/warps[0].warp_unit/gen_shared_float.shared_float_units[0].shared_float_unit/gen_mul.mul_unit/stage4_result_reg[22]/Q
                         net (fo=1, routed)           0.211     1.787    gpu/cores[0].core/simt/blocks[0].block_unit/warps[0].warp_unit/gen_shared_float.shared_float_units[0].shared_float_unit/stage4_result[22]
    SLICE_X30Y47         SRLC32E                                      r  gpu/cores[0].core/simt/blocks[0].block_unit/warps[0].warp_unit/gen_shared_float.shared_float_units[0].shared_float_unit/mul_result_delay_reg[758]_srl25___gpu_cores_r_23/D
  -------------------------------------------------------------------    -------------------

                         (clock sys_clk_pin rise edge)
                                                      0.000     0.000 r  
    W5                                                0.000     0.000 r  CLK100MHZ (IN)
                         net (fo=0)                   0.000     0.000    CLK100MHZ
    W5                   IBUF (Prop_ibuf_I_O)         0.414     0.414 r  CLK100MHZ_IBUF_inst/O
                         net (fo=1, routed)           0.685     1.099    CLK100MHZ_IBUF
    BUFGCTRL_X0Y0        BUFG (Prop_bufg_I_O)         0.029     1.128 r  CLK100MHZ_IBUF_BUFG_inst/O
                         net (fo=16301, routed)       0.833     1.960    gpu/cores[0].core/simt/blocks[0].block_unit/warps[0].warp_unit/gen_shared_float.shared_float_units[0].shared_float_unit/CLK100MHZ_IBUF_BUFG
    SLICE_X30Y47         SRLC32E                                      r  gpu/cores[0].core/simt/blocks[0].block_unit/warps[0].warp_unit/gen_shared_float.shared_float_units[0].shared_float_unit/mul_result_delay_reg[758]_srl25___gpu_cores_r_23/CLK
                         clock pessimism             -0.244     1.716    
    SLICE_X30Y47         SRLC32E (Hold_srlc32e_CLK_D)
                                                      0.061     1.777    gpu/cores[0].core/simt/blocks[0].block_unit/warps[0].warp_unit/gen_shared_float.shared_float_units[0].shared_float_unit/mul_result_delay_reg[758]_srl25___gpu_cores_r_23
  -------------------------------------------------------------------
                         required time                         -1.777    
                         arrival time                           1.787    
  -------------------------------------------------------------------
                         slack                                  0.010    

Slack (MET) :             0.027ns  (arrival time - required time)
  Source:                 comm/const_wdata_reg[27]_rep__0/C
                            (rising edge-triggered cell FDCE clocked by sys_clk_pin  {rise@0.000ns fall@6.667ns period=13.333ns})
  Destination:            gpu/cores[0].core/const_mem_reg[183][27]/D
                            (rising edge-triggered cell FDRE clocked by sys_clk_pin  {rise@0.000ns fall@6.667ns period=13.333ns})
  Path Group:             sys_clk_pin
  Path Type:              Hold (Min at Fast Process Corner)
  Requirement:            0.000ns  (sys_clk_pin rise@0.000ns - sys_clk_pin rise@0.000ns)
  Data Path Delay:        0.295ns  (logic 0.128ns (43.382%)  route 0.167ns (56.618%))
  Logic Levels:           0  
  Clock Path Skew:        0.263ns (DCD - SCD - CPR)
    Destination Clock Delay (DCD):    1.957ns
    Source Clock Delay      (SCD):    1.445ns
    Clock Pessimism Removal (CPR):    0.249ns

    Location             Delay type                Incr(ns)  Path(ns)    Netlist Resource(s)
  -------------------------------------------------------------------    -------------------
                         (clock sys_clk_pin rise edge)
                                                      0.000     0.000 r  
    W5                                                0.000     0.000 r  CLK100MHZ (IN)
                         net (fo=0)                   0.000     0.000    CLK100MHZ
    W5                   IBUF (Prop_ibuf_I_O)         0.226     0.226 r  CLK100MHZ_IBUF_inst/O
                         net (fo=1, routed)           0.631     0.858    CLK100MHZ_IBUF
    BUFGCTRL_X0Y0        BUFG (Prop_bufg_I_O)         0.026     0.884 r  CLK100MHZ_IBUF_BUFG_inst/O
                         net (fo=16301, routed)       0.562     1.445    comm/CLK100MHZ_IBUF_BUFG
    SLICE_X37Y99         FDCE                                         r  comm/const_wdata_reg[27]_rep__0/C
  -------------------------------------------------------------------    -------------------
    SLICE_X37Y99         FDCE (Prop_fdce_C_Q)         0.128     1.573 r  comm/const_wdata_reg[27]_rep__0/Q
                         net (fo=64, routed)          0.167     1.740    gpu/cores[0].core/const_wdata_reg[31]_rep__0[27]
    SLICE_X34Y99         FDRE                                         r  gpu/cores[0].core/const_mem_reg[183][27]/D
  -------------------------------------------------------------------    -------------------

                         (clock sys_clk_pin rise edge)
                                                      0.000     0.000 r  
    W5                                                0.000     0.000 r  CLK100MHZ (IN)
                         net (fo=0)                   0.000     0.000    CLK100MHZ
    W5                   IBUF (Prop_ibuf_I_O)         0.414     0.414 r  CLK100MHZ_IBUF_inst/O
                         net (fo=1, routed)           0.685     1.099    CLK100MHZ_IBUF
    BUFGCTRL_X0Y0        BUFG (Prop_bufg_I_O)         0.029     1.128 r  CLK100MHZ_IBUF_BUFG_inst/O
                         net (fo=16301, routed)       0.829     1.957    gpu/cores[0].core/CLK100MHZ_IBUF_BUFG
    SLICE_X34Y99         FDRE                                         r  gpu/cores[0].core/const_mem_reg[183][27]/C
                         clock pessimism             -0.249     1.708    
    SLICE_X34Y99         FDRE (Hold_fdre_C_D)         0.005     1.713    gpu/cores[0].core/const_mem_reg[183][27]
  -------------------------------------------------------------------
                         required time                         -1.713    
                         arrival time                           1.740    
  -------------------------------------------------------------------
                         slack                                  0.027    

Slack (MET) :             0.030ns  (arrival time - required time)
  Source:                 gpu/cores[0].core/simt/blocks[0].block_unit/warps[0].warp_unit/lanes[3].thread_lane/float_rhs_r_reg[9]/C
                            (rising edge-triggered cell FDRE clocked by sys_clk_pin  {rise@0.000ns fall@6.667ns period=13.333ns})
  Destination:            gpu/cores[0].core/simt/blocks[0].block_unit/warps[0].warp_unit/gen_shared_float.shared_float_units[0].shared_float_unit/gen_add_sub.add_sub_unit/s0_rhs_reg[9]/D
                            (rising edge-triggered cell FDRE clocked by sys_clk_pin  {rise@0.000ns fall@6.667ns period=13.333ns})
  Path Group:             sys_clk_pin
  Path Type:              Hold (Min at Fast Process Corner)
  Requirement:            0.000ns  (sys_clk_pin rise@0.000ns - sys_clk_pin rise@0.000ns)
  Data Path Delay:        0.415ns  (logic 0.226ns (54.489%)  route 0.189ns (45.511%))
  Logic Levels:           1  (LUT4=1)
  Clock Path Skew:        0.264ns (DCD - SCD - CPR)
    Destination Clock Delay (DCD):    1.958ns
    Source Clock Delay      (SCD):    1.445ns
    Clock Pessimism Removal (CPR):    0.249ns

    Location             Delay type                Incr(ns)  Path(ns)    Netlist Resource(s)
  -------------------------------------------------------------------    -------------------
                         (clock sys_clk_pin rise edge)
                                                      0.000     0.000 r  
    W5                                                0.000     0.000 r  CLK100MHZ (IN)
                         net (fo=0)                   0.000     0.000    CLK100MHZ
    W5                   IBUF (Prop_ibuf_I_O)         0.226     0.226 r  CLK100MHZ_IBUF_inst/O
                         net (fo=1, routed)           0.631     0.858    CLK100MHZ_IBUF
    BUFGCTRL_X0Y0        BUFG (Prop_bufg_I_O)         0.026     0.884 r  CLK100MHZ_IBUF_BUFG_inst/O
                         net (fo=16301, routed)       0.562     1.445    gpu/cores[0].core/simt/blocks[0].block_unit/warps[0].warp_unit/lanes[3].thread_lane/CLK100MHZ_IBUF_BUFG
    SLICE_X37Y42         FDRE                                         r  gpu/cores[0].core/simt/blocks[0].block_unit/warps[0].warp_unit/lanes[3].thread_lane/float_rhs_r_reg[9]/C
  -------------------------------------------------------------------    -------------------
    SLICE_X37Y42         FDRE (Prop_fdre_C_Q)         0.128     1.573 r  gpu/cores[0].core/simt/blocks[0].block_unit/warps[0].warp_unit/lanes[3].thread_lane/float_rhs_r_reg[9]/Q
                         net (fo=1, routed)           0.189     1.762    gpu/cores[0].core/simt/blocks[0].block_unit/warps[0].warp_unit/lanes[3].thread_lane/p_7_out[9]
    SLICE_X34Y43         LUT4 (Prop_lut4_I1_O)        0.098     1.860 r  gpu/cores[0].core/simt/blocks[0].block_unit/warps[0].warp_unit/lanes[3].thread_lane/s0_rhs[9]_i_1/O
                         net (fo=1, routed)           0.000     1.860    gpu/cores[0].core/simt/blocks[0].block_unit/warps[0].warp_unit/gen_shared_float.shared_float_units[0].shared_float_unit/gen_add_sub.add_sub_unit/done_reg_rep__0_0
    SLICE_X34Y43         FDRE                                         r  gpu/cores[0].core/simt/blocks[0].block_unit/warps[0].warp_unit/gen_shared_float.shared_float_units[0].shared_float_unit/gen_add_sub.add_sub_unit/s0_rhs_reg[9]/D
  -------------------------------------------------------------------    -------------------

                         (clock sys_clk_pin rise edge)
                                                      0.000     0.000 r  
    W5                                                0.000     0.000 r  CLK100MHZ (IN)
                         net (fo=0)                   0.000     0.000    CLK100MHZ
    W5                   IBUF (Prop_ibuf_I_O)         0.414     0.414 r  CLK100MHZ_IBUF_inst/O
                         net (fo=1, routed)           0.685     1.099    CLK100MHZ_IBUF
    BUFGCTRL_X0Y0        BUFG (Prop_bufg_I_O)         0.029     1.128 r  CLK100MHZ_IBUF_BUFG_inst/O
                         net (fo=16301, routed)       0.831     1.958    gpu/cores[0].core/simt/blocks[0].block_unit/warps[0].warp_unit/gen_shared_float.shared_float_units[0].shared_float_unit/gen_add_sub.add_sub_unit/CLK100MHZ_IBUF_BUFG
    SLICE_X34Y43         FDRE                                         r  gpu/cores[0].core/simt/blocks[0].block_unit/warps[0].warp_unit/gen_shared_float.shared_float_units[0].shared_float_unit/gen_add_sub.add_sub_unit/s0_rhs_reg[9]/C
                         clock pessimism             -0.249     1.709    
    SLICE_X34Y43         FDRE (Hold_fdre_C_D)         0.121     1.830    gpu/cores[0].core/simt/blocks[0].block_unit/warps[0].warp_unit/gen_shared_float.shared_float_units[0].shared_float_unit/gen_add_sub.add_sub_unit/s0_rhs_reg[9]
  -------------------------------------------------------------------
                         required time                         -1.830    
                         arrival time                           1.860    
  -------------------------------------------------------------------
                         slack                                  0.030    

Slack (MET) :             0.030ns  (arrival time - required time)
  Source:                 gpu/cores[0].core/simt/blocks[0].block_unit/warps[0].warp_unit/gen_shared_float.shared_float_units[0].shared_float_unit/gen_mul.mul_unit/stage4_result_reg[14]/C
                            (rising edge-triggered cell FDRE clocked by sys_clk_pin  {rise@0.000ns fall@6.667ns period=13.333ns})
  Destination:            gpu/cores[0].core/simt/blocks[0].block_unit/warps[0].warp_unit/gen_shared_float.shared_float_units[0].shared_float_unit/mul_result_delay_reg[750]_srl25___gpu_cores_r_23/D
                            (rising edge-triggered cell SRLC32E clocked by sys_clk_pin  {rise@0.000ns fall@6.667ns period=13.333ns})
  Path Group:             sys_clk_pin
  Path Type:              Hold (Min at Fast Process Corner)
  Requirement:            0.000ns  (sys_clk_pin rise@0.000ns - sys_clk_pin rise@0.000ns)
  Data Path Delay:        0.409ns  (logic 0.141ns (34.485%)  route 0.268ns (65.516%))
  Logic Levels:           0  
  Clock Path Skew:        0.270ns (DCD - SCD - CPR)
    Destination Clock Delay (DCD):    1.959ns
    Source Clock Delay      (SCD):    1.445ns
    Clock Pessimism Removal (CPR):    0.244ns

    Location             Delay type                Incr(ns)  Path(ns)    Netlist Resource(s)
  -------------------------------------------------------------------    -------------------
                         (clock sys_clk_pin rise edge)
                                                      0.000     0.000 r  
    W5                                                0.000     0.000 r  CLK100MHZ (IN)
                         net (fo=0)                   0.000     0.000    CLK100MHZ
    W5                   IBUF (Prop_ibuf_I_O)         0.226     0.226 r  CLK100MHZ_IBUF_inst/O
                         net (fo=1, routed)           0.631     0.858    CLK100MHZ_IBUF
    BUFGCTRL_X0Y0        BUFG (Prop_bufg_I_O)         0.026     0.884 r  CLK100MHZ_IBUF_BUFG_inst/O
                         net (fo=16301, routed)       0.562     1.445    gpu/cores[0].core/simt/blocks[0].block_unit/warps[0].warp_unit/gen_shared_float.shared_float_units[0].shared_float_unit/gen_mul.mul_unit/CLK100MHZ_IBUF_BUFG
    SLICE_X28Y50         FDRE                                         r  gpu/cores[0].core/simt/blocks[0].block_unit/warps[0].warp_unit/gen_shared_float.shared_float_units[0].shared_float_unit/gen_mul.mul_unit/stage4_result_reg[14]/C
  -------------------------------------------------------------------    -------------------
    SLICE_X28Y50         FDRE (Prop_fdre_C_Q)         0.141     1.586 r  gpu/cores[0].core/simt/blocks[0].block_unit/warps[0].warp_unit/gen_shared_float.shared_float_units[0].shared_float_unit/gen_mul.mul_unit/stage4_result_reg[14]/Q
                         net (fo=1, routed)           0.268     1.854    gpu/cores[0].core/simt/blocks[0].block_unit/warps[0].warp_unit/gen_shared_float.shared_float_units[0].shared_float_unit/stage4_result[14]
    SLICE_X30Y44         SRLC32E                                      r  gpu/cores[0].core/simt/blocks[0].block_unit/warps[0].warp_unit/gen_shared_float.shared_float_units[0].shared_float_unit/mul_result_delay_reg[750]_srl25___gpu_cores_r_23/D
  -------------------------------------------------------------------    -------------------

                         (clock sys_clk_pin rise edge)
                                                      0.000     0.000 r  
    W5                                                0.000     0.000 r  CLK100MHZ (IN)
                         net (fo=0)                   0.000     0.000    CLK100MHZ
    W5                   IBUF (Prop_ibuf_I_O)         0.414     0.414 r  CLK100MHZ_IBUF_inst/O
                         net (fo=1, routed)           0.685     1.099    CLK100MHZ_IBUF
    BUFGCTRL_X0Y0        BUFG (Prop_bufg_I_O)         0.029     1.128 r  CLK100MHZ_IBUF_BUFG_inst/O
                         net (fo=16301, routed)       0.832     1.959    gpu/cores[0].core/simt/blocks[0].block_unit/warps[0].warp_unit/gen_shared_float.shared_float_units[0].shared_float_unit/CLK100MHZ_IBUF_BUFG
    SLICE_X30Y44         SRLC32E                                      r  gpu/cores[0].core/simt/blocks[0].block_unit/warps[0].warp_unit/gen_shared_float.shared_float_units[0].shared_float_unit/mul_result_delay_reg[750]_srl25___gpu_cores_r_23/CLK
                         clock pessimism             -0.244     1.715    
    SLICE_X30Y44         SRLC32E (Hold_srlc32e_CLK_D)
                                                      0.109     1.824    gpu/cores[0].core/simt/blocks[0].block_unit/warps[0].warp_unit/gen_shared_float.shared_float_units[0].shared_float_unit/mul_result_delay_reg[750]_srl25___gpu_cores_r_23
  -------------------------------------------------------------------
                         required time                         -1.824    
                         arrival time                           1.854    
  -------------------------------------------------------------------
                         slack                                  0.030    

Slack (MET) :             0.036ns  (arrival time - required time)
  Source:                 comm/prog_wdata_reg[29]/C
                            (rising edge-triggered cell FDCE clocked by sys_clk_pin  {rise@0.000ns fall@6.667ns period=13.333ns})
  Destination:            gpu/cores[0].core/program_store/mem_reg_3/DIADI[2]
                            (rising edge-triggered cell RAMB36E1 clocked by sys_clk_pin  {rise@0.000ns fall@6.667ns period=13.333ns})
  Path Group:             sys_clk_pin
  Path Type:              Hold (Min at Fast Process Corner)
  Requirement:            0.000ns  (sys_clk_pin rise@0.000ns - sys_clk_pin rise@0.000ns)
  Data Path Delay:        0.249ns  (logic 0.141ns (56.669%)  route 0.108ns (43.331%))
  Logic Levels:           0  
  Clock Path Skew:        0.057ns (DCD - SCD - CPR)
    Destination Clock Delay (DCD):    2.003ns
    Source Clock Delay      (SCD):    1.447ns
    Clock Pessimism Removal (CPR):    0.498ns

    Location             Delay type                Incr(ns)  Path(ns)    Netlist Resource(s)
  -------------------------------------------------------------------    -------------------
                         (clock sys_clk_pin rise edge)
                                                      0.000     0.000 r  
    W5                                                0.000     0.000 r  CLK100MHZ (IN)
                         net (fo=0)                   0.000     0.000    CLK100MHZ
    W5                   IBUF (Prop_ibuf_I_O)         0.226     0.226 r  CLK100MHZ_IBUF_inst/O
                         net (fo=1, routed)           0.631     0.858    CLK100MHZ_IBUF
    BUFGCTRL_X0Y0        BUFG (Prop_bufg_I_O)         0.026     0.884 r  CLK100MHZ_IBUF_BUFG_inst/O
                         net (fo=16301, routed)       0.564     1.447    comm/CLK100MHZ_IBUF_BUFG
    SLICE_X49Y55         FDCE                                         r  comm/prog_wdata_reg[29]/C
  -------------------------------------------------------------------    -------------------
    SLICE_X49Y55         FDCE (Prop_fdce_C_Q)         0.141     1.588 r  comm/prog_wdata_reg[29]/Q
                         net (fo=1, routed)           0.108     1.696    gpu/cores[0].core/program_store/write_data[29]
    RAMB36_X1Y11         RAMB36E1                                     r  gpu/cores[0].core/program_store/mem_reg_3/DIADI[2]
  -------------------------------------------------------------------    -------------------

                         (clock sys_clk_pin rise edge)
                                                      0.000     0.000 r  
    W5                                                0.000     0.000 r  CLK100MHZ (IN)
                         net (fo=0)                   0.000     0.000    CLK100MHZ
    W5                   IBUF (Prop_ibuf_I_O)         0.414     0.414 r  CLK100MHZ_IBUF_inst/O
                         net (fo=1, routed)           0.685     1.099    CLK100MHZ_IBUF
    BUFGCTRL_X0Y0        BUFG (Prop_bufg_I_O)         0.029     1.128 r  CLK100MHZ_IBUF_BUFG_inst/O
                         net (fo=16301, routed)       0.875     2.003    gpu/cores[0].core/program_store/CLK100MHZ_IBUF_BUFG
    RAMB36_X1Y11         RAMB36E1                                     r  gpu/cores[0].core/program_store/mem_reg_3/CLKARDCLK
                         clock pessimism             -0.498     1.505    
    RAMB36_X1Y11         RAMB36E1 (Hold_ramb36e1_CLKARDCLK_DIADI[2])
                                                      0.155     1.660    gpu/cores[0].core/program_store/mem_reg_3
  -------------------------------------------------------------------
                         required time                         -1.660    
                         arrival time                           1.696    
  -------------------------------------------------------------------
                         slack                                  0.036    

Slack (MET) :             0.036ns  (arrival time - required time)
  Source:                 comm/prog_wdata_reg[31]/C
                            (rising edge-triggered cell FDCE clocked by sys_clk_pin  {rise@0.000ns fall@6.667ns period=13.333ns})
  Destination:            gpu/cores[0].core/program_store/mem_reg_3/DIADI[4]
                            (rising edge-triggered cell RAMB36E1 clocked by sys_clk_pin  {rise@0.000ns fall@6.667ns period=13.333ns})
  Path Group:             sys_clk_pin
  Path Type:              Hold (Min at Fast Process Corner)
  Requirement:            0.000ns  (sys_clk_pin rise@0.000ns - sys_clk_pin rise@0.000ns)
  Data Path Delay:        0.249ns  (logic 0.141ns (56.669%)  route 0.108ns (43.331%))
  Logic Levels:           0  
  Clock Path Skew:        0.057ns (DCD - SCD - CPR)
    Destination Clock Delay (DCD):    2.003ns
    Source Clock Delay      (SCD):    1.447ns
    Clock Pessimism Removal (CPR):    0.498ns

    Location             Delay type                Incr(ns)  Path(ns)    Netlist Resource(s)
  -------------------------------------------------------------------    -------------------
                         (clock sys_clk_pin rise edge)
                                                      0.000     0.000 r  
    W5                                                0.000     0.000 r  CLK100MHZ (IN)
                         net (fo=0)                   0.000     0.000    CLK100MHZ
    W5                   IBUF (Prop_ibuf_I_O)         0.226     0.226 r  CLK100MHZ_IBUF_inst/O
                         net (fo=1, routed)           0.631     0.858    CLK100MHZ_IBUF
    BUFGCTRL_X0Y0        BUFG (Prop_bufg_I_O)         0.026     0.884 r  CLK100MHZ_IBUF_BUFG_inst/O
                         net (fo=16301, routed)       0.564     1.447    comm/CLK100MHZ_IBUF_BUFG
    SLICE_X49Y55         FDCE                                         r  comm/prog_wdata_reg[31]/C
  -------------------------------------------------------------------    -------------------
    SLICE_X49Y55         FDCE (Prop_fdce_C_Q)         0.141     1.588 r  comm/prog_wdata_reg[31]/Q
                         net (fo=1, routed)           0.108     1.696    gpu/cores[0].core/program_store/write_data[31]
    RAMB36_X1Y11         RAMB36E1                                     r  gpu/cores[0].core/program_store/mem_reg_3/DIADI[4]
  -------------------------------------------------------------------    -------------------

                         (clock sys_clk_pin rise edge)
                                                      0.000     0.000 r  
    W5                                                0.000     0.000 r  CLK100MHZ (IN)
                         net (fo=0)                   0.000     0.000    CLK100MHZ
    W5                   IBUF (Prop_ibuf_I_O)         0.414     0.414 r  CLK100MHZ_IBUF_inst/O
                         net (fo=1, routed)           0.685     1.099    CLK100MHZ_IBUF
    BUFGCTRL_X0Y0        BUFG (Prop_bufg_I_O)         0.029     1.128 r  CLK100MHZ_IBUF_BUFG_inst/O
                         net (fo=16301, routed)       0.875     2.003    gpu/cores[0].core/program_store/CLK100MHZ_IBUF_BUFG
    RAMB36_X1Y11         RAMB36E1                                     r  gpu/cores[0].core/program_store/mem_reg_3/CLKARDCLK
                         clock pessimism             -0.498     1.505    
    RAMB36_X1Y11         RAMB36E1 (Hold_ramb36e1_CLKARDCLK_DIADI[4])
                                                      0.155     1.660    gpu/cores[0].core/program_store/mem_reg_3
  -------------------------------------------------------------------
                         required time                         -1.660    
                         arrival time                           1.696    
  -------------------------------------------------------------------
                         slack                                  0.036    

Slack (MET) :             0.042ns  (arrival time - required time)
  Source:                 gpu/cores[0].core/simt/blocks[0].block_unit/warps[0].warp_unit/gen_shared_float.shared_float_units[0].shared_float_unit/gen_mul.mul_unit/stage4_result_reg[7]/C
                            (rising edge-triggered cell FDRE clocked by sys_clk_pin  {rise@0.000ns fall@6.667ns period=13.333ns})
  Destination:            gpu/cores[0].core/simt/blocks[0].block_unit/warps[0].warp_unit/gen_shared_float.shared_float_units[0].shared_float_unit/mul_result_delay_reg[743]_srl25___gpu_cores_r_23/D
                            (rising edge-triggered cell SRLC32E clocked by sys_clk_pin  {rise@0.000ns fall@6.667ns period=13.333ns})
  Path Group:             sys_clk_pin
  Path Type:              Hold (Min at Fast Process Corner)
  Requirement:            0.000ns  (sys_clk_pin rise@0.000ns - sys_clk_pin rise@0.000ns)
  Data Path Delay:        0.419ns  (logic 0.141ns (33.653%)  route 0.278ns (66.347%))
  Logic Levels:           0  
  Clock Path Skew:        0.268ns (DCD - SCD - CPR)
    Destination Clock Delay (DCD):    1.957ns
    Source Clock Delay      (SCD):    1.445ns
    Clock Pessimism Removal (CPR):    0.244ns

    Location             Delay type                Incr(ns)  Path(ns)    Netlist Resource(s)
  -------------------------------------------------------------------    -------------------
                         (clock sys_clk_pin rise edge)
                                                      0.000     0.000 r  
    W5                                                0.000     0.000 r  CLK100MHZ (IN)
                         net (fo=0)                   0.000     0.000    CLK100MHZ
    W5                   IBUF (Prop_ibuf_I_O)         0.226     0.226 r  CLK100MHZ_IBUF_inst/O
                         net (fo=1, routed)           0.631     0.858    CLK100MHZ_IBUF
    BUFGCTRL_X0Y0        BUFG (Prop_bufg_I_O)         0.026     0.884 r  CLK100MHZ_IBUF_BUFG_inst/O
                         net (fo=16301, routed)       0.562     1.445    gpu/cores[0].core/simt/blocks[0].block_unit/warps[0].warp_unit/gen_shared_float.shared_float_units[0].shared_float_unit/gen_mul.mul_unit/CLK100MHZ_IBUF_BUFG
    SLICE_X32Y50         FDRE                                         r  gpu/cores[0].core/simt/blocks[0].block_unit/warps[0].warp_unit/gen_shared_float.shared_float_units[0].shared_float_unit/gen_mul.mul_unit/stage4_result_reg[7]/C
  -------------------------------------------------------------------    -------------------
    SLICE_X32Y50         FDRE (Prop_fdre_C_Q)         0.141     1.586 r  gpu/cores[0].core/simt/blocks[0].block_unit/warps[0].warp_unit/gen_shared_float.shared_float_units[0].shared_float_unit/gen_mul.mul_unit/stage4_result_reg[7]/Q
                         net (fo=1, routed)           0.278     1.864    gpu/cores[0].core/simt/blocks[0].block_unit/warps[0].warp_unit/gen_shared_float.shared_float_units[0].shared_float_unit/stage4_result[7]
    SLICE_X34Y42         SRLC32E                                      r  gpu/cores[0].core/simt/blocks[0].block_unit/warps[0].warp_unit/gen_shared_float.shared_float_units[0].shared_float_unit/mul_result_delay_reg[743]_srl25___gpu_cores_r_23/D
  -------------------------------------------------------------------    -------------------

                         (clock sys_clk_pin rise edge)
                                                      0.000     0.000 r  
    W5                                                0.000     0.000 r  CLK100MHZ (IN)
                         net (fo=0)                   0.000     0.000    CLK100MHZ
    W5                   IBUF (Prop_ibuf_I_O)         0.414     0.414 r  CLK100MHZ_IBUF_inst/O
                         net (fo=1, routed)           0.685     1.099    CLK100MHZ_IBUF
    BUFGCTRL_X0Y0        BUFG (Prop_bufg_I_O)         0.029     1.128 r  CLK100MHZ_IBUF_BUFG_inst/O
                         net (fo=16301, routed)       0.830     1.957    gpu/cores[0].core/simt/blocks[0].block_unit/warps[0].warp_unit/gen_shared_float.shared_float_units[0].shared_float_unit/CLK100MHZ_IBUF_BUFG
    SLICE_X34Y42         SRLC32E                                      r  gpu/cores[0].core/simt/blocks[0].block_unit/warps[0].warp_unit/gen_shared_float.shared_float_units[0].shared_float_unit/mul_result_delay_reg[743]_srl25___gpu_cores_r_23/CLK
                         clock pessimism             -0.244     1.713    
    SLICE_X34Y42         SRLC32E (Hold_srlc32e_CLK_D)
                                                      0.109     1.822    gpu/cores[0].core/simt/blocks[0].block_unit/warps[0].warp_unit/gen_shared_float.shared_float_units[0].shared_float_unit/mul_result_delay_reg[743]_srl25___gpu_cores_r_23
  -------------------------------------------------------------------
                         required time                         -1.822    
                         arrival time                           1.864    
  -------------------------------------------------------------------
                         slack                                  0.042    

Slack (MET) :             0.043ns  (arrival time - required time)
  Source:                 gpu/cores[0].core/simt/blocks[0].block_unit/warps[0].warp_unit/lanes[1].thread_lane/execute_unit/rhs_r_reg[0]/C
                            (rising edge-triggered cell FDRE clocked by sys_clk_pin  {rise@0.000ns fall@6.667ns period=13.333ns})
  Destination:            gpu/cores[0].core/simt/blocks[0].block_unit/warps[0].warp_unit/lanes[1].thread_lane/execute_unit/div_unit/divisor_abs_reg[0]/D
                            (rising edge-triggered cell FDRE clocked by sys_clk_pin  {rise@0.000ns fall@6.667ns period=13.333ns})
  Path Group:             sys_clk_pin
  Path Type:              Hold (Min at Fast Process Corner)
  Requirement:            0.000ns  (sys_clk_pin rise@0.000ns - sys_clk_pin rise@0.000ns)
  Data Path Delay:        0.383ns  (logic 0.141ns (36.849%)  route 0.242ns (63.151%))
  Logic Levels:           0  
  Clock Path Skew:        0.265ns (DCD - SCD - CPR)
    Destination Clock Delay (DCD):    1.959ns
    Source Clock Delay      (SCD):    1.445ns
    Clock Pessimism Removal (CPR):    0.249ns

    Location             Delay type                Incr(ns)  Path(ns)    Netlist Resource(s)
  -------------------------------------------------------------------    -------------------
                         (clock sys_clk_pin rise edge)
                                                      0.000     0.000 r  
    W5                                                0.000     0.000 r  CLK100MHZ (IN)
                         net (fo=0)                   0.000     0.000    CLK100MHZ
    W5                   IBUF (Prop_ibuf_I_O)         0.226     0.226 r  CLK100MHZ_IBUF_inst/O
                         net (fo=1, routed)           0.631     0.858    CLK100MHZ_IBUF
    BUFGCTRL_X0Y0        BUFG (Prop_bufg_I_O)         0.026     0.884 r  CLK100MHZ_IBUF_BUFG_inst/O
                         net (fo=16301, routed)       0.562     1.445    gpu/cores[0].core/simt/blocks[0].block_unit/warps[0].warp_unit/lanes[1].thread_lane/execute_unit/CLK100MHZ_IBUF_BUFG
    SLICE_X35Y45         FDRE                                         r  gpu/cores[0].core/simt/blocks[0].block_unit/warps[0].warp_unit/lanes[1].thread_lane/execute_unit/rhs_r_reg[0]/C
  -------------------------------------------------------------------    -------------------
    SLICE_X35Y45         FDRE (Prop_fdre_C_Q)         0.141     1.586 r  gpu/cores[0].core/simt/blocks[0].block_unit/warps[0].warp_unit/lanes[1].thread_lane/execute_unit/rhs_r_reg[0]/Q
                         net (fo=78, routed)          0.242     1.828    gpu/cores[0].core/simt/blocks[0].block_unit/warps[0].warp_unit/lanes[1].thread_lane/execute_unit/div_unit/rhs_r_reg[0]
    SLICE_X39Y45         FDRE                                         r  gpu/cores[0].core/simt/blocks[0].block_unit/warps[0].warp_unit/lanes[1].thread_lane/execute_unit/div_unit/divisor_abs_reg[0]/D
  -------------------------------------------------------------------    -------------------

                         (clock sys_clk_pin rise edge)
                                                      0.000     0.000 r  
    W5                                                0.000     0.000 r  CLK100MHZ (IN)
                         net (fo=0)                   0.000     0.000    CLK100MHZ
    W5                   IBUF (Prop_ibuf_I_O)         0.414     0.414 r  CLK100MHZ_IBUF_inst/O
                         net (fo=1, routed)           0.685     1.099    CLK100MHZ_IBUF
    BUFGCTRL_X0Y0        BUFG (Prop_bufg_I_O)         0.029     1.128 r  CLK100MHZ_IBUF_BUFG_inst/O
                         net (fo=16301, routed)       0.832     1.959    gpu/cores[0].core/simt/blocks[0].block_unit/warps[0].warp_unit/lanes[1].thread_lane/execute_unit/div_unit/CLK100MHZ_IBUF_BUFG
    SLICE_X39Y45         FDRE                                         r  gpu/cores[0].core/simt/blocks[0].block_unit/warps[0].warp_unit/lanes[1].thread_lane/execute_unit/div_unit/divisor_abs_reg[0]/C
                         clock pessimism             -0.249     1.710    
    SLICE_X39Y45         FDRE (Hold_fdre_C_D)         0.075     1.785    gpu/cores[0].core/simt/blocks[0].block_unit/warps[0].warp_unit/lanes[1].thread_lane/execute_unit/div_unit/divisor_abs_reg[0]
  -------------------------------------------------------------------
                         required time                         -1.785    
                         arrival time                           1.828    
  -------------------------------------------------------------------
                         slack                                  0.043    

Slack (MET) :             0.045ns  (arrival time - required time)
  Source:                 gpu/cores[0].core/simt/blocks[0].block_unit/warps[0].warp_unit/gen_shared_float.shared_float_units[0].shared_float_unit/add_sub_supported_delay_reg[0]/C
                            (rising edge-triggered cell FDRE clocked by sys_clk_pin  {rise@0.000ns fall@6.667ns period=13.333ns})
  Destination:            gpu/cores[0].core/simt/blocks[0].block_unit/warps[0].warp_unit/gen_shared_float.shared_float_units[0].shared_float_unit/add_sub_supported_delay_reg[1]/D
                            (rising edge-triggered cell FDRE clocked by sys_clk_pin  {rise@0.000ns fall@6.667ns period=13.333ns})
  Path Group:             sys_clk_pin
  Path Type:              Hold (Min at Fast Process Corner)
  Requirement:            0.000ns  (sys_clk_pin rise@0.000ns - sys_clk_pin rise@0.000ns)
  Data Path Delay:        0.334ns  (logic 0.128ns (38.368%)  route 0.206ns (61.632%))
  Logic Levels:           0  
  Clock Path Skew:        0.273ns (DCD - SCD - CPR)
    Destination Clock Delay (DCD):    1.964ns
    Source Clock Delay      (SCD):    1.447ns
    Clock Pessimism Removal (CPR):    0.244ns

    Location             Delay type                Incr(ns)  Path(ns)    Netlist Resource(s)
  -------------------------------------------------------------------    -------------------
                         (clock sys_clk_pin rise edge)
                                                      0.000     0.000 r  
    W5                                                0.000     0.000 r  CLK100MHZ (IN)
                         net (fo=0)                   0.000     0.000    CLK100MHZ
    W5                   IBUF (Prop_ibuf_I_O)         0.226     0.226 r  CLK100MHZ_IBUF_inst/O
                         net (fo=1, routed)           0.631     0.858    CLK100MHZ_IBUF
    BUFGCTRL_X0Y0        BUFG (Prop_bufg_I_O)         0.026     0.884 r  CLK100MHZ_IBUF_BUFG_inst/O
                         net (fo=16301, routed)       0.564     1.447    gpu/cores[0].core/simt/blocks[0].block_unit/warps[0].warp_unit/gen_shared_float.shared_float_units[0].shared_float_unit/CLK100MHZ_IBUF_BUFG
    SLICE_X13Y54         FDRE                                         r  gpu/cores[0].core/simt/blocks[0].block_unit/warps[0].warp_unit/gen_shared_float.shared_float_units[0].shared_float_unit/add_sub_supported_delay_reg[0]/C
  -------------------------------------------------------------------    -------------------
    SLICE_X13Y54         FDRE (Prop_fdre_C_Q)         0.128     1.575 r  gpu/cores[0].core/simt/blocks[0].block_unit/warps[0].warp_unit/gen_shared_float.shared_float_units[0].shared_float_unit/add_sub_supported_delay_reg[0]/Q
                         net (fo=1, routed)           0.206     1.781    gpu/cores[0].core/simt/blocks[0].block_unit/warps[0].warp_unit/gen_shared_float.shared_float_units[0].shared_float_unit/add_sub_supported_delay[0]
    SLICE_X13Y48         FDRE                                         r  gpu/cores[0].core/simt/blocks[0].block_unit/warps[0].warp_unit/gen_shared_float.shared_float_units[0].shared_float_unit/add_sub_supported_delay_reg[1]/D
  -------------------------------------------------------------------    -------------------

                         (clock sys_clk_pin rise edge)
                                                      0.000     0.000 r  
    W5                                                0.000     0.000 r  CLK100MHZ (IN)
                         net (fo=0)                   0.000     0.000    CLK100MHZ
    W5                   IBUF (Prop_ibuf_I_O)         0.414     0.414 r  CLK100MHZ_IBUF_inst/O
                         net (fo=1, routed)           0.685     1.099    CLK100MHZ_IBUF
    BUFGCTRL_X0Y0        BUFG (Prop_bufg_I_O)         0.029     1.128 r  CLK100MHZ_IBUF_BUFG_inst/O
                         net (fo=16301, routed)       0.837     1.964    gpu/cores[0].core/simt/blocks[0].block_unit/warps[0].warp_unit/gen_shared_float.shared_float_units[0].shared_float_unit/CLK100MHZ_IBUF_BUFG
    SLICE_X13Y48         FDRE                                         r  gpu/cores[0].core/simt/blocks[0].block_unit/warps[0].warp_unit/gen_shared_float.shared_float_units[0].shared_float_unit/add_sub_supported_delay_reg[1]/C
                         clock pessimism             -0.244     1.720    
    SLICE_X13Y48         FDRE (Hold_fdre_C_D)         0.016     1.736    gpu/cores[0].core/simt/blocks[0].block_unit/warps[0].warp_unit/gen_shared_float.shared_float_units[0].shared_float_unit/add_sub_supported_delay_reg[1]
  -------------------------------------------------------------------
                         required time                         -1.736    
                         arrival time                           1.781    
  -------------------------------------------------------------------
                         slack                                  0.045    

Slack (MET) :             0.046ns  (arrival time - required time)
  Source:                 gpu/cores[0].core/simt/blocks[0].block_unit/warps[0].warp_unit/gen_shared_float.shared_float_units[0].shared_float_unit/add_sub_result_delay_reg[59]/C
                            (rising edge-triggered cell FDRE clocked by sys_clk_pin  {rise@0.000ns fall@6.667ns period=13.333ns})
  Destination:            gpu/cores[0].core/simt/blocks[0].block_unit/warps[0].warp_unit/gen_shared_float.shared_float_units[0].shared_float_unit/result_reg[27]/D
                            (rising edge-triggered cell FDRE clocked by sys_clk_pin  {rise@0.000ns fall@6.667ns period=13.333ns})
  Path Group:             sys_clk_pin
  Path Type:              Hold (Min at Fast Process Corner)
  Requirement:            0.000ns  (sys_clk_pin rise@0.000ns - sys_clk_pin rise@0.000ns)
  Data Path Delay:        0.410ns  (logic 0.186ns (45.346%)  route 0.224ns (54.654%))
  Logic Levels:           1  (LUT5=1)
  Clock Path Skew:        0.272ns (DCD - SCD - CPR)
    Destination Clock Delay (DCD):    1.964ns
    Source Clock Delay      (SCD):    1.448ns
    Clock Pessimism Removal (CPR):    0.244ns

    Location             Delay type                Incr(ns)  Path(ns)    Netlist Resource(s)
  -------------------------------------------------------------------    -------------------
                         (clock sys_clk_pin rise edge)
                                                      0.000     0.000 r  
    W5                                                0.000     0.000 r  CLK100MHZ (IN)
                         net (fo=0)                   0.000     0.000    CLK100MHZ
    W5                   IBUF (Prop_ibuf_I_O)         0.226     0.226 r  CLK100MHZ_IBUF_inst/O
                         net (fo=1, routed)           0.631     0.858    CLK100MHZ_IBUF
    BUFGCTRL_X0Y0        BUFG (Prop_bufg_I_O)         0.026     0.884 r  CLK100MHZ_IBUF_BUFG_inst/O
                         net (fo=16301, routed)       0.565     1.448    gpu/cores[0].core/simt/blocks[0].block_unit/warps[0].warp_unit/gen_shared_float.shared_float_units[0].shared_float_unit/CLK100MHZ_IBUF_BUFG
    SLICE_X9Y50          FDRE                                         r  gpu/cores[0].core/simt/blocks[0].block_unit/warps[0].warp_unit/gen_shared_float.shared_float_units[0].shared_float_unit/add_sub_result_delay_reg[59]/C
  -------------------------------------------------------------------    -------------------
    SLICE_X9Y50          FDRE (Prop_fdre_C_Q)         0.141     1.589 r  gpu/cores[0].core/simt/blocks[0].block_unit/warps[0].warp_unit/gen_shared_float.shared_float_units[0].shared_float_unit/add_sub_result_delay_reg[59]/Q
                         net (fo=1, routed)           0.224     1.813    gpu/cores[0].core/simt/blocks[0].block_unit/warps[0].warp_unit/gen_shared_float.shared_float_units[0].shared_float_unit/add_sub_result_delay[59]
    SLICE_X15Y49         LUT5 (Prop_lut5_I1_O)        0.045     1.858 r  gpu/cores[0].core/simt/blocks[0].block_unit/warps[0].warp_unit/gen_shared_float.shared_float_units[0].shared_float_unit/result[27]_i_1__12/O
                         net (fo=1, routed)           0.000     1.858    gpu/cores[0].core/simt/blocks[0].block_unit/warps[0].warp_unit/gen_shared_float.shared_float_units[0].shared_float_unit/result[27]
    SLICE_X15Y49         FDRE                                         r  gpu/cores[0].core/simt/blocks[0].block_unit/warps[0].warp_unit/gen_shared_float.shared_float_units[0].shared_float_unit/result_reg[27]/D
  -------------------------------------------------------------------    -------------------

                         (clock sys_clk_pin rise edge)
                                                      0.000     0.000 r  
    W5                                                0.000     0.000 r  CLK100MHZ (IN)
                         net (fo=0)                   0.000     0.000    CLK100MHZ
    W5                   IBUF (Prop_ibuf_I_O)         0.414     0.414 r  CLK100MHZ_IBUF_inst/O
                         net (fo=1, routed)           0.685     1.099    CLK100MHZ_IBUF
    BUFGCTRL_X0Y0        BUFG (Prop_bufg_I_O)         0.029     1.128 r  CLK100MHZ_IBUF_BUFG_inst/O
                         net (fo=16301, routed)       0.837     1.964    gpu/cores[0].core/simt/blocks[0].block_unit/warps[0].warp_unit/gen_shared_float.shared_float_units[0].shared_float_unit/CLK100MHZ_IBUF_BUFG
    SLICE_X15Y49         FDRE                                         r  gpu/cores[0].core/simt/blocks[0].block_unit/warps[0].warp_unit/gen_shared_float.shared_float_units[0].shared_float_unit/result_reg[27]/C
                         clock pessimism             -0.244     1.720    
    SLICE_X15Y49         FDRE (Hold_fdre_C_D)         0.092     1.812    gpu/cores[0].core/simt/blocks[0].block_unit/warps[0].warp_unit/gen_shared_float.shared_float_units[0].shared_float_unit/result_reg[27]
  -------------------------------------------------------------------
                         required time                         -1.812    
                         arrival time                           1.858    
  -------------------------------------------------------------------
                         slack                                  0.046    





Pulse Width Checks
--------------------------------------------------------------------------------------
Clock Name:         sys_clk_pin
Waveform(ns):       { 0.000 6.667 }
Period(ns):         13.333
Sources:            { CLK100MHZ }

Check Type        Corner  Lib Pin      Reference Pin  Required(ns)  Actual(ns)  Slack(ns)  Location      Pin
Min Period        n/a     DSP48E1/CLK  n/a            3.884         13.333      9.449      DSP48_X0Y27   gpu/cores[0].core/simt/blocks[0].block_unit/warps[0].warp_unit/gen_shared_float.shared_float_units[0].shared_float_unit/gen_mul.mul_unit/stage2_product_reg__0/CLK
Min Period        n/a     DSP48E1/CLK  n/a            3.884         13.333      9.449      DSP48_X0Y29   gpu/cores[0].core/simt/blocks[0].block_unit/warps[0].warp_unit/gen_shared_float.shared_float_units[0].shared_float_unit/gen_mul.mul_unit/stage2_product_reg/CLK
Min Period        n/a     DSP48E1/CLK  n/a            3.884         13.333      9.449      DSP48_X0Y17   gpu/cores[0].core/simt/blocks[0].block_unit/warps[0].warp_unit/lanes[0].thread_lane/execute_unit/mul_unit/stage1_product0/CLK
Min Period        n/a     DSP48E1/CLK  n/a            3.884         13.333      9.449      DSP48_X0Y20   gpu/cores[0].core/simt/blocks[0].block_unit/warps[0].warp_unit/lanes[1].thread_lane/execute_unit/mul_unit/stage1_product0/CLK
Min Period        n/a     DSP48E1/CLK  n/a            3.884         13.333      9.449      DSP48_X1Y16   gpu/cores[0].core/simt/blocks[0].block_unit/warps[0].warp_unit/lanes[2].thread_lane/execute_unit/mul_unit/stage1_product0/CLK
Min Period        n/a     DSP48E1/CLK  n/a            3.884         13.333      9.449      DSP48_X1Y24   gpu/cores[0].core/simt/blocks[0].block_unit/warps[0].warp_unit/lanes[3].thread_lane/execute_unit/mul_unit/stage1_product0/CLK
Min Period        n/a     DSP48E1/CLK  n/a            3.687         13.333      9.646      DSP48_X0Y22   gpu/cores[0].core/simt/blocks[0].block_unit/warps[0].warp_unit/lanes[1].thread_lane/execute_unit/mul_unit/stage1_product_reg__0/CLK
Min Period        n/a     DSP48E1/CLK  n/a            3.687         13.333      9.646      DSP48_X1Y26   gpu/cores[0].core/simt/blocks[0].block_unit/warps[0].warp_unit/lanes[3].thread_lane/execute_unit/mul_unit/stage1_product_reg__0/CLK
Min Period        n/a     DSP48E1/CLK  n/a            3.687         13.333      9.646      DSP48_X0Y19   gpu/cores[0].core/simt/blocks[0].block_unit/warps[0].warp_unit/lanes[0].thread_lane/execute_unit/mul_unit/stage1_product_reg__0/CLK
Min Period        n/a     DSP48E1/CLK  n/a            3.687         13.333      9.646      DSP48_X1Y18   gpu/cores[0].core/simt/blocks[0].block_unit/warps[0].warp_unit/lanes[2].thread_lane/execute_unit/mul_unit/stage1_product_reg__0/CLK
Low Pulse Width   Fast    SRLC32E/CLK  n/a            0.980         6.666       5.686      SLICE_X34Y42  gpu/cores[0].core/simt/blocks[0].block_unit/warps[0].warp_unit/gen_shared_float.shared_float_units[0].shared_float_unit/mul_result_delay_reg[740]_srl25___gpu_cores_r_23/CLK
Low Pulse Width   Fast    SRLC32E/CLK  n/a            0.980         6.666       5.686      SLICE_X34Y42  gpu/cores[0].core/simt/blocks[0].block_unit/warps[0].warp_unit/gen_shared_float.shared_float_units[0].shared_float_unit/mul_result_delay_reg[742]_srl25___gpu_cores_r_23/CLK
Low Pulse Width   Fast    SRLC32E/CLK  n/a            0.980         6.666       5.686      SLICE_X34Y42  gpu/cores[0].core/simt/blocks[0].block_unit/warps[0].warp_unit/gen_shared_float.shared_float_units[0].shared_float_unit/mul_result_delay_reg[743]_srl25___gpu_cores_r_23/CLK
Low Pulse Width   Fast    SRLC32E/CLK  n/a            0.980         6.666       5.686      SLICE_X34Y42  gpu/cores[0].core/simt/blocks[0].block_unit/warps[0].warp_unit/gen_shared_float.shared_float_units[0].shared_float_unit/mul_result_delay_reg[748]_srl25___gpu_cores_r_23/CLK
Low Pulse Width   Fast    SRLC32E/CLK  n/a            0.980         6.666       5.686      SLICE_X30Y26  gpu/cores[0].core/simt/blocks[0].block_unit/warps[0].warp_unit/gen_shared_float.shared_float_units[0].shared_float_unit/tag_pipe_reg[120]_srl31___gpu_cores_r_29/CLK
Low Pulse Width   Fast    SRLC32E/CLK  n/a            0.980         6.666       5.686      SLICE_X2Y57   gpu/cores[0].core/simt/blocks[0].block_unit/warps[0].warp_unit/gen_shared_float.shared_float_units[0].shared_float_unit/gen_add_sub.add_sub_unit/norm_result_reg[22][15]_srl24___gpu_cores_r_22/CLK
Low Pulse Width   Fast    SRLC32E/CLK  n/a            0.980         6.666       5.686      SLICE_X2Y57   gpu/cores[0].core/simt/blocks[0].block_unit/warps[0].warp_unit/gen_shared_float.shared_float_units[0].shared_float_unit/gen_add_sub.add_sub_unit/norm_result_reg[22][19]_srl24___gpu_cores_r_22/CLK
Low Pulse Width   Fast    SRLC32E/CLK  n/a            0.980         6.666       5.686      SLICE_X2Y57   gpu/cores[0].core/simt/blocks[0].block_unit/warps[0].warp_unit/gen_shared_float.shared_float_units[0].shared_float_unit/gen_add_sub.add_sub_unit/norm_result_reg[22][21]_srl24___gpu_cores_r_22/CLK
Low Pulse Width   Fast    SRLC32E/CLK  n/a            0.980         6.666       5.686      SLICE_X2Y57   gpu/cores[0].core/simt/blocks[0].block_unit/warps[0].warp_unit/gen_shared_float.shared_float_units[0].shared_float_unit/gen_add_sub.add_sub_unit/norm_result_reg[22][30]_srl24___gpu_cores_r_22/CLK
Low Pulse Width   Fast    SRLC32E/CLK  n/a            0.980         6.666       5.686      SLICE_X30Y44  gpu/cores[0].core/simt/blocks[0].block_unit/warps[0].warp_unit/gen_shared_float.shared_float_units[0].shared_float_unit/mul_result_delay_reg[736]_srl25___gpu_cores_r_23/CLK
High Pulse Width  Slow    SRLC32E/CLK  n/a            0.980         6.667       5.687      SLICE_X14Y45  gpu/cores[0].core/simt/blocks[0].block_unit/warps[0].warp_unit/gen_shared_float.shared_float_units[0].shared_float_unit/mul_result_delay_reg[756]_srl25___gpu_cores_r_23/CLK
High Pulse Width  Slow    SRLC32E/CLK  n/a            0.980         6.667       5.687      SLICE_X14Y45  gpu/cores[0].core/simt/blocks[0].block_unit/warps[0].warp_unit/gen_shared_float.shared_float_units[0].shared_float_unit/mul_result_delay_reg[762]_srl25___gpu_cores_r_23/CLK
High Pulse Width  Slow    SRLC32E/CLK  n/a            0.980         6.667       5.687      SLICE_X38Y35  gpu/cores[0].core/simt/blocks[0].block_unit/warps[0].warp_unit/gen_shared_float.shared_float_units[0].shared_float_unit/valid_pipe_reg[30]_srl31___gpu_cores_r_29/CLK
High Pulse Width  Slow    SRLC32E/CLK  n/a            0.980         6.667       5.687      SLICE_X10Y53  gpu/cores[0].core/simt/blocks[0].block_unit/warps[0].warp_unit/gen_shared_float.shared_float_units[0].shared_float_unit/gen_add_sub.add_sub_unit/norm_result_reg[22][13]_srl24___gpu_cores_r_22/CLK
High Pulse Width  Slow    SRLC32E/CLK  n/a            0.980         6.667       5.687      SLICE_X10Y53  gpu/cores[0].core/simt/blocks[0].block_unit/warps[0].warp_unit/gen_shared_float.shared_float_units[0].shared_float_unit/gen_add_sub.add_sub_unit/norm_result_reg[22][14]_srl24___gpu_cores_r_22/CLK
High Pulse Width  Slow    SRLC32E/CLK  n/a            0.980         6.667       5.687      SLICE_X2Y57   gpu/cores[0].core/simt/blocks[0].block_unit/warps[0].warp_unit/gen_shared_float.shared_float_units[0].shared_float_unit/gen_add_sub.add_sub_unit/norm_result_reg[22][15]_srl24___gpu_cores_r_22/CLK
High Pulse Width  Slow    SRLC32E/CLK  n/a            0.980         6.667       5.687      SLICE_X10Y55  gpu/cores[0].core/simt/blocks[0].block_unit/warps[0].warp_unit/gen_shared_float.shared_float_units[0].shared_float_unit/gen_add_sub.add_sub_unit/norm_result_reg[22][17]_srl24___gpu_cores_r_22/CLK
High Pulse Width  Slow    SRLC32E/CLK  n/a            0.980         6.667       5.687      SLICE_X10Y56  gpu/cores[0].core/simt/blocks[0].block_unit/warps[0].warp_unit/gen_shared_float.shared_float_units[0].shared_float_unit/gen_add_sub.add_sub_unit/norm_result_reg[22][18]_srl24___gpu_cores_r_22/CLK
High Pulse Width  Slow    SRLC32E/CLK  n/a            0.980         6.667       5.687      SLICE_X2Y57   gpu/cores[0].core/simt/blocks[0].block_unit/warps[0].warp_unit/gen_shared_float.shared_float_units[0].shared_float_unit/gen_add_sub.add_sub_unit/norm_result_reg[22][19]_srl24___gpu_cores_r_22/CLK
High Pulse Width  Slow    SRLC32E/CLK  n/a            0.980         6.667       5.687      SLICE_X10Y58  gpu/cores[0].core/simt/blocks[0].block_unit/warps[0].warp_unit/gen_shared_float.shared_float_units[0].shared_float_unit/gen_add_sub.add_sub_unit/norm_result_reg[22][1]_srl24___gpu_cores_r_22/CLK



---------------------------------------------------------------------------------------------------
Path Group:  **async_default**
From Clock:  sys_clk_pin
  To Clock:  sys_clk_pin

Setup :            0  Failing Endpoints,  Worst Slack        2.286ns,  Total Violation        0.000ns
Hold  :            0  Failing Endpoints,  Worst Slack        1.250ns,  Total Violation        0.000ns
---------------------------------------------------------------------------------------------------


Max Delay Paths
--------------------------------------------------------------------------------------
Slack (MET) :             2.286ns  (required time - arrival time)
  Source:                 power_on_reset_reg[4]/C
                            (rising edge-triggered cell FDSE clocked by sys_clk_pin  {rise@0.000ns fall@6.667ns period=13.333ns})
  Destination:            comm/const_wdata_reg[28]_rep/CLR
                            (recovery check against rising-edge clock sys_clk_pin  {rise@0.000ns fall@6.667ns period=13.333ns})
  Path Group:             **async_default**
  Path Type:              Recovery (Max at Slow Process Corner)
  Requirement:            13.333ns  (sys_clk_pin rise@13.333ns - sys_clk_pin rise@0.000ns)
  Data Path Delay:        10.568ns  (logic 0.952ns (9.009%)  route 9.616ns (90.991%))
  Logic Levels:           4  (LUT2=1 LUT4=1 LUT5=1 LUT6=1)
  Clock Path Skew:        -0.039ns (DCD - SCD + CPR)
    Destination Clock Delay (DCD):    4.941ns = ( 18.274 - 13.333 ) 
    Source Clock Delay      (SCD):    5.160ns
    Clock Pessimism Removal (CPR):    0.180ns
  Clock Uncertainty:      0.035ns  ((TSJ^2 + TIJ^2)^1/2 + DJ) / 2 + PE
    Total System Jitter     (TSJ):    0.071ns
    Total Input Jitter      (TIJ):    0.000ns
    Discrete Jitter          (DJ):    0.000ns
    Phase Error              (PE):    0.000ns

    Location             Delay type                Incr(ns)  Path(ns)    Netlist Resource(s)
  -------------------------------------------------------------------    -------------------
                         (clock sys_clk_pin rise edge)
                                                      0.000     0.000 r  
    W5                                                0.000     0.000 r  CLK100MHZ (IN)
                         net (fo=0)                   0.000     0.000    CLK100MHZ
    W5                   IBUF (Prop_ibuf_I_O)         1.458     1.458 r  CLK100MHZ_IBUF_inst/O
                         net (fo=1, routed)           1.967     3.425    CLK100MHZ_IBUF
    BUFGCTRL_X0Y0        BUFG (Prop_bufg_I_O)         0.096     3.521 r  CLK100MHZ_IBUF_BUFG_inst/O
                         net (fo=16301, routed)       1.639     5.160    CLK100MHZ_IBUF_BUFG
    SLICE_X0Y1           FDSE                                         r  power_on_reset_reg[4]/C
  -------------------------------------------------------------------    -------------------
    SLICE_X0Y1           FDSE (Prop_fdse_C_Q)         0.456     5.616 f  power_on_reset_reg[4]/Q
                         net (fo=2, routed)           0.821     6.437    gpu/cores[0].core/simt/blocks[0].block_unit/warps[0].warp_unit/gen_shared_float.shared_float_units[0].shared_float_unit/gen_add_sub.add_sub_unit/power_on_reset_reg[4]
    SLICE_X1Y1           LUT4 (Prop_lut4_I1_O)        0.124     6.561 f  gpu/cores[0].core/simt/blocks[0].block_unit/warps[0].warp_unit/gen_shared_float.shared_float_units[0].shared_float_unit/gen_add_sub.add_sub_unit/power_on_reset[0]_i_9/O
                         net (fo=1, routed)           0.343     6.904    gpu/cores[0].core/simt/blocks[0].block_unit/warps[0].warp_unit/gen_shared_float.shared_float_units[0].shared_float_unit/gen_add_sub.add_sub_unit/power_on_reset[0]_i_9_n_0
    SLICE_X1Y0           LUT5 (Prop_lut5_I4_O)        0.124     7.028 f  gpu/cores[0].core/simt/blocks[0].block_unit/warps[0].warp_unit/gen_shared_float.shared_float_units[0].shared_float_unit/gen_add_sub.add_sub_unit/power_on_reset[0]_i_4/O
                         net (fo=1, routed)           0.403     7.430    gpu/cores[0].core/simt/blocks[0].block_unit/warps[0].warp_unit/gen_shared_float.shared_float_units[0].shared_float_unit/gen_add_sub.add_sub_unit/power_on_reset[0]_i_4_n_0
    SLICE_X1Y2           LUT6 (Prop_lut6_I5_O)        0.124     7.554 f  gpu/cores[0].core/simt/blocks[0].block_unit/warps[0].warp_unit/gen_shared_float.shared_float_units[0].shared_float_unit/gen_add_sub.add_sub_unit/power_on_reset[0]_i_1/O
                         net (fo=17, routed)          0.611     8.166    gpu/cores[0].core/simt/blocks[0].block_unit/warps[0].warp_unit/gen_shared_float.shared_float_units[0].shared_float_unit/gen_add_sub.add_sub_unit/power_on_reset_reg_15_sn_1
    SLICE_X4Y3           LUT2 (Prop_lut2_I1_O)        0.124     8.290 f  gpu/cores[0].core/simt/blocks[0].block_unit/warps[0].warp_unit/gen_shared_float.shared_float_units[0].shared_float_unit/gen_add_sub.add_sub_unit/stage1_product0_i_1__2/O
                         net (fo=15164, routed)       7.438    15.728    comm/rst
    SLICE_X11Y126        FDCE                                         f  comm/const_wdata_reg[28]_rep/CLR
  -------------------------------------------------------------------    -------------------

                         (clock sys_clk_pin rise edge)
                                                     13.333    13.333 r  
    W5                                                0.000    13.333 r  CLK100MHZ (IN)
                         net (fo=0)                   0.000    13.333    CLK100MHZ
    W5                   IBUF (Prop_ibuf_I_O)         1.388    14.721 r  CLK100MHZ_IBUF_inst/O
                         net (fo=1, routed)           1.862    16.583    CLK100MHZ_IBUF
    BUFGCTRL_X0Y0        BUFG (Prop_bufg_I_O)         0.091    16.674 r  CLK100MHZ_IBUF_BUFG_inst/O
                         net (fo=16301, routed)       1.600    18.274    comm/CLK100MHZ_IBUF_BUFG
    SLICE_X11Y126        FDCE                                         r  comm/const_wdata_reg[28]_rep/C
                         clock pessimism              0.180    18.454    
                         clock uncertainty           -0.035    18.419    
    SLICE_X11Y126        FDCE (Recov_fdce_C_CLR)     -0.405    18.014    comm/const_wdata_reg[28]_rep
  -------------------------------------------------------------------
                         required time                         18.014    
                         arrival time                         -15.728    
  -------------------------------------------------------------------
                         slack                                  2.286    

Slack (MET) :             2.286ns  (required time - arrival time)
  Source:                 power_on_reset_reg[4]/C
                            (rising edge-triggered cell FDSE clocked by sys_clk_pin  {rise@0.000ns fall@6.667ns period=13.333ns})
  Destination:            comm/const_wdata_reg[28]_rep__0/CLR
                            (recovery check against rising-edge clock sys_clk_pin  {rise@0.000ns fall@6.667ns period=13.333ns})
  Path Group:             **async_default**
  Path Type:              Recovery (Max at Slow Process Corner)
  Requirement:            13.333ns  (sys_clk_pin rise@13.333ns - sys_clk_pin rise@0.000ns)
  Data Path Delay:        10.568ns  (logic 0.952ns (9.009%)  route 9.616ns (90.991%))
  Logic Levels:           4  (LUT2=1 LUT4=1 LUT5=1 LUT6=1)
  Clock Path Skew:        -0.039ns (DCD - SCD + CPR)
    Destination Clock Delay (DCD):    4.941ns = ( 18.274 - 13.333 ) 
    Source Clock Delay      (SCD):    5.160ns
    Clock Pessimism Removal (CPR):    0.180ns
  Clock Uncertainty:      0.035ns  ((TSJ^2 + TIJ^2)^1/2 + DJ) / 2 + PE
    Total System Jitter     (TSJ):    0.071ns
    Total Input Jitter      (TIJ):    0.000ns
    Discrete Jitter          (DJ):    0.000ns
    Phase Error              (PE):    0.000ns

    Location             Delay type                Incr(ns)  Path(ns)    Netlist Resource(s)
  -------------------------------------------------------------------    -------------------
                         (clock sys_clk_pin rise edge)
                                                      0.000     0.000 r  
    W5                                                0.000     0.000 r  CLK100MHZ (IN)
                         net (fo=0)                   0.000     0.000    CLK100MHZ
    W5                   IBUF (Prop_ibuf_I_O)         1.458     1.458 r  CLK100MHZ_IBUF_inst/O
                         net (fo=1, routed)           1.967     3.425    CLK100MHZ_IBUF
    BUFGCTRL_X0Y0        BUFG (Prop_bufg_I_O)         0.096     3.521 r  CLK100MHZ_IBUF_BUFG_inst/O
                         net (fo=16301, routed)       1.639     5.160    CLK100MHZ_IBUF_BUFG
    SLICE_X0Y1           FDSE                                         r  power_on_reset_reg[4]/C
  -------------------------------------------------------------------    -------------------
    SLICE_X0Y1           FDSE (Prop_fdse_C_Q)         0.456     5.616 f  power_on_reset_reg[4]/Q
                         net (fo=2, routed)           0.821     6.437    gpu/cores[0].core/simt/blocks[0].block_unit/warps[0].warp_unit/gen_shared_float.shared_float_units[0].shared_float_unit/gen_add_sub.add_sub_unit/power_on_reset_reg[4]
    SLICE_X1Y1           LUT4 (Prop_lut4_I1_O)        0.124     6.561 f  gpu/cores[0].core/simt/blocks[0].block_unit/warps[0].warp_unit/gen_shared_float.shared_float_units[0].shared_float_unit/gen_add_sub.add_sub_unit/power_on_reset[0]_i_9/O
                         net (fo=1, routed)           0.343     6.904    gpu/cores[0].core/simt/blocks[0].block_unit/warps[0].warp_unit/gen_shared_float.shared_float_units[0].shared_float_unit/gen_add_sub.add_sub_unit/power_on_reset[0]_i_9_n_0
    SLICE_X1Y0           LUT5 (Prop_lut5_I4_O)        0.124     7.028 f  gpu/cores[0].core/simt/blocks[0].block_unit/warps[0].warp_unit/gen_shared_float.shared_float_units[0].shared_float_unit/gen_add_sub.add_sub_unit/power_on_reset[0]_i_4/O
                         net (fo=1, routed)           0.403     7.430    gpu/cores[0].core/simt/blocks[0].block_unit/warps[0].warp_unit/gen_shared_float.shared_float_units[0].shared_float_unit/gen_add_sub.add_sub_unit/power_on_reset[0]_i_4_n_0
    SLICE_X1Y2           LUT6 (Prop_lut6_I5_O)        0.124     7.554 f  gpu/cores[0].core/simt/blocks[0].block_unit/warps[0].warp_unit/gen_shared_float.shared_float_units[0].shared_float_unit/gen_add_sub.add_sub_unit/power_on_reset[0]_i_1/O
                         net (fo=17, routed)          0.611     8.166    gpu/cores[0].core/simt/blocks[0].block_unit/warps[0].warp_unit/gen_shared_float.shared_float_units[0].shared_float_unit/gen_add_sub.add_sub_unit/power_on_reset_reg_15_sn_1
    SLICE_X4Y3           LUT2 (Prop_lut2_I1_O)        0.124     8.290 f  gpu/cores[0].core/simt/blocks[0].block_unit/warps[0].warp_unit/gen_shared_float.shared_float_units[0].shared_float_unit/gen_add_sub.add_sub_unit/stage1_product0_i_1__2/O
                         net (fo=15164, routed)       7.438    15.728    comm/rst
    SLICE_X11Y126        FDCE                                         f  comm/const_wdata_reg[28]_rep__0/CLR
  -------------------------------------------------------------------    -------------------

                         (clock sys_clk_pin rise edge)
                                                     13.333    13.333 r  
    W5                                                0.000    13.333 r  CLK100MHZ (IN)
                         net (fo=0)                   0.000    13.333    CLK100MHZ
    W5                   IBUF (Prop_ibuf_I_O)         1.388    14.721 r  CLK100MHZ_IBUF_inst/O
                         net (fo=1, routed)           1.862    16.583    CLK100MHZ_IBUF
    BUFGCTRL_X0Y0        BUFG (Prop_bufg_I_O)         0.091    16.674 r  CLK100MHZ_IBUF_BUFG_inst/O
                         net (fo=16301, routed)       1.600    18.274    comm/CLK100MHZ_IBUF_BUFG
    SLICE_X11Y126        FDCE                                         r  comm/const_wdata_reg[28]_rep__0/C
                         clock pessimism              0.180    18.454    
                         clock uncertainty           -0.035    18.419    
    SLICE_X11Y126        FDCE (Recov_fdce_C_CLR)     -0.405    18.014    comm/const_wdata_reg[28]_rep__0
  -------------------------------------------------------------------
                         required time                         18.014    
                         arrival time                         -15.728    
  -------------------------------------------------------------------
                         slack                                  2.286    

Slack (MET) :             2.286ns  (required time - arrival time)
  Source:                 power_on_reset_reg[4]/C
                            (rising edge-triggered cell FDSE clocked by sys_clk_pin  {rise@0.000ns fall@6.667ns period=13.333ns})
  Destination:            comm/const_wdata_reg[9]/CLR
                            (recovery check against rising-edge clock sys_clk_pin  {rise@0.000ns fall@6.667ns period=13.333ns})
  Path Group:             **async_default**
  Path Type:              Recovery (Max at Slow Process Corner)
  Requirement:            13.333ns  (sys_clk_pin rise@13.333ns - sys_clk_pin rise@0.000ns)
  Data Path Delay:        10.568ns  (logic 0.952ns (9.009%)  route 9.616ns (90.991%))
  Logic Levels:           4  (LUT2=1 LUT4=1 LUT5=1 LUT6=1)
  Clock Path Skew:        -0.039ns (DCD - SCD + CPR)
    Destination Clock Delay (DCD):    4.941ns = ( 18.274 - 13.333 ) 
    Source Clock Delay      (SCD):    5.160ns
    Clock Pessimism Removal (CPR):    0.180ns
  Clock Uncertainty:      0.035ns  ((TSJ^2 + TIJ^2)^1/2 + DJ) / 2 + PE
    Total System Jitter     (TSJ):    0.071ns
    Total Input Jitter      (TIJ):    0.000ns
    Discrete Jitter          (DJ):    0.000ns
    Phase Error              (PE):    0.000ns

    Location             Delay type                Incr(ns)  Path(ns)    Netlist Resource(s)
  -------------------------------------------------------------------    -------------------
                         (clock sys_clk_pin rise edge)
                                                      0.000     0.000 r  
    W5                                                0.000     0.000 r  CLK100MHZ (IN)
                         net (fo=0)                   0.000     0.000    CLK100MHZ
    W5                   IBUF (Prop_ibuf_I_O)         1.458     1.458 r  CLK100MHZ_IBUF_inst/O
                         net (fo=1, routed)           1.967     3.425    CLK100MHZ_IBUF
    BUFGCTRL_X0Y0        BUFG (Prop_bufg_I_O)         0.096     3.521 r  CLK100MHZ_IBUF_BUFG_inst/O
                         net (fo=16301, routed)       1.639     5.160    CLK100MHZ_IBUF_BUFG
    SLICE_X0Y1           FDSE                                         r  power_on_reset_reg[4]/C
  -------------------------------------------------------------------    -------------------
    SLICE_X0Y1           FDSE (Prop_fdse_C_Q)         0.456     5.616 f  power_on_reset_reg[4]/Q
                         net (fo=2, routed)           0.821     6.437    gpu/cores[0].core/simt/blocks[0].block_unit/warps[0].warp_unit/gen_shared_float.shared_float_units[0].shared_float_unit/gen_add_sub.add_sub_unit/power_on_reset_reg[4]
    SLICE_X1Y1           LUT4 (Prop_lut4_I1_O)        0.124     6.561 f  gpu/cores[0].core/simt/blocks[0].block_unit/warps[0].warp_unit/gen_shared_float.shared_float_units[0].shared_float_unit/gen_add_sub.add_sub_unit/power_on_reset[0]_i_9/O
                         net (fo=1, routed)           0.343     6.904    gpu/cores[0].core/simt/blocks[0].block_unit/warps[0].warp_unit/gen_shared_float.shared_float_units[0].shared_float_unit/gen_add_sub.add_sub_unit/power_on_reset[0]_i_9_n_0
    SLICE_X1Y0           LUT5 (Prop_lut5_I4_O)        0.124     7.028 f  gpu/cores[0].core/simt/blocks[0].block_unit/warps[0].warp_unit/gen_shared_float.shared_float_units[0].shared_float_unit/gen_add_sub.add_sub_unit/power_on_reset[0]_i_4/O
                         net (fo=1, routed)           0.403     7.430    gpu/cores[0].core/simt/blocks[0].block_unit/warps[0].warp_unit/gen_shared_float.shared_float_units[0].shared_float_unit/gen_add_sub.add_sub_unit/power_on_reset[0]_i_4_n_0
    SLICE_X1Y2           LUT6 (Prop_lut6_I5_O)        0.124     7.554 f  gpu/cores[0].core/simt/blocks[0].block_unit/warps[0].warp_unit/gen_shared_float.shared_float_units[0].shared_float_unit/gen_add_sub.add_sub_unit/power_on_reset[0]_i_1/O
                         net (fo=17, routed)          0.611     8.166    gpu/cores[0].core/simt/blocks[0].block_unit/warps[0].warp_unit/gen_shared_float.shared_float_units[0].shared_float_unit/gen_add_sub.add_sub_unit/power_on_reset_reg_15_sn_1
    SLICE_X4Y3           LUT2 (Prop_lut2_I1_O)        0.124     8.290 f  gpu/cores[0].core/simt/blocks[0].block_unit/warps[0].warp_unit/gen_shared_float.shared_float_units[0].shared_float_unit/gen_add_sub.add_sub_unit/stage1_product0_i_1__2/O
                         net (fo=15164, routed)       7.438    15.728    comm/rst
    SLICE_X11Y126        FDCE                                         f  comm/const_wdata_reg[9]/CLR
  -------------------------------------------------------------------    -------------------

                         (clock sys_clk_pin rise edge)
                                                     13.333    13.333 r  
    W5                                                0.000    13.333 r  CLK100MHZ (IN)
                         net (fo=0)                   0.000    13.333    CLK100MHZ
    W5                   IBUF (Prop_ibuf_I_O)         1.388    14.721 r  CLK100MHZ_IBUF_inst/O
                         net (fo=1, routed)           1.862    16.583    CLK100MHZ_IBUF
    BUFGCTRL_X0Y0        BUFG (Prop_bufg_I_O)         0.091    16.674 r  CLK100MHZ_IBUF_BUFG_inst/O
                         net (fo=16301, routed)       1.600    18.274    comm/CLK100MHZ_IBUF_BUFG
    SLICE_X11Y126        FDCE                                         r  comm/const_wdata_reg[9]/C
                         clock pessimism              0.180    18.454    
                         clock uncertainty           -0.035    18.419    
    SLICE_X11Y126        FDCE (Recov_fdce_C_CLR)     -0.405    18.014    comm/const_wdata_reg[9]
  -------------------------------------------------------------------
                         required time                         18.014    
                         arrival time                         -15.728    
  -------------------------------------------------------------------
                         slack                                  2.286    

Slack (MET) :             2.286ns  (required time - arrival time)
  Source:                 power_on_reset_reg[4]/C
                            (rising edge-triggered cell FDSE clocked by sys_clk_pin  {rise@0.000ns fall@6.667ns period=13.333ns})
  Destination:            comm/const_wdata_reg[9]_rep/CLR
                            (recovery check against rising-edge clock sys_clk_pin  {rise@0.000ns fall@6.667ns period=13.333ns})
  Path Group:             **async_default**
  Path Type:              Recovery (Max at Slow Process Corner)
  Requirement:            13.333ns  (sys_clk_pin rise@13.333ns - sys_clk_pin rise@0.000ns)
  Data Path Delay:        10.568ns  (logic 0.952ns (9.009%)  route 9.616ns (90.991%))
  Logic Levels:           4  (LUT2=1 LUT4=1 LUT5=1 LUT6=1)
  Clock Path Skew:        -0.039ns (DCD - SCD + CPR)
    Destination Clock Delay (DCD):    4.941ns = ( 18.274 - 13.333 ) 
    Source Clock Delay      (SCD):    5.160ns
    Clock Pessimism Removal (CPR):    0.180ns
  Clock Uncertainty:      0.035ns  ((TSJ^2 + TIJ^2)^1/2 + DJ) / 2 + PE
    Total System Jitter     (TSJ):    0.071ns
    Total Input Jitter      (TIJ):    0.000ns
    Discrete Jitter          (DJ):    0.000ns
    Phase Error              (PE):    0.000ns

    Location             Delay type                Incr(ns)  Path(ns)    Netlist Resource(s)
  -------------------------------------------------------------------    -------------------
                         (clock sys_clk_pin rise edge)
                                                      0.000     0.000 r  
    W5                                                0.000     0.000 r  CLK100MHZ (IN)
                         net (fo=0)                   0.000     0.000    CLK100MHZ
    W5                   IBUF (Prop_ibuf_I_O)         1.458     1.458 r  CLK100MHZ_IBUF_inst/O
                         net (fo=1, routed)           1.967     3.425    CLK100MHZ_IBUF
    BUFGCTRL_X0Y0        BUFG (Prop_bufg_I_O)         0.096     3.521 r  CLK100MHZ_IBUF_BUFG_inst/O
                         net (fo=16301, routed)       1.639     5.160    CLK100MHZ_IBUF_BUFG
    SLICE_X0Y1           FDSE                                         r  power_on_reset_reg[4]/C
  -------------------------------------------------------------------    -------------------
    SLICE_X0Y1           FDSE (Prop_fdse_C_Q)         0.456     5.616 f  power_on_reset_reg[4]/Q
                         net (fo=2, routed)           0.821     6.437    gpu/cores[0].core/simt/blocks[0].block_unit/warps[0].warp_unit/gen_shared_float.shared_float_units[0].shared_float_unit/gen_add_sub.add_sub_unit/power_on_reset_reg[4]
    SLICE_X1Y1           LUT4 (Prop_lut4_I1_O)        0.124     6.561 f  gpu/cores[0].core/simt/blocks[0].block_unit/warps[0].warp_unit/gen_shared_float.shared_float_units[0].shared_float_unit/gen_add_sub.add_sub_unit/power_on_reset[0]_i_9/O
                         net (fo=1, routed)           0.343     6.904    gpu/cores[0].core/simt/blocks[0].block_unit/warps[0].warp_unit/gen_shared_float.shared_float_units[0].shared_float_unit/gen_add_sub.add_sub_unit/power_on_reset[0]_i_9_n_0
    SLICE_X1Y0           LUT5 (Prop_lut5_I4_O)        0.124     7.028 f  gpu/cores[0].core/simt/blocks[0].block_unit/warps[0].warp_unit/gen_shared_float.shared_float_units[0].shared_float_unit/gen_add_sub.add_sub_unit/power_on_reset[0]_i_4/O
                         net (fo=1, routed)           0.403     7.430    gpu/cores[0].core/simt/blocks[0].block_unit/warps[0].warp_unit/gen_shared_float.shared_float_units[0].shared_float_unit/gen_add_sub.add_sub_unit/power_on_reset[0]_i_4_n_0
    SLICE_X1Y2           LUT6 (Prop_lut6_I5_O)        0.124     7.554 f  gpu/cores[0].core/simt/blocks[0].block_unit/warps[0].warp_unit/gen_shared_float.shared_float_units[0].shared_float_unit/gen_add_sub.add_sub_unit/power_on_reset[0]_i_1/O
                         net (fo=17, routed)          0.611     8.166    gpu/cores[0].core/simt/blocks[0].block_unit/warps[0].warp_unit/gen_shared_float.shared_float_units[0].shared_float_unit/gen_add_sub.add_sub_unit/power_on_reset_reg_15_sn_1
    SLICE_X4Y3           LUT2 (Prop_lut2_I1_O)        0.124     8.290 f  gpu/cores[0].core/simt/blocks[0].block_unit/warps[0].warp_unit/gen_shared_float.shared_float_units[0].shared_float_unit/gen_add_sub.add_sub_unit/stage1_product0_i_1__2/O
                         net (fo=15164, routed)       7.438    15.728    comm/rst
    SLICE_X11Y126        FDCE                                         f  comm/const_wdata_reg[9]_rep/CLR
  -------------------------------------------------------------------    -------------------

                         (clock sys_clk_pin rise edge)
                                                     13.333    13.333 r  
    W5                                                0.000    13.333 r  CLK100MHZ (IN)
                         net (fo=0)                   0.000    13.333    CLK100MHZ
    W5                   IBUF (Prop_ibuf_I_O)         1.388    14.721 r  CLK100MHZ_IBUF_inst/O
                         net (fo=1, routed)           1.862    16.583    CLK100MHZ_IBUF
    BUFGCTRL_X0Y0        BUFG (Prop_bufg_I_O)         0.091    16.674 r  CLK100MHZ_IBUF_BUFG_inst/O
                         net (fo=16301, routed)       1.600    18.274    comm/CLK100MHZ_IBUF_BUFG
    SLICE_X11Y126        FDCE                                         r  comm/const_wdata_reg[9]_rep/C
                         clock pessimism              0.180    18.454    
                         clock uncertainty           -0.035    18.419    
    SLICE_X11Y126        FDCE (Recov_fdce_C_CLR)     -0.405    18.014    comm/const_wdata_reg[9]_rep
  -------------------------------------------------------------------
                         required time                         18.014    
                         arrival time                         -15.728    
  -------------------------------------------------------------------
                         slack                                  2.286    

Slack (MET) :             2.768ns  (required time - arrival time)
  Source:                 power_on_reset_reg[4]/C
                            (rising edge-triggered cell FDSE clocked by sys_clk_pin  {rise@0.000ns fall@6.667ns period=13.333ns})
  Destination:            comm/const_wdata_reg[15]_rep__0/CLR
                            (recovery check against rising-edge clock sys_clk_pin  {rise@0.000ns fall@6.667ns period=13.333ns})
  Path Group:             **async_default**
  Path Type:              Recovery (Max at Slow Process Corner)
  Requirement:            13.333ns  (sys_clk_pin rise@13.333ns - sys_clk_pin rise@0.000ns)
  Data Path Delay:        10.095ns  (logic 0.952ns (9.430%)  route 9.143ns (90.570%))
  Logic Levels:           4  (LUT2=1 LUT4=1 LUT5=1 LUT6=1)
  Clock Path Skew:        -0.029ns (DCD - SCD + CPR)
    Destination Clock Delay (DCD):    4.951ns = ( 18.284 - 13.333 ) 
    Source Clock Delay      (SCD):    5.160ns
    Clock Pessimism Removal (CPR):    0.180ns
  Clock Uncertainty:      0.035ns  ((TSJ^2 + TIJ^2)^1/2 + DJ) / 2 + PE
    Total System Jitter     (TSJ):    0.071ns
    Total Input Jitter      (TIJ):    0.000ns
    Discrete Jitter          (DJ):    0.000ns
    Phase Error              (PE):    0.000ns

    Location             Delay type                Incr(ns)  Path(ns)    Netlist Resource(s)
  -------------------------------------------------------------------    -------------------
                         (clock sys_clk_pin rise edge)
                                                      0.000     0.000 r  
    W5                                                0.000     0.000 r  CLK100MHZ (IN)
                         net (fo=0)                   0.000     0.000    CLK100MHZ
    W5                   IBUF (Prop_ibuf_I_O)         1.458     1.458 r  CLK100MHZ_IBUF_inst/O
                         net (fo=1, routed)           1.967     3.425    CLK100MHZ_IBUF
    BUFGCTRL_X0Y0        BUFG (Prop_bufg_I_O)         0.096     3.521 r  CLK100MHZ_IBUF_BUFG_inst/O
                         net (fo=16301, routed)       1.639     5.160    CLK100MHZ_IBUF_BUFG
    SLICE_X0Y1           FDSE                                         r  power_on_reset_reg[4]/C
  -------------------------------------------------------------------    -------------------
    SLICE_X0Y1           FDSE (Prop_fdse_C_Q)         0.456     5.616 f  power_on_reset_reg[4]/Q
                         net (fo=2, routed)           0.821     6.437    gpu/cores[0].core/simt/blocks[0].block_unit/warps[0].warp_unit/gen_shared_float.shared_float_units[0].shared_float_unit/gen_add_sub.add_sub_unit/power_on_reset_reg[4]
    SLICE_X1Y1           LUT4 (Prop_lut4_I1_O)        0.124     6.561 f  gpu/cores[0].core/simt/blocks[0].block_unit/warps[0].warp_unit/gen_shared_float.shared_float_units[0].shared_float_unit/gen_add_sub.add_sub_unit/power_on_reset[0]_i_9/O
                         net (fo=1, routed)           0.343     6.904    gpu/cores[0].core/simt/blocks[0].block_unit/warps[0].warp_unit/gen_shared_float.shared_float_units[0].shared_float_unit/gen_add_sub.add_sub_unit/power_on_reset[0]_i_9_n_0
    SLICE_X1Y0           LUT5 (Prop_lut5_I4_O)        0.124     7.028 f  gpu/cores[0].core/simt/blocks[0].block_unit/warps[0].warp_unit/gen_shared_float.shared_float_units[0].shared_float_unit/gen_add_sub.add_sub_unit/power_on_reset[0]_i_4/O
                         net (fo=1, routed)           0.403     7.430    gpu/cores[0].core/simt/blocks[0].block_unit/warps[0].warp_unit/gen_shared_float.shared_float_units[0].shared_float_unit/gen_add_sub.add_sub_unit/power_on_reset[0]_i_4_n_0
    SLICE_X1Y2           LUT6 (Prop_lut6_I5_O)        0.124     7.554 f  gpu/cores[0].core/simt/blocks[0].block_unit/warps[0].warp_unit/gen_shared_float.shared_float_units[0].shared_float_unit/gen_add_sub.add_sub_unit/power_on_reset[0]_i_1/O
                         net (fo=17, routed)          0.611     8.166    gpu/cores[0].core/simt/blocks[0].block_unit/warps[0].warp_unit/gen_shared_float.shared_float_units[0].shared_float_unit/gen_add_sub.add_sub_unit/power_on_reset_reg_15_sn_1
    SLICE_X4Y3           LUT2 (Prop_lut2_I1_O)        0.124     8.290 f  gpu/cores[0].core/simt/blocks[0].block_unit/warps[0].warp_unit/gen_shared_float.shared_float_units[0].shared_float_unit/gen_add_sub.add_sub_unit/stage1_product0_i_1__2/O
                         net (fo=15164, routed)       6.966    15.255    comm/rst
    SLICE_X11Y114        FDCE                                         f  comm/const_wdata_reg[15]_rep__0/CLR
  -------------------------------------------------------------------    -------------------

                         (clock sys_clk_pin rise edge)
                                                     13.333    13.333 r  
    W5                                                0.000    13.333 r  CLK100MHZ (IN)
                         net (fo=0)                   0.000    13.333    CLK100MHZ
    W5                   IBUF (Prop_ibuf_I_O)         1.388    14.721 r  CLK100MHZ_IBUF_inst/O
                         net (fo=1, routed)           1.862    16.583    CLK100MHZ_IBUF
    BUFGCTRL_X0Y0        BUFG (Prop_bufg_I_O)         0.091    16.674 r  CLK100MHZ_IBUF_BUFG_inst/O
                         net (fo=16301, routed)       1.610    18.284    comm/CLK100MHZ_IBUF_BUFG
    SLICE_X11Y114        FDCE                                         r  comm/const_wdata_reg[15]_rep__0/C
                         clock pessimism              0.180    18.464    
                         clock uncertainty           -0.035    18.429    
    SLICE_X11Y114        FDCE (Recov_fdce_C_CLR)     -0.405    18.024    comm/const_wdata_reg[15]_rep__0
  -------------------------------------------------------------------
                         required time                         18.024    
                         arrival time                         -15.255    
  -------------------------------------------------------------------
                         slack                                  2.768    

Slack (MET) :             2.768ns  (required time - arrival time)
  Source:                 power_on_reset_reg[4]/C
                            (rising edge-triggered cell FDSE clocked by sys_clk_pin  {rise@0.000ns fall@6.667ns period=13.333ns})
  Destination:            comm/const_wdata_reg[30]/CLR
                            (recovery check against rising-edge clock sys_clk_pin  {rise@0.000ns fall@6.667ns period=13.333ns})
  Path Group:             **async_default**
  Path Type:              Recovery (Max at Slow Process Corner)
  Requirement:            13.333ns  (sys_clk_pin rise@13.333ns - sys_clk_pin rise@0.000ns)
  Data Path Delay:        10.095ns  (logic 0.952ns (9.430%)  route 9.143ns (90.570%))
  Logic Levels:           4  (LUT2=1 LUT4=1 LUT5=1 LUT6=1)
  Clock Path Skew:        -0.029ns (DCD - SCD + CPR)
    Destination Clock Delay (DCD):    4.951ns = ( 18.284 - 13.333 ) 
    Source Clock Delay      (SCD):    5.160ns
    Clock Pessimism Removal (CPR):    0.180ns
  Clock Uncertainty:      0.035ns  ((TSJ^2 + TIJ^2)^1/2 + DJ) / 2 + PE
    Total System Jitter     (TSJ):    0.071ns
    Total Input Jitter      (TIJ):    0.000ns
    Discrete Jitter          (DJ):    0.000ns
    Phase Error              (PE):    0.000ns

    Location             Delay type                Incr(ns)  Path(ns)    Netlist Resource(s)
  -------------------------------------------------------------------    -------------------
                         (clock sys_clk_pin rise edge)
                                                      0.000     0.000 r  
    W5                                                0.000     0.000 r  CLK100MHZ (IN)
                         net (fo=0)                   0.000     0.000    CLK100MHZ
    W5                   IBUF (Prop_ibuf_I_O)         1.458     1.458 r  CLK100MHZ_IBUF_inst/O
                         net (fo=1, routed)           1.967     3.425    CLK100MHZ_IBUF
    BUFGCTRL_X0Y0        BUFG (Prop_bufg_I_O)         0.096     3.521 r  CLK100MHZ_IBUF_BUFG_inst/O
                         net (fo=16301, routed)       1.639     5.160    CLK100MHZ_IBUF_BUFG
    SLICE_X0Y1           FDSE                                         r  power_on_reset_reg[4]/C
  -------------------------------------------------------------------    -------------------
    SLICE_X0Y1           FDSE (Prop_fdse_C_Q)         0.456     5.616 f  power_on_reset_reg[4]/Q
                         net (fo=2, routed)           0.821     6.437    gpu/cores[0].core/simt/blocks[0].block_unit/warps[0].warp_unit/gen_shared_float.shared_float_units[0].shared_float_unit/gen_add_sub.add_sub_unit/power_on_reset_reg[4]
    SLICE_X1Y1           LUT4 (Prop_lut4_I1_O)        0.124     6.561 f  gpu/cores[0].core/simt/blocks[0].block_unit/warps[0].warp_unit/gen_shared_float.shared_float_units[0].shared_float_unit/gen_add_sub.add_sub_unit/power_on_reset[0]_i_9/O
                         net (fo=1, routed)           0.343     6.904    gpu/cores[0].core/simt/blocks[0].block_unit/warps[0].warp_unit/gen_shared_float.shared_float_units[0].shared_float_unit/gen_add_sub.add_sub_unit/power_on_reset[0]_i_9_n_0
    SLICE_X1Y0           LUT5 (Prop_lut5_I4_O)        0.124     7.028 f  gpu/cores[0].core/simt/blocks[0].block_unit/warps[0].warp_unit/gen_shared_float.shared_float_units[0].shared_float_unit/gen_add_sub.add_sub_unit/power_on_reset[0]_i_4/O
                         net (fo=1, routed)           0.403     7.430    gpu/cores[0].core/simt/blocks[0].block_unit/warps[0].warp_unit/gen_shared_float.shared_float_units[0].shared_float_unit/gen_add_sub.add_sub_unit/power_on_reset[0]_i_4_n_0
    SLICE_X1Y2           LUT6 (Prop_lut6_I5_O)        0.124     7.554 f  gpu/cores[0].core/simt/blocks[0].block_unit/warps[0].warp_unit/gen_shared_float.shared_float_units[0].shared_float_unit/gen_add_sub.add_sub_unit/power_on_reset[0]_i_1/O
                         net (fo=17, routed)          0.611     8.166    gpu/cores[0].core/simt/blocks[0].block_unit/warps[0].warp_unit/gen_shared_float.shared_float_units[0].shared_float_unit/gen_add_sub.add_sub_unit/power_on_reset_reg_15_sn_1
    SLICE_X4Y3           LUT2 (Prop_lut2_I1_O)        0.124     8.290 f  gpu/cores[0].core/simt/blocks[0].block_unit/warps[0].warp_unit/gen_shared_float.shared_float_units[0].shared_float_unit/gen_add_sub.add_sub_unit/stage1_product0_i_1__2/O
                         net (fo=15164, routed)       6.966    15.255    comm/rst
    SLICE_X11Y114        FDCE                                         f  comm/const_wdata_reg[30]/CLR
  -------------------------------------------------------------------    -------------------

                         (clock sys_clk_pin rise edge)
                                                     13.333    13.333 r  
    W5                                                0.000    13.333 r  CLK100MHZ (IN)
                         net (fo=0)                   0.000    13.333    CLK100MHZ
    W5                   IBUF (Prop_ibuf_I_O)         1.388    14.721 r  CLK100MHZ_IBUF_inst/O
                         net (fo=1, routed)           1.862    16.583    CLK100MHZ_IBUF
    BUFGCTRL_X0Y0        BUFG (Prop_bufg_I_O)         0.091    16.674 r  CLK100MHZ_IBUF_BUFG_inst/O
                         net (fo=16301, routed)       1.610    18.284    comm/CLK100MHZ_IBUF_BUFG
    SLICE_X11Y114        FDCE                                         r  comm/const_wdata_reg[30]/C
                         clock pessimism              0.180    18.464    
                         clock uncertainty           -0.035    18.429    
    SLICE_X11Y114        FDCE (Recov_fdce_C_CLR)     -0.405    18.024    comm/const_wdata_reg[30]
  -------------------------------------------------------------------
                         required time                         18.024    
                         arrival time                         -15.255    
  -------------------------------------------------------------------
                         slack                                  2.768    

Slack (MET) :             2.781ns  (required time - arrival time)
  Source:                 power_on_reset_reg[4]/C
                            (rising edge-triggered cell FDSE clocked by sys_clk_pin  {rise@0.000ns fall@6.667ns period=13.333ns})
  Destination:            comm/const_wdata_reg[14]_rep/CLR
                            (recovery check against rising-edge clock sys_clk_pin  {rise@0.000ns fall@6.667ns period=13.333ns})
  Path Group:             **async_default**
  Path Type:              Recovery (Max at Slow Process Corner)
  Requirement:            13.333ns  (sys_clk_pin rise@13.333ns - sys_clk_pin rise@0.000ns)
  Data Path Delay:        10.072ns  (logic 0.952ns (9.452%)  route 9.120ns (90.548%))
  Logic Levels:           4  (LUT2=1 LUT4=1 LUT5=1 LUT6=1)
  Clock Path Skew:        -0.039ns (DCD - SCD + CPR)
    Destination Clock Delay (DCD):    4.941ns = ( 18.274 - 13.333 ) 
    Source Clock Delay      (SCD):    5.160ns
    Clock Pessimism Removal (CPR):    0.180ns
  Clock Uncertainty:      0.035ns  ((TSJ^2 + TIJ^2)^1/2 + DJ) / 2 + PE
    Total System Jitter     (TSJ):    0.071ns
    Total Input Jitter      (TIJ):    0.000ns
    Discrete Jitter          (DJ):    0.000ns
    Phase Error              (PE):    0.000ns

    Location             Delay type                Incr(ns)  Path(ns)    Netlist Resource(s)
  -------------------------------------------------------------------    -------------------
                         (clock sys_clk_pin rise edge)
                                                      0.000     0.000 r  
    W5                                                0.000     0.000 r  CLK100MHZ (IN)
                         net (fo=0)                   0.000     0.000    CLK100MHZ
    W5                   IBUF (Prop_ibuf_I_O)         1.458     1.458 r  CLK100MHZ_IBUF_inst/O
                         net (fo=1, routed)           1.967     3.425    CLK100MHZ_IBUF
    BUFGCTRL_X0Y0        BUFG (Prop_bufg_I_O)         0.096     3.521 r  CLK100MHZ_IBUF_BUFG_inst/O
                         net (fo=16301, routed)       1.639     5.160    CLK100MHZ_IBUF_BUFG
    SLICE_X0Y1           FDSE                                         r  power_on_reset_reg[4]/C
  -------------------------------------------------------------------    -------------------
    SLICE_X0Y1           FDSE (Prop_fdse_C_Q)         0.456     5.616 f  power_on_reset_reg[4]/Q
                         net (fo=2, routed)           0.821     6.437    gpu/cores[0].core/simt/blocks[0].block_unit/warps[0].warp_unit/gen_shared_float.shared_float_units[0].shared_float_unit/gen_add_sub.add_sub_unit/power_on_reset_reg[4]
    SLICE_X1Y1           LUT4 (Prop_lut4_I1_O)        0.124     6.561 f  gpu/cores[0].core/simt/blocks[0].block_unit/warps[0].warp_unit/gen_shared_float.shared_float_units[0].shared_float_unit/gen_add_sub.add_sub_unit/power_on_reset[0]_i_9/O
                         net (fo=1, routed)           0.343     6.904    gpu/cores[0].core/simt/blocks[0].block_unit/warps[0].warp_unit/gen_shared_float.shared_float_units[0].shared_float_unit/gen_add_sub.add_sub_unit/power_on_reset[0]_i_9_n_0
    SLICE_X1Y0           LUT5 (Prop_lut5_I4_O)        0.124     7.028 f  gpu/cores[0].core/simt/blocks[0].block_unit/warps[0].warp_unit/gen_shared_float.shared_float_units[0].shared_float_unit/gen_add_sub.add_sub_unit/power_on_reset[0]_i_4/O
                         net (fo=1, routed)           0.403     7.430    gpu/cores[0].core/simt/blocks[0].block_unit/warps[0].warp_unit/gen_shared_float.shared_float_units[0].shared_float_unit/gen_add_sub.add_sub_unit/power_on_reset[0]_i_4_n_0
    SLICE_X1Y2           LUT6 (Prop_lut6_I5_O)        0.124     7.554 f  gpu/cores[0].core/simt/blocks[0].block_unit/warps[0].warp_unit/gen_shared_float.shared_float_units[0].shared_float_unit/gen_add_sub.add_sub_unit/power_on_reset[0]_i_1/O
                         net (fo=17, routed)          0.611     8.166    gpu/cores[0].core/simt/blocks[0].block_unit/warps[0].warp_unit/gen_shared_float.shared_float_units[0].shared_float_unit/gen_add_sub.add_sub_unit/power_on_reset_reg_15_sn_1
    SLICE_X4Y3           LUT2 (Prop_lut2_I1_O)        0.124     8.290 f  gpu/cores[0].core/simt/blocks[0].block_unit/warps[0].warp_unit/gen_shared_float.shared_float_units[0].shared_float_unit/gen_add_sub.add_sub_unit/stage1_product0_i_1__2/O
                         net (fo=15164, routed)       6.943    15.232    comm/rst
    SLICE_X36Y132        FDCE                                         f  comm/const_wdata_reg[14]_rep/CLR
  -------------------------------------------------------------------    -------------------

                         (clock sys_clk_pin rise edge)
                                                     13.333    13.333 r  
    W5                                                0.000    13.333 r  CLK100MHZ (IN)
                         net (fo=0)                   0.000    13.333    CLK100MHZ
    W5                   IBUF (Prop_ibuf_I_O)         1.388    14.721 r  CLK100MHZ_IBUF_inst/O
                         net (fo=1, routed)           1.862    16.583    CLK100MHZ_IBUF
    BUFGCTRL_X0Y0        BUFG (Prop_bufg_I_O)         0.091    16.674 r  CLK100MHZ_IBUF_BUFG_inst/O
                         net (fo=16301, routed)       1.600    18.274    comm/CLK100MHZ_IBUF_BUFG
    SLICE_X36Y132        FDCE                                         r  comm/const_wdata_reg[14]_rep/C
                         clock pessimism              0.180    18.454    
                         clock uncertainty           -0.035    18.419    
    SLICE_X36Y132        FDCE (Recov_fdce_C_CLR)     -0.405    18.014    comm/const_wdata_reg[14]_rep
  -------------------------------------------------------------------
                         required time                         18.014    
                         arrival time                         -15.232    
  -------------------------------------------------------------------
                         slack                                  2.781    

Slack (MET) :             2.831ns  (required time - arrival time)
  Source:                 power_on_reset_reg[4]/C
                            (rising edge-triggered cell FDSE clocked by sys_clk_pin  {rise@0.000ns fall@6.667ns period=13.333ns})
  Destination:            comm/const_wdata_reg[20]/CLR
                            (recovery check against rising-edge clock sys_clk_pin  {rise@0.000ns fall@6.667ns period=13.333ns})
  Path Group:             **async_default**
  Path Type:              Recovery (Max at Slow Process Corner)
  Requirement:            13.333ns  (sys_clk_pin rise@13.333ns - sys_clk_pin rise@0.000ns)
  Data Path Delay:        10.019ns  (logic 0.952ns (9.502%)  route 9.067ns (90.498%))
  Logic Levels:           4  (LUT2=1 LUT4=1 LUT5=1 LUT6=1)
  Clock Path Skew:        -0.042ns (DCD - SCD + CPR)
    Destination Clock Delay (DCD):    4.938ns = ( 18.271 - 13.333 ) 
    Source Clock Delay      (SCD):    5.160ns
    Clock Pessimism Removal (CPR):    0.180ns
  Clock Uncertainty:      0.035ns  ((TSJ^2 + TIJ^2)^1/2 + DJ) / 2 + PE
    Total System Jitter     (TSJ):    0.071ns
    Total Input Jitter      (TIJ):    0.000ns
    Discrete Jitter          (DJ):    0.000ns
    Phase Error              (PE):    0.000ns

    Location             Delay type                Incr(ns)  Path(ns)    Netlist Resource(s)
  -------------------------------------------------------------------    -------------------
                         (clock sys_clk_pin rise edge)
                                                      0.000     0.000 r  
    W5                                                0.000     0.000 r  CLK100MHZ (IN)
                         net (fo=0)                   0.000     0.000    CLK100MHZ
    W5                   IBUF (Prop_ibuf_I_O)         1.458     1.458 r  CLK100MHZ_IBUF_inst/O
                         net (fo=1, routed)           1.967     3.425    CLK100MHZ_IBUF
    BUFGCTRL_X0Y0        BUFG (Prop_bufg_I_O)         0.096     3.521 r  CLK100MHZ_IBUF_BUFG_inst/O
                         net (fo=16301, routed)       1.639     5.160    CLK100MHZ_IBUF_BUFG
    SLICE_X0Y1           FDSE                                         r  power_on_reset_reg[4]/C
  -------------------------------------------------------------------    -------------------
    SLICE_X0Y1           FDSE (Prop_fdse_C_Q)         0.456     5.616 f  power_on_reset_reg[4]/Q
                         net (fo=2, routed)           0.821     6.437    gpu/cores[0].core/simt/blocks[0].block_unit/warps[0].warp_unit/gen_shared_float.shared_float_units[0].shared_float_unit/gen_add_sub.add_sub_unit/power_on_reset_reg[4]
    SLICE_X1Y1           LUT4 (Prop_lut4_I1_O)        0.124     6.561 f  gpu/cores[0].core/simt/blocks[0].block_unit/warps[0].warp_unit/gen_shared_float.shared_float_units[0].shared_float_unit/gen_add_sub.add_sub_unit/power_on_reset[0]_i_9/O
                         net (fo=1, routed)           0.343     6.904    gpu/cores[0].core/simt/blocks[0].block_unit/warps[0].warp_unit/gen_shared_float.shared_float_units[0].shared_float_unit/gen_add_sub.add_sub_unit/power_on_reset[0]_i_9_n_0
    SLICE_X1Y0           LUT5 (Prop_lut5_I4_O)        0.124     7.028 f  gpu/cores[0].core/simt/blocks[0].block_unit/warps[0].warp_unit/gen_shared_float.shared_float_units[0].shared_float_unit/gen_add_sub.add_sub_unit/power_on_reset[0]_i_4/O
                         net (fo=1, routed)           0.403     7.430    gpu/cores[0].core/simt/blocks[0].block_unit/warps[0].warp_unit/gen_shared_float.shared_float_units[0].shared_float_unit/gen_add_sub.add_sub_unit/power_on_reset[0]_i_4_n_0
    SLICE_X1Y2           LUT6 (Prop_lut6_I5_O)        0.124     7.554 f  gpu/cores[0].core/simt/blocks[0].block_unit/warps[0].warp_unit/gen_shared_float.shared_float_units[0].shared_float_unit/gen_add_sub.add_sub_unit/power_on_reset[0]_i_1/O
                         net (fo=17, routed)          0.611     8.166    gpu/cores[0].core/simt/blocks[0].block_unit/warps[0].warp_unit/gen_shared_float.shared_float_units[0].shared_float_unit/gen_add_sub.add_sub_unit/power_on_reset_reg_15_sn_1
    SLICE_X4Y3           LUT2 (Prop_lut2_I1_O)        0.124     8.290 f  gpu/cores[0].core/simt/blocks[0].block_unit/warps[0].warp_unit/gen_shared_float.shared_float_units[0].shared_float_unit/gen_add_sub.add_sub_unit/stage1_product0_i_1__2/O
                         net (fo=15164, routed)       6.890    15.180    comm/rst
    SLICE_X31Y128        FDCE                                         f  comm/const_wdata_reg[20]/CLR
  -------------------------------------------------------------------    -------------------

                         (clock sys_clk_pin rise edge)
                                                     13.333    13.333 r  
    W5                                                0.000    13.333 r  CLK100MHZ (IN)
                         net (fo=0)                   0.000    13.333    CLK100MHZ
    W5                   IBUF (Prop_ibuf_I_O)         1.388    14.721 r  CLK100MHZ_IBUF_inst/O
                         net (fo=1, routed)           1.862    16.583    CLK100MHZ_IBUF
    BUFGCTRL_X0Y0        BUFG (Prop_bufg_I_O)         0.091    16.674 r  CLK100MHZ_IBUF_BUFG_inst/O
                         net (fo=16301, routed)       1.597    18.271    comm/CLK100MHZ_IBUF_BUFG
    SLICE_X31Y128        FDCE                                         r  comm/const_wdata_reg[20]/C
                         clock pessimism              0.180    18.451    
                         clock uncertainty           -0.035    18.416    
    SLICE_X31Y128        FDCE (Recov_fdce_C_CLR)     -0.405    18.011    comm/const_wdata_reg[20]
  -------------------------------------------------------------------
                         required time                         18.011    
                         arrival time                         -15.180    
  -------------------------------------------------------------------
                         slack                                  2.831    

Slack (MET) :             2.831ns  (required time - arrival time)
  Source:                 power_on_reset_reg[4]/C
                            (rising edge-triggered cell FDSE clocked by sys_clk_pin  {rise@0.000ns fall@6.667ns period=13.333ns})
  Destination:            comm/const_wdata_reg[20]_rep/CLR
                            (recovery check against rising-edge clock sys_clk_pin  {rise@0.000ns fall@6.667ns period=13.333ns})
  Path Group:             **async_default**
  Path Type:              Recovery (Max at Slow Process Corner)
  Requirement:            13.333ns  (sys_clk_pin rise@13.333ns - sys_clk_pin rise@0.000ns)
  Data Path Delay:        10.019ns  (logic 0.952ns (9.502%)  route 9.067ns (90.498%))
  Logic Levels:           4  (LUT2=1 LUT4=1 LUT5=1 LUT6=1)
  Clock Path Skew:        -0.042ns (DCD - SCD + CPR)
    Destination Clock Delay (DCD):    4.938ns = ( 18.271 - 13.333 ) 
    Source Clock Delay      (SCD):    5.160ns
    Clock Pessimism Removal (CPR):    0.180ns
  Clock Uncertainty:      0.035ns  ((TSJ^2 + TIJ^2)^1/2 + DJ) / 2 + PE
    Total System Jitter     (TSJ):    0.071ns
    Total Input Jitter      (TIJ):    0.000ns
    Discrete Jitter          (DJ):    0.000ns
    Phase Error              (PE):    0.000ns

    Location             Delay type                Incr(ns)  Path(ns)    Netlist Resource(s)
  -------------------------------------------------------------------    -------------------
                         (clock sys_clk_pin rise edge)
                                                      0.000     0.000 r  
    W5                                                0.000     0.000 r  CLK100MHZ (IN)
                         net (fo=0)                   0.000     0.000    CLK100MHZ
    W5                   IBUF (Prop_ibuf_I_O)         1.458     1.458 r  CLK100MHZ_IBUF_inst/O
                         net (fo=1, routed)           1.967     3.425    CLK100MHZ_IBUF
    BUFGCTRL_X0Y0        BUFG (Prop_bufg_I_O)         0.096     3.521 r  CLK100MHZ_IBUF_BUFG_inst/O
                         net (fo=16301, routed)       1.639     5.160    CLK100MHZ_IBUF_BUFG
    SLICE_X0Y1           FDSE                                         r  power_on_reset_reg[4]/C
  -------------------------------------------------------------------    -------------------
    SLICE_X0Y1           FDSE (Prop_fdse_C_Q)         0.456     5.616 f  power_on_reset_reg[4]/Q
                         net (fo=2, routed)           0.821     6.437    gpu/cores[0].core/simt/blocks[0].block_unit/warps[0].warp_unit/gen_shared_float.shared_float_units[0].shared_float_unit/gen_add_sub.add_sub_unit/power_on_reset_reg[4]
    SLICE_X1Y1           LUT4 (Prop_lut4_I1_O)        0.124     6.561 f  gpu/cores[0].core/simt/blocks[0].block_unit/warps[0].warp_unit/gen_shared_float.shared_float_units[0].shared_float_unit/gen_add_sub.add_sub_unit/power_on_reset[0]_i_9/O
                         net (fo=1, routed)           0.343     6.904    gpu/cores[0].core/simt/blocks[0].block_unit/warps[0].warp_unit/gen_shared_float.shared_float_units[0].shared_float_unit/gen_add_sub.add_sub_unit/power_on_reset[0]_i_9_n_0
    SLICE_X1Y0           LUT5 (Prop_lut5_I4_O)        0.124     7.028 f  gpu/cores[0].core/simt/blocks[0].block_unit/warps[0].warp_unit/gen_shared_float.shared_float_units[0].shared_float_unit/gen_add_sub.add_sub_unit/power_on_reset[0]_i_4/O
                         net (fo=1, routed)           0.403     7.430    gpu/cores[0].core/simt/blocks[0].block_unit/warps[0].warp_unit/gen_shared_float.shared_float_units[0].shared_float_unit/gen_add_sub.add_sub_unit/power_on_reset[0]_i_4_n_0
    SLICE_X1Y2           LUT6 (Prop_lut6_I5_O)        0.124     7.554 f  gpu/cores[0].core/simt/blocks[0].block_unit/warps[0].warp_unit/gen_shared_float.shared_float_units[0].shared_float_unit/gen_add_sub.add_sub_unit/power_on_reset[0]_i_1/O
                         net (fo=17, routed)          0.611     8.166    gpu/cores[0].core/simt/blocks[0].block_unit/warps[0].warp_unit/gen_shared_float.shared_float_units[0].shared_float_unit/gen_add_sub.add_sub_unit/power_on_reset_reg_15_sn_1
    SLICE_X4Y3           LUT2 (Prop_lut2_I1_O)        0.124     8.290 f  gpu/cores[0].core/simt/blocks[0].block_unit/warps[0].warp_unit/gen_shared_float.shared_float_units[0].shared_float_unit/gen_add_sub.add_sub_unit/stage1_product0_i_1__2/O
                         net (fo=15164, routed)       6.890    15.180    comm/rst
    SLICE_X31Y128        FDCE                                         f  comm/const_wdata_reg[20]_rep/CLR
  -------------------------------------------------------------------    -------------------

                         (clock sys_clk_pin rise edge)
                                                     13.333    13.333 r  
    W5                                                0.000    13.333 r  CLK100MHZ (IN)
                         net (fo=0)                   0.000    13.333    CLK100MHZ
    W5                   IBUF (Prop_ibuf_I_O)         1.388    14.721 r  CLK100MHZ_IBUF_inst/O
                         net (fo=1, routed)           1.862    16.583    CLK100MHZ_IBUF
    BUFGCTRL_X0Y0        BUFG (Prop_bufg_I_O)         0.091    16.674 r  CLK100MHZ_IBUF_BUFG_inst/O
                         net (fo=16301, routed)       1.597    18.271    comm/CLK100MHZ_IBUF_BUFG
    SLICE_X31Y128        FDCE                                         r  comm/const_wdata_reg[20]_rep/C
                         clock pessimism              0.180    18.451    
                         clock uncertainty           -0.035    18.416    
    SLICE_X31Y128        FDCE (Recov_fdce_C_CLR)     -0.405    18.011    comm/const_wdata_reg[20]_rep
  -------------------------------------------------------------------
                         required time                         18.011    
                         arrival time                         -15.180    
  -------------------------------------------------------------------
                         slack                                  2.831    

Slack (MET) :             2.831ns  (required time - arrival time)
  Source:                 power_on_reset_reg[4]/C
                            (rising edge-triggered cell FDSE clocked by sys_clk_pin  {rise@0.000ns fall@6.667ns period=13.333ns})
  Destination:            comm/const_wdata_reg[23]/CLR
                            (recovery check against rising-edge clock sys_clk_pin  {rise@0.000ns fall@6.667ns period=13.333ns})
  Path Group:             **async_default**
  Path Type:              Recovery (Max at Slow Process Corner)
  Requirement:            13.333ns  (sys_clk_pin rise@13.333ns - sys_clk_pin rise@0.000ns)
  Data Path Delay:        10.019ns  (logic 0.952ns (9.502%)  route 9.067ns (90.498%))
  Logic Levels:           4  (LUT2=1 LUT4=1 LUT5=1 LUT6=1)
  Clock Path Skew:        -0.042ns (DCD - SCD + CPR)
    Destination Clock Delay (DCD):    4.938ns = ( 18.271 - 13.333 ) 
    Source Clock Delay      (SCD):    5.160ns
    Clock Pessimism Removal (CPR):    0.180ns
  Clock Uncertainty:      0.035ns  ((TSJ^2 + TIJ^2)^1/2 + DJ) / 2 + PE
    Total System Jitter     (TSJ):    0.071ns
    Total Input Jitter      (TIJ):    0.000ns
    Discrete Jitter          (DJ):    0.000ns
    Phase Error              (PE):    0.000ns

    Location             Delay type                Incr(ns)  Path(ns)    Netlist Resource(s)
  -------------------------------------------------------------------    -------------------
                         (clock sys_clk_pin rise edge)
                                                      0.000     0.000 r  
    W5                                                0.000     0.000 r  CLK100MHZ (IN)
                         net (fo=0)                   0.000     0.000    CLK100MHZ
    W5                   IBUF (Prop_ibuf_I_O)         1.458     1.458 r  CLK100MHZ_IBUF_inst/O
                         net (fo=1, routed)           1.967     3.425    CLK100MHZ_IBUF
    BUFGCTRL_X0Y0        BUFG (Prop_bufg_I_O)         0.096     3.521 r  CLK100MHZ_IBUF_BUFG_inst/O
                         net (fo=16301, routed)       1.639     5.160    CLK100MHZ_IBUF_BUFG
    SLICE_X0Y1           FDSE                                         r  power_on_reset_reg[4]/C
  -------------------------------------------------------------------    -------------------
    SLICE_X0Y1           FDSE (Prop_fdse_C_Q)         0.456     5.616 f  power_on_reset_reg[4]/Q
                         net (fo=2, routed)           0.821     6.437    gpu/cores[0].core/simt/blocks[0].block_unit/warps[0].warp_unit/gen_shared_float.shared_float_units[0].shared_float_unit/gen_add_sub.add_sub_unit/power_on_reset_reg[4]
    SLICE_X1Y1           LUT4 (Prop_lut4_I1_O)        0.124     6.561 f  gpu/cores[0].core/simt/blocks[0].block_unit/warps[0].warp_unit/gen_shared_float.shared_float_units[0].shared_float_unit/gen_add_sub.add_sub_unit/power_on_reset[0]_i_9/O
                         net (fo=1, routed)           0.343     6.904    gpu/cores[0].core/simt/blocks[0].block_unit/warps[0].warp_unit/gen_shared_float.shared_float_units[0].shared_float_unit/gen_add_sub.add_sub_unit/power_on_reset[0]_i_9_n_0
    SLICE_X1Y0           LUT5 (Prop_lut5_I4_O)        0.124     7.028 f  gpu/cores[0].core/simt/blocks[0].block_unit/warps[0].warp_unit/gen_shared_float.shared_float_units[0].shared_float_unit/gen_add_sub.add_sub_unit/power_on_reset[0]_i_4/O
                         net (fo=1, routed)           0.403     7.430    gpu/cores[0].core/simt/blocks[0].block_unit/warps[0].warp_unit/gen_shared_float.shared_float_units[0].shared_float_unit/gen_add_sub.add_sub_unit/power_on_reset[0]_i_4_n_0
    SLICE_X1Y2           LUT6 (Prop_lut6_I5_O)        0.124     7.554 f  gpu/cores[0].core/simt/blocks[0].block_unit/warps[0].warp_unit/gen_shared_float.shared_float_units[0].shared_float_unit/gen_add_sub.add_sub_unit/power_on_reset[0]_i_1/O
                         net (fo=17, routed)          0.611     8.166    gpu/cores[0].core/simt/blocks[0].block_unit/warps[0].warp_unit/gen_shared_float.shared_float_units[0].shared_float_unit/gen_add_sub.add_sub_unit/power_on_reset_reg_15_sn_1
    SLICE_X4Y3           LUT2 (Prop_lut2_I1_O)        0.124     8.290 f  gpu/cores[0].core/simt/blocks[0].block_unit/warps[0].warp_unit/gen_shared_float.shared_float_units[0].shared_float_unit/gen_add_sub.add_sub_unit/stage1_product0_i_1__2/O
                         net (fo=15164, routed)       6.890    15.180    comm/rst
    SLICE_X31Y128        FDCE                                         f  comm/const_wdata_reg[23]/CLR
  -------------------------------------------------------------------    -------------------

                         (clock sys_clk_pin rise edge)
                                                     13.333    13.333 r  
    W5                                                0.000    13.333 r  CLK100MHZ (IN)
                         net (fo=0)                   0.000    13.333    CLK100MHZ
    W5                   IBUF (Prop_ibuf_I_O)         1.388    14.721 r  CLK100MHZ_IBUF_inst/O
                         net (fo=1, routed)           1.862    16.583    CLK100MHZ_IBUF
    BUFGCTRL_X0Y0        BUFG (Prop_bufg_I_O)         0.091    16.674 r  CLK100MHZ_IBUF_BUFG_inst/O
                         net (fo=16301, routed)       1.597    18.271    comm/CLK100MHZ_IBUF_BUFG
    SLICE_X31Y128        FDCE                                         r  comm/const_wdata_reg[23]/C
                         clock pessimism              0.180    18.451    
                         clock uncertainty           -0.035    18.416    
    SLICE_X31Y128        FDCE (Recov_fdce_C_CLR)     -0.405    18.011    comm/const_wdata_reg[23]
  -------------------------------------------------------------------
                         required time                         18.011    
                         arrival time                         -15.180    
  -------------------------------------------------------------------
                         slack                                  2.831    





Min Delay Paths
--------------------------------------------------------------------------------------
Slack (MET) :             1.250ns  (arrival time - required time)
  Source:                 btnC_sync_reg/C
                            (rising edge-triggered cell FDRE clocked by sys_clk_pin  {rise@0.000ns fall@6.667ns period=13.333ns})
  Destination:            memory_bus/resp_owner_core_q_reg/CLR
                            (removal check against rising-edge clock sys_clk_pin  {rise@0.000ns fall@6.667ns period=13.333ns})
  Path Group:             **async_default**
  Path Type:              Removal (Min at Fast Process Corner)
  Requirement:            0.000ns  (sys_clk_pin rise@0.000ns - sys_clk_pin rise@0.000ns)
  Data Path Delay:        1.416ns  (logic 0.209ns (14.757%)  route 1.207ns (85.243%))
  Logic Levels:           1  (LUT2=1)
  Clock Path Skew:        0.233ns (DCD - SCD - CPR)
    Destination Clock Delay (DCD):    1.957ns
    Source Clock Delay      (SCD):    1.475ns
    Clock Pessimism Removal (CPR):    0.249ns

    Location             Delay type                Incr(ns)  Path(ns)    Netlist Resource(s)
  -------------------------------------------------------------------    -------------------
                         (clock sys_clk_pin rise edge)
                                                      0.000     0.000 r  
    W5                                                0.000     0.000 r  CLK100MHZ (IN)
                         net (fo=0)                   0.000     0.000    CLK100MHZ
    W5                   IBUF (Prop_ibuf_I_O)         0.226     0.226 r  CLK100MHZ_IBUF_inst/O
                         net (fo=1, routed)           0.631     0.858    CLK100MHZ_IBUF
    BUFGCTRL_X0Y0        BUFG (Prop_bufg_I_O)         0.026     0.884 r  CLK100MHZ_IBUF_BUFG_inst/O
                         net (fo=16301, routed)       0.592     1.475    CLK100MHZ_IBUF_BUFG
    SLICE_X6Y7           FDRE                                         r  btnC_sync_reg/C
  -------------------------------------------------------------------    -------------------
    SLICE_X6Y7           FDRE (Prop_fdre_C_Q)         0.164     1.639 f  btnC_sync_reg/Q
                         net (fo=17, routed)          0.291     1.930    gpu/cores[0].core/simt/blocks[0].block_unit/warps[0].warp_unit/gen_shared_float.shared_float_units[0].shared_float_unit/gen_add_sub.add_sub_unit/btnC_sync
    SLICE_X4Y3           LUT2 (Prop_lut2_I0_O)        0.045     1.975 f  gpu/cores[0].core/simt/blocks[0].block_unit/warps[0].warp_unit/gen_shared_float.shared_float_units[0].shared_float_unit/gen_add_sub.add_sub_unit/stage1_product0_i_1__2/O
                         net (fo=15164, routed)       0.916     2.891    memory_bus/SR[0]
    SLICE_X38Y11         FDCE                                         f  memory_bus/resp_owner_core_q_reg/CLR
  -------------------------------------------------------------------    -------------------

                         (clock sys_clk_pin rise edge)
                                                      0.000     0.000 r  
    W5                                                0.000     0.000 r  CLK100MHZ (IN)
                         net (fo=0)                   0.000     0.000    CLK100MHZ
    W5                   IBUF (Prop_ibuf_I_O)         0.414     0.414 r  CLK100MHZ_IBUF_inst/O
                         net (fo=1, routed)           0.685     1.099    CLK100MHZ_IBUF
    BUFGCTRL_X0Y0        BUFG (Prop_bufg_I_O)         0.029     1.128 r  CLK100MHZ_IBUF_BUFG_inst/O
                         net (fo=16301, routed)       0.830     1.957    memory_bus/CLK100MHZ_IBUF_BUFG
    SLICE_X38Y11         FDCE                                         r  memory_bus/resp_owner_core_q_reg/C
                         clock pessimism             -0.249     1.708    
    SLICE_X38Y11         FDCE (Remov_fdce_C_CLR)     -0.067     1.641    memory_bus/resp_owner_core_q_reg
  -------------------------------------------------------------------
                         required time                         -1.641    
                         arrival time                           2.891    
  -------------------------------------------------------------------
                         slack                                  1.250    

Slack (MET) :             1.263ns  (arrival time - required time)
  Source:                 btnC_sync_reg/C
                            (rising edge-triggered cell FDRE clocked by sys_clk_pin  {rise@0.000ns fall@6.667ns period=13.333ns})
  Destination:            comm/tx_payload_data_reg[11]/CLR
                            (removal check against rising-edge clock sys_clk_pin  {rise@0.000ns fall@6.667ns period=13.333ns})
  Path Group:             **async_default**
  Path Type:              Removal (Min at Fast Process Corner)
  Requirement:            0.000ns  (sys_clk_pin rise@0.000ns - sys_clk_pin rise@0.000ns)
  Data Path Delay:        1.408ns  (logic 0.209ns (14.839%)  route 1.199ns (85.161%))
  Logic Levels:           1  (LUT2=1)
  Clock Path Skew:        0.237ns (DCD - SCD - CPR)
    Destination Clock Delay (DCD):    1.961ns
    Source Clock Delay      (SCD):    1.475ns
    Clock Pessimism Removal (CPR):    0.249ns

    Location             Delay type                Incr(ns)  Path(ns)    Netlist Resource(s)
  -------------------------------------------------------------------    -------------------
                         (clock sys_clk_pin rise edge)
                                                      0.000     0.000 r  
    W5                                                0.000     0.000 r  CLK100MHZ (IN)
                         net (fo=0)                   0.000     0.000    CLK100MHZ
    W5                   IBUF (Prop_ibuf_I_O)         0.226     0.226 r  CLK100MHZ_IBUF_inst/O
                         net (fo=1, routed)           0.631     0.858    CLK100MHZ_IBUF
    BUFGCTRL_X0Y0        BUFG (Prop_bufg_I_O)         0.026     0.884 r  CLK100MHZ_IBUF_BUFG_inst/O
                         net (fo=16301, routed)       0.592     1.475    CLK100MHZ_IBUF_BUFG
    SLICE_X6Y7           FDRE                                         r  btnC_sync_reg/C
  -------------------------------------------------------------------    -------------------
    SLICE_X6Y7           FDRE (Prop_fdre_C_Q)         0.164     1.639 f  btnC_sync_reg/Q
                         net (fo=17, routed)          0.291     1.930    gpu/cores[0].core/simt/blocks[0].block_unit/warps[0].warp_unit/gen_shared_float.shared_float_units[0].shared_float_unit/gen_add_sub.add_sub_unit/btnC_sync
    SLICE_X4Y3           LUT2 (Prop_lut2_I0_O)        0.045     1.975 f  gpu/cores[0].core/simt/blocks[0].block_unit/warps[0].warp_unit/gen_shared_float.shared_float_units[0].shared_float_unit/gen_add_sub.add_sub_unit/stage1_product0_i_1__2/O
                         net (fo=15164, routed)       0.908     2.884    comm/rst
    SLICE_X47Y3          FDCE                                         f  comm/tx_payload_data_reg[11]/CLR
  -------------------------------------------------------------------    -------------------

                         (clock sys_clk_pin rise edge)
                                                      0.000     0.000 r  
    W5                                                0.000     0.000 r  CLK100MHZ (IN)
                         net (fo=0)                   0.000     0.000    CLK100MHZ
    W5                   IBUF (Prop_ibuf_I_O)         0.414     0.414 r  CLK100MHZ_IBUF_inst/O
                         net (fo=1, routed)           0.685     1.099    CLK100MHZ_IBUF
    BUFGCTRL_X0Y0        BUFG (Prop_bufg_I_O)         0.029     1.128 r  CLK100MHZ_IBUF_BUFG_inst/O
                         net (fo=16301, routed)       0.834     1.961    comm/CLK100MHZ_IBUF_BUFG
    SLICE_X47Y3          FDCE                                         r  comm/tx_payload_data_reg[11]/C
                         clock pessimism             -0.249     1.712    
    SLICE_X47Y3          FDCE (Remov_fdce_C_CLR)     -0.092     1.620    comm/tx_payload_data_reg[11]
  -------------------------------------------------------------------
                         required time                         -1.620    
                         arrival time                           2.884    
  -------------------------------------------------------------------
                         slack                                  1.263    

Slack (MET) :             1.263ns  (arrival time - required time)
  Source:                 btnC_sync_reg/C
                            (rising edge-triggered cell FDRE clocked by sys_clk_pin  {rise@0.000ns fall@6.667ns period=13.333ns})
  Destination:            comm/tx_payload_data_reg[16]/CLR
                            (removal check against rising-edge clock sys_clk_pin  {rise@0.000ns fall@6.667ns period=13.333ns})
  Path Group:             **async_default**
  Path Type:              Removal (Min at Fast Process Corner)
  Requirement:            0.000ns  (sys_clk_pin rise@0.000ns - sys_clk_pin rise@0.000ns)
  Data Path Delay:        1.408ns  (logic 0.209ns (14.839%)  route 1.199ns (85.161%))
  Logic Levels:           1  (LUT2=1)
  Clock Path Skew:        0.237ns (DCD - SCD - CPR)
    Destination Clock Delay (DCD):    1.961ns
    Source Clock Delay      (SCD):    1.475ns
    Clock Pessimism Removal (CPR):    0.249ns

    Location             Delay type                Incr(ns)  Path(ns)    Netlist Resource(s)
  -------------------------------------------------------------------    -------------------
                         (clock sys_clk_pin rise edge)
                                                      0.000     0.000 r  
    W5                                                0.000     0.000 r  CLK100MHZ (IN)
                         net (fo=0)                   0.000     0.000    CLK100MHZ
    W5                   IBUF (Prop_ibuf_I_O)         0.226     0.226 r  CLK100MHZ_IBUF_inst/O
                         net (fo=1, routed)           0.631     0.858    CLK100MHZ_IBUF
    BUFGCTRL_X0Y0        BUFG (Prop_bufg_I_O)         0.026     0.884 r  CLK100MHZ_IBUF_BUFG_inst/O
                         net (fo=16301, routed)       0.592     1.475    CLK100MHZ_IBUF_BUFG
    SLICE_X6Y7           FDRE                                         r  btnC_sync_reg/C
  -------------------------------------------------------------------    -------------------
    SLICE_X6Y7           FDRE (Prop_fdre_C_Q)         0.164     1.639 f  btnC_sync_reg/Q
                         net (fo=17, routed)          0.291     1.930    gpu/cores[0].core/simt/blocks[0].block_unit/warps[0].warp_unit/gen_shared_float.shared_float_units[0].shared_float_unit/gen_add_sub.add_sub_unit/btnC_sync
    SLICE_X4Y3           LUT2 (Prop_lut2_I0_O)        0.045     1.975 f  gpu/cores[0].core/simt/blocks[0].block_unit/warps[0].warp_unit/gen_shared_float.shared_float_units[0].shared_float_unit/gen_add_sub.add_sub_unit/stage1_product0_i_1__2/O
                         net (fo=15164, routed)       0.908     2.884    comm/rst
    SLICE_X47Y3          FDCE                                         f  comm/tx_payload_data_reg[16]/CLR
  -------------------------------------------------------------------    -------------------

                         (clock sys_clk_pin rise edge)
                                                      0.000     0.000 r  
    W5                                                0.000     0.000 r  CLK100MHZ (IN)
                         net (fo=0)                   0.000     0.000    CLK100MHZ
    W5                   IBUF (Prop_ibuf_I_O)         0.414     0.414 r  CLK100MHZ_IBUF_inst/O
                         net (fo=1, routed)           0.685     1.099    CLK100MHZ_IBUF
    BUFGCTRL_X0Y0        BUFG (Prop_bufg_I_O)         0.029     1.128 r  CLK100MHZ_IBUF_BUFG_inst/O
                         net (fo=16301, routed)       0.834     1.961    comm/CLK100MHZ_IBUF_BUFG
    SLICE_X47Y3          FDCE                                         r  comm/tx_payload_data_reg[16]/C
                         clock pessimism             -0.249     1.712    
    SLICE_X47Y3          FDCE (Remov_fdce_C_CLR)     -0.092     1.620    comm/tx_payload_data_reg[16]
  -------------------------------------------------------------------
                         required time                         -1.620    
                         arrival time                           2.884    
  -------------------------------------------------------------------
                         slack                                  1.263    

Slack (MET) :             1.263ns  (arrival time - required time)
  Source:                 btnC_sync_reg/C
                            (rising edge-triggered cell FDRE clocked by sys_clk_pin  {rise@0.000ns fall@6.667ns period=13.333ns})
  Destination:            comm/tx_payload_data_reg[18]/CLR
                            (removal check against rising-edge clock sys_clk_pin  {rise@0.000ns fall@6.667ns period=13.333ns})
  Path Group:             **async_default**
  Path Type:              Removal (Min at Fast Process Corner)
  Requirement:            0.000ns  (sys_clk_pin rise@0.000ns - sys_clk_pin rise@0.000ns)
  Data Path Delay:        1.408ns  (logic 0.209ns (14.839%)  route 1.199ns (85.161%))
  Logic Levels:           1  (LUT2=1)
  Clock Path Skew:        0.237ns (DCD - SCD - CPR)
    Destination Clock Delay (DCD):    1.961ns
    Source Clock Delay      (SCD):    1.475ns
    Clock Pessimism Removal (CPR):    0.249ns

    Location             Delay type                Incr(ns)  Path(ns)    Netlist Resource(s)
  -------------------------------------------------------------------    -------------------
                         (clock sys_clk_pin rise edge)
                                                      0.000     0.000 r  
    W5                                                0.000     0.000 r  CLK100MHZ (IN)
                         net (fo=0)                   0.000     0.000    CLK100MHZ
    W5                   IBUF (Prop_ibuf_I_O)         0.226     0.226 r  CLK100MHZ_IBUF_inst/O
                         net (fo=1, routed)           0.631     0.858    CLK100MHZ_IBUF
    BUFGCTRL_X0Y0        BUFG (Prop_bufg_I_O)         0.026     0.884 r  CLK100MHZ_IBUF_BUFG_inst/O
                         net (fo=16301, routed)       0.592     1.475    CLK100MHZ_IBUF_BUFG
    SLICE_X6Y7           FDRE                                         r  btnC_sync_reg/C
  -------------------------------------------------------------------    -------------------
    SLICE_X6Y7           FDRE (Prop_fdre_C_Q)         0.164     1.639 f  btnC_sync_reg/Q
                         net (fo=17, routed)          0.291     1.930    gpu/cores[0].core/simt/blocks[0].block_unit/warps[0].warp_unit/gen_shared_float.shared_float_units[0].shared_float_unit/gen_add_sub.add_sub_unit/btnC_sync
    SLICE_X4Y3           LUT2 (Prop_lut2_I0_O)        0.045     1.975 f  gpu/cores[0].core/simt/blocks[0].block_unit/warps[0].warp_unit/gen_shared_float.shared_float_units[0].shared_float_unit/gen_add_sub.add_sub_unit/stage1_product0_i_1__2/O
                         net (fo=15164, routed)       0.908     2.884    comm/rst
    SLICE_X47Y3          FDCE                                         f  comm/tx_payload_data_reg[18]/CLR
  -------------------------------------------------------------------    -------------------

                         (clock sys_clk_pin rise edge)
                                                      0.000     0.000 r  
    W5                                                0.000     0.000 r  CLK100MHZ (IN)
                         net (fo=0)                   0.000     0.000    CLK100MHZ
    W5                   IBUF (Prop_ibuf_I_O)         0.414     0.414 r  CLK100MHZ_IBUF_inst/O
                         net (fo=1, routed)           0.685     1.099    CLK100MHZ_IBUF
    BUFGCTRL_X0Y0        BUFG (Prop_bufg_I_O)         0.029     1.128 r  CLK100MHZ_IBUF_BUFG_inst/O
                         net (fo=16301, routed)       0.834     1.961    comm/CLK100MHZ_IBUF_BUFG
    SLICE_X47Y3          FDCE                                         r  comm/tx_payload_data_reg[18]/C
                         clock pessimism             -0.249     1.712    
    SLICE_X47Y3          FDCE (Remov_fdce_C_CLR)     -0.092     1.620    comm/tx_payload_data_reg[18]
  -------------------------------------------------------------------
                         required time                         -1.620    
                         arrival time                           2.884    
  -------------------------------------------------------------------
                         slack                                  1.263    

Slack (MET) :             1.263ns  (arrival time - required time)
  Source:                 btnC_sync_reg/C
                            (rising edge-triggered cell FDRE clocked by sys_clk_pin  {rise@0.000ns fall@6.667ns period=13.333ns})
  Destination:            comm/tx_payload_data_reg[20]/CLR
                            (removal check against rising-edge clock sys_clk_pin  {rise@0.000ns fall@6.667ns period=13.333ns})
  Path Group:             **async_default**
  Path Type:              Removal (Min at Fast Process Corner)
  Requirement:            0.000ns  (sys_clk_pin rise@0.000ns - sys_clk_pin rise@0.000ns)
  Data Path Delay:        1.408ns  (logic 0.209ns (14.839%)  route 1.199ns (85.161%))
  Logic Levels:           1  (LUT2=1)
  Clock Path Skew:        0.237ns (DCD - SCD - CPR)
    Destination Clock Delay (DCD):    1.961ns
    Source Clock Delay      (SCD):    1.475ns
    Clock Pessimism Removal (CPR):    0.249ns

    Location             Delay type                Incr(ns)  Path(ns)    Netlist Resource(s)
  -------------------------------------------------------------------    -------------------
                         (clock sys_clk_pin rise edge)
                                                      0.000     0.000 r  
    W5                                                0.000     0.000 r  CLK100MHZ (IN)
                         net (fo=0)                   0.000     0.000    CLK100MHZ
    W5                   IBUF (Prop_ibuf_I_O)         0.226     0.226 r  CLK100MHZ_IBUF_inst/O
                         net (fo=1, routed)           0.631     0.858    CLK100MHZ_IBUF
    BUFGCTRL_X0Y0        BUFG (Prop_bufg_I_O)         0.026     0.884 r  CLK100MHZ_IBUF_BUFG_inst/O
                         net (fo=16301, routed)       0.592     1.475    CLK100MHZ_IBUF_BUFG
    SLICE_X6Y7           FDRE                                         r  btnC_sync_reg/C
  -------------------------------------------------------------------    -------------------
    SLICE_X6Y7           FDRE (Prop_fdre_C_Q)         0.164     1.639 f  btnC_sync_reg/Q
                         net (fo=17, routed)          0.291     1.930    gpu/cores[0].core/simt/blocks[0].block_unit/warps[0].warp_unit/gen_shared_float.shared_float_units[0].shared_float_unit/gen_add_sub.add_sub_unit/btnC_sync
    SLICE_X4Y3           LUT2 (Prop_lut2_I0_O)        0.045     1.975 f  gpu/cores[0].core/simt/blocks[0].block_unit/warps[0].warp_unit/gen_shared_float.shared_float_units[0].shared_float_unit/gen_add_sub.add_sub_unit/stage1_product0_i_1__2/O
                         net (fo=15164, routed)       0.908     2.884    comm/rst
    SLICE_X47Y3          FDCE                                         f  comm/tx_payload_data_reg[20]/CLR
  -------------------------------------------------------------------    -------------------

                         (clock sys_clk_pin rise edge)
                                                      0.000     0.000 r  
    W5                                                0.000     0.000 r  CLK100MHZ (IN)
                         net (fo=0)                   0.000     0.000    CLK100MHZ
    W5                   IBUF (Prop_ibuf_I_O)         0.414     0.414 r  CLK100MHZ_IBUF_inst/O
                         net (fo=1, routed)           0.685     1.099    CLK100MHZ_IBUF
    BUFGCTRL_X0Y0        BUFG (Prop_bufg_I_O)         0.029     1.128 r  CLK100MHZ_IBUF_BUFG_inst/O
                         net (fo=16301, routed)       0.834     1.961    comm/CLK100MHZ_IBUF_BUFG
    SLICE_X47Y3          FDCE                                         r  comm/tx_payload_data_reg[20]/C
                         clock pessimism             -0.249     1.712    
    SLICE_X47Y3          FDCE (Remov_fdce_C_CLR)     -0.092     1.620    comm/tx_payload_data_reg[20]
  -------------------------------------------------------------------
                         required time                         -1.620    
                         arrival time                           2.884    
  -------------------------------------------------------------------
                         slack                                  1.263    

Slack (MET) :             1.263ns  (arrival time - required time)
  Source:                 btnC_sync_reg/C
                            (rising edge-triggered cell FDRE clocked by sys_clk_pin  {rise@0.000ns fall@6.667ns period=13.333ns})
  Destination:            comm/tx_payload_data_reg[21]/CLR
                            (removal check against rising-edge clock sys_clk_pin  {rise@0.000ns fall@6.667ns period=13.333ns})
  Path Group:             **async_default**
  Path Type:              Removal (Min at Fast Process Corner)
  Requirement:            0.000ns  (sys_clk_pin rise@0.000ns - sys_clk_pin rise@0.000ns)
  Data Path Delay:        1.408ns  (logic 0.209ns (14.839%)  route 1.199ns (85.161%))
  Logic Levels:           1  (LUT2=1)
  Clock Path Skew:        0.237ns (DCD - SCD - CPR)
    Destination Clock Delay (DCD):    1.961ns
    Source Clock Delay      (SCD):    1.475ns
    Clock Pessimism Removal (CPR):    0.249ns

    Location             Delay type                Incr(ns)  Path(ns)    Netlist Resource(s)
  -------------------------------------------------------------------    -------------------
                         (clock sys_clk_pin rise edge)
                                                      0.000     0.000 r  
    W5                                                0.000     0.000 r  CLK100MHZ (IN)
                         net (fo=0)                   0.000     0.000    CLK100MHZ
    W5                   IBUF (Prop_ibuf_I_O)         0.226     0.226 r  CLK100MHZ_IBUF_inst/O
                         net (fo=1, routed)           0.631     0.858    CLK100MHZ_IBUF
    BUFGCTRL_X0Y0        BUFG (Prop_bufg_I_O)         0.026     0.884 r  CLK100MHZ_IBUF_BUFG_inst/O
                         net (fo=16301, routed)       0.592     1.475    CLK100MHZ_IBUF_BUFG
    SLICE_X6Y7           FDRE                                         r  btnC_sync_reg/C
  -------------------------------------------------------------------    -------------------
    SLICE_X6Y7           FDRE (Prop_fdre_C_Q)         0.164     1.639 f  btnC_sync_reg/Q
                         net (fo=17, routed)          0.291     1.930    gpu/cores[0].core/simt/blocks[0].block_unit/warps[0].warp_unit/gen_shared_float.shared_float_units[0].shared_float_unit/gen_add_sub.add_sub_unit/btnC_sync
    SLICE_X4Y3           LUT2 (Prop_lut2_I0_O)        0.045     1.975 f  gpu/cores[0].core/simt/blocks[0].block_unit/warps[0].warp_unit/gen_shared_float.shared_float_units[0].shared_float_unit/gen_add_sub.add_sub_unit/stage1_product0_i_1__2/O
                         net (fo=15164, routed)       0.908     2.884    comm/rst
    SLICE_X47Y3          FDCE                                         f  comm/tx_payload_data_reg[21]/CLR
  -------------------------------------------------------------------    -------------------

                         (clock sys_clk_pin rise edge)
                                                      0.000     0.000 r  
    W5                                                0.000     0.000 r  CLK100MHZ (IN)
                         net (fo=0)                   0.000     0.000    CLK100MHZ
    W5                   IBUF (Prop_ibuf_I_O)         0.414     0.414 r  CLK100MHZ_IBUF_inst/O
                         net (fo=1, routed)           0.685     1.099    CLK100MHZ_IBUF
    BUFGCTRL_X0Y0        BUFG (Prop_bufg_I_O)         0.029     1.128 r  CLK100MHZ_IBUF_BUFG_inst/O
                         net (fo=16301, routed)       0.834     1.961    comm/CLK100MHZ_IBUF_BUFG
    SLICE_X47Y3          FDCE                                         r  comm/tx_payload_data_reg[21]/C
                         clock pessimism             -0.249     1.712    
    SLICE_X47Y3          FDCE (Remov_fdce_C_CLR)     -0.092     1.620    comm/tx_payload_data_reg[21]
  -------------------------------------------------------------------
                         required time                         -1.620    
                         arrival time                           2.884    
  -------------------------------------------------------------------
                         slack                                  1.263    

Slack (MET) :             1.263ns  (arrival time - required time)
  Source:                 btnC_sync_reg/C
                            (rising edge-triggered cell FDRE clocked by sys_clk_pin  {rise@0.000ns fall@6.667ns period=13.333ns})
  Destination:            comm/tx_payload_data_reg[6]/CLR
                            (removal check against rising-edge clock sys_clk_pin  {rise@0.000ns fall@6.667ns period=13.333ns})
  Path Group:             **async_default**
  Path Type:              Removal (Min at Fast Process Corner)
  Requirement:            0.000ns  (sys_clk_pin rise@0.000ns - sys_clk_pin rise@0.000ns)
  Data Path Delay:        1.408ns  (logic 0.209ns (14.839%)  route 1.199ns (85.161%))
  Logic Levels:           1  (LUT2=1)
  Clock Path Skew:        0.237ns (DCD - SCD - CPR)
    Destination Clock Delay (DCD):    1.961ns
    Source Clock Delay      (SCD):    1.475ns
    Clock Pessimism Removal (CPR):    0.249ns

    Location             Delay type                Incr(ns)  Path(ns)    Netlist Resource(s)
  -------------------------------------------------------------------    -------------------
                         (clock sys_clk_pin rise edge)
                                                      0.000     0.000 r  
    W5                                                0.000     0.000 r  CLK100MHZ (IN)
                         net (fo=0)                   0.000     0.000    CLK100MHZ
    W5                   IBUF (Prop_ibuf_I_O)         0.226     0.226 r  CLK100MHZ_IBUF_inst/O
                         net (fo=1, routed)           0.631     0.858    CLK100MHZ_IBUF
    BUFGCTRL_X0Y0        BUFG (Prop_bufg_I_O)         0.026     0.884 r  CLK100MHZ_IBUF_BUFG_inst/O
                         net (fo=16301, routed)       0.592     1.475    CLK100MHZ_IBUF_BUFG
    SLICE_X6Y7           FDRE                                         r  btnC_sync_reg/C
  -------------------------------------------------------------------    -------------------
    SLICE_X6Y7           FDRE (Prop_fdre_C_Q)         0.164     1.639 f  btnC_sync_reg/Q
                         net (fo=17, routed)          0.291     1.930    gpu/cores[0].core/simt/blocks[0].block_unit/warps[0].warp_unit/gen_shared_float.shared_float_units[0].shared_float_unit/gen_add_sub.add_sub_unit/btnC_sync
    SLICE_X4Y3           LUT2 (Prop_lut2_I0_O)        0.045     1.975 f  gpu/cores[0].core/simt/blocks[0].block_unit/warps[0].warp_unit/gen_shared_float.shared_float_units[0].shared_float_unit/gen_add_sub.add_sub_unit/stage1_product0_i_1__2/O
                         net (fo=15164, routed)       0.908     2.884    comm/rst
    SLICE_X47Y3          FDCE                                         f  comm/tx_payload_data_reg[6]/CLR
  -------------------------------------------------------------------    -------------------

                         (clock sys_clk_pin rise edge)
                                                      0.000     0.000 r  
    W5                                                0.000     0.000 r  CLK100MHZ (IN)
                         net (fo=0)                   0.000     0.000    CLK100MHZ
    W5                   IBUF (Prop_ibuf_I_O)         0.414     0.414 r  CLK100MHZ_IBUF_inst/O
                         net (fo=1, routed)           0.685     1.099    CLK100MHZ_IBUF
    BUFGCTRL_X0Y0        BUFG (Prop_bufg_I_O)         0.029     1.128 r  CLK100MHZ_IBUF_BUFG_inst/O
                         net (fo=16301, routed)       0.834     1.961    comm/CLK100MHZ_IBUF_BUFG
    SLICE_X47Y3          FDCE                                         r  comm/tx_payload_data_reg[6]/C
                         clock pessimism             -0.249     1.712    
    SLICE_X47Y3          FDCE (Remov_fdce_C_CLR)     -0.092     1.620    comm/tx_payload_data_reg[6]
  -------------------------------------------------------------------
                         required time                         -1.620    
                         arrival time                           2.884    
  -------------------------------------------------------------------
                         slack                                  1.263    

Slack (MET) :             1.338ns  (arrival time - required time)
  Source:                 btnC_sync_reg/C
                            (rising edge-triggered cell FDRE clocked by sys_clk_pin  {rise@0.000ns fall@6.667ns period=13.333ns})
  Destination:            comm/u_tx/baud_cnt_reg[0]/CLR
                            (removal check against rising-edge clock sys_clk_pin  {rise@0.000ns fall@6.667ns period=13.333ns})
  Path Group:             **async_default**
  Path Type:              Removal (Min at Fast Process Corner)
  Requirement:            0.000ns  (sys_clk_pin rise@0.000ns - sys_clk_pin rise@0.000ns)
  Data Path Delay:        1.484ns  (logic 0.209ns (14.087%)  route 1.275ns (85.913%))
  Logic Levels:           1  (LUT2=1)
  Clock Path Skew:        0.238ns (DCD - SCD - CPR)
    Destination Clock Delay (DCD):    1.962ns
    Source Clock Delay      (SCD):    1.475ns
    Clock Pessimism Removal (CPR):    0.249ns

    Location             Delay type                Incr(ns)  Path(ns)    Netlist Resource(s)
  -------------------------------------------------------------------    -------------------
                         (clock sys_clk_pin rise edge)
                                                      0.000     0.000 r  
    W5                                                0.000     0.000 r  CLK100MHZ (IN)
                         net (fo=0)                   0.000     0.000    CLK100MHZ
    W5                   IBUF (Prop_ibuf_I_O)         0.226     0.226 r  CLK100MHZ_IBUF_inst/O
                         net (fo=1, routed)           0.631     0.858    CLK100MHZ_IBUF
    BUFGCTRL_X0Y0        BUFG (Prop_bufg_I_O)         0.026     0.884 r  CLK100MHZ_IBUF_BUFG_inst/O
                         net (fo=16301, routed)       0.592     1.475    CLK100MHZ_IBUF_BUFG
    SLICE_X6Y7           FDRE                                         r  btnC_sync_reg/C
  -------------------------------------------------------------------    -------------------
    SLICE_X6Y7           FDRE (Prop_fdre_C_Q)         0.164     1.639 f  btnC_sync_reg/Q
                         net (fo=17, routed)          0.291     1.930    gpu/cores[0].core/simt/blocks[0].block_unit/warps[0].warp_unit/gen_shared_float.shared_float_units[0].shared_float_unit/gen_add_sub.add_sub_unit/btnC_sync
    SLICE_X4Y3           LUT2 (Prop_lut2_I0_O)        0.045     1.975 f  gpu/cores[0].core/simt/blocks[0].block_unit/warps[0].warp_unit/gen_shared_float.shared_float_units[0].shared_float_unit/gen_add_sub.add_sub_unit/stage1_product0_i_1__2/O
                         net (fo=15164, routed)       0.984     2.959    comm/u_tx/rst
    SLICE_X45Y0          FDCE                                         f  comm/u_tx/baud_cnt_reg[0]/CLR
  -------------------------------------------------------------------    -------------------

                         (clock sys_clk_pin rise edge)
                                                      0.000     0.000 r  
    W5                                                0.000     0.000 r  CLK100MHZ (IN)
                         net (fo=0)                   0.000     0.000    CLK100MHZ
    W5                   IBUF (Prop_ibuf_I_O)         0.414     0.414 r  CLK100MHZ_IBUF_inst/O
                         net (fo=1, routed)           0.685     1.099    CLK100MHZ_IBUF
    BUFGCTRL_X0Y0        BUFG (Prop_bufg_I_O)         0.029     1.128 r  CLK100MHZ_IBUF_BUFG_inst/O
                         net (fo=16301, routed)       0.835     1.962    comm/u_tx/CLK100MHZ_IBUF_BUFG
    SLICE_X45Y0          FDCE                                         r  comm/u_tx/baud_cnt_reg[0]/C
                         clock pessimism             -0.249     1.713    
    SLICE_X45Y0          FDCE (Remov_fdce_C_CLR)     -0.092     1.621    comm/u_tx/baud_cnt_reg[0]
  -------------------------------------------------------------------
                         required time                         -1.621    
                         arrival time                           2.959    
  -------------------------------------------------------------------
                         slack                                  1.338    

Slack (MET) :             1.338ns  (arrival time - required time)
  Source:                 btnC_sync_reg/C
                            (rising edge-triggered cell FDRE clocked by sys_clk_pin  {rise@0.000ns fall@6.667ns period=13.333ns})
  Destination:            comm/u_tx/baud_cnt_reg[1]/CLR
                            (removal check against rising-edge clock sys_clk_pin  {rise@0.000ns fall@6.667ns period=13.333ns})
  Path Group:             **async_default**
  Path Type:              Removal (Min at Fast Process Corner)
  Requirement:            0.000ns  (sys_clk_pin rise@0.000ns - sys_clk_pin rise@0.000ns)
  Data Path Delay:        1.484ns  (logic 0.209ns (14.087%)  route 1.275ns (85.913%))
  Logic Levels:           1  (LUT2=1)
  Clock Path Skew:        0.238ns (DCD - SCD - CPR)
    Destination Clock Delay (DCD):    1.962ns
    Source Clock Delay      (SCD):    1.475ns
    Clock Pessimism Removal (CPR):    0.249ns

    Location             Delay type                Incr(ns)  Path(ns)    Netlist Resource(s)
  -------------------------------------------------------------------    -------------------
                         (clock sys_clk_pin rise edge)
                                                      0.000     0.000 r  
    W5                                                0.000     0.000 r  CLK100MHZ (IN)
                         net (fo=0)                   0.000     0.000    CLK100MHZ
    W5                   IBUF (Prop_ibuf_I_O)         0.226     0.226 r  CLK100MHZ_IBUF_inst/O
                         net (fo=1, routed)           0.631     0.858    CLK100MHZ_IBUF
    BUFGCTRL_X0Y0        BUFG (Prop_bufg_I_O)         0.026     0.884 r  CLK100MHZ_IBUF_BUFG_inst/O
                         net (fo=16301, routed)       0.592     1.475    CLK100MHZ_IBUF_BUFG
    SLICE_X6Y7           FDRE                                         r  btnC_sync_reg/C
  -------------------------------------------------------------------    -------------------
    SLICE_X6Y7           FDRE (Prop_fdre_C_Q)         0.164     1.639 f  btnC_sync_reg/Q
                         net (fo=17, routed)          0.291     1.930    gpu/cores[0].core/simt/blocks[0].block_unit/warps[0].warp_unit/gen_shared_float.shared_float_units[0].shared_float_unit/gen_add_sub.add_sub_unit/btnC_sync
    SLICE_X4Y3           LUT2 (Prop_lut2_I0_O)        0.045     1.975 f  gpu/cores[0].core/simt/blocks[0].block_unit/warps[0].warp_unit/gen_shared_float.shared_float_units[0].shared_float_unit/gen_add_sub.add_sub_unit/stage1_product0_i_1__2/O
                         net (fo=15164, routed)       0.984     2.959    comm/u_tx/rst
    SLICE_X45Y0          FDCE                                         f  comm/u_tx/baud_cnt_reg[1]/CLR
  -------------------------------------------------------------------    -------------------

                         (clock sys_clk_pin rise edge)
                                                      0.000     0.000 r  
    W5                                                0.000     0.000 r  CLK100MHZ (IN)
                         net (fo=0)                   0.000     0.000    CLK100MHZ
    W5                   IBUF (Prop_ibuf_I_O)         0.414     0.414 r  CLK100MHZ_IBUF_inst/O
                         net (fo=1, routed)           0.685     1.099    CLK100MHZ_IBUF
    BUFGCTRL_X0Y0        BUFG (Prop_bufg_I_O)         0.029     1.128 r  CLK100MHZ_IBUF_BUFG_inst/O
                         net (fo=16301, routed)       0.835     1.962    comm/u_tx/CLK100MHZ_IBUF_BUFG
    SLICE_X45Y0          FDCE                                         r  comm/u_tx/baud_cnt_reg[1]/C
                         clock pessimism             -0.249     1.713    
    SLICE_X45Y0          FDCE (Remov_fdce_C_CLR)     -0.092     1.621    comm/u_tx/baud_cnt_reg[1]
  -------------------------------------------------------------------
                         required time                         -1.621    
                         arrival time                           2.959    
  -------------------------------------------------------------------
                         slack                                  1.338    

Slack (MET) :             1.338ns  (arrival time - required time)
  Source:                 btnC_sync_reg/C
                            (rising edge-triggered cell FDRE clocked by sys_clk_pin  {rise@0.000ns fall@6.667ns period=13.333ns})
  Destination:            comm/u_tx/baud_cnt_reg[2]/CLR
                            (removal check against rising-edge clock sys_clk_pin  {rise@0.000ns fall@6.667ns period=13.333ns})
  Path Group:             **async_default**
  Path Type:              Removal (Min at Fast Process Corner)
  Requirement:            0.000ns  (sys_clk_pin rise@0.000ns - sys_clk_pin rise@0.000ns)
  Data Path Delay:        1.484ns  (logic 0.209ns (14.087%)  route 1.275ns (85.913%))
  Logic Levels:           1  (LUT2=1)
  Clock Path Skew:        0.238ns (DCD - SCD - CPR)
    Destination Clock Delay (DCD):    1.962ns
    Source Clock Delay      (SCD):    1.475ns
    Clock Pessimism Removal (CPR):    0.249ns

    Location             Delay type                Incr(ns)  Path(ns)    Netlist Resource(s)
  -------------------------------------------------------------------    -------------------
                         (clock sys_clk_pin rise edge)
                                                      0.000     0.000 r  
    W5                                                0.000     0.000 r  CLK100MHZ (IN)
                         net (fo=0)                   0.000     0.000    CLK100MHZ
    W5                   IBUF (Prop_ibuf_I_O)         0.226     0.226 r  CLK100MHZ_IBUF_inst/O
                         net (fo=1, routed)           0.631     0.858    CLK100MHZ_IBUF
    BUFGCTRL_X0Y0        BUFG (Prop_bufg_I_O)         0.026     0.884 r  CLK100MHZ_IBUF_BUFG_inst/O
                         net (fo=16301, routed)       0.592     1.475    CLK100MHZ_IBUF_BUFG
    SLICE_X6Y7           FDRE                                         r  btnC_sync_reg/C
  -------------------------------------------------------------------    -------------------
    SLICE_X6Y7           FDRE (Prop_fdre_C_Q)         0.164     1.639 f  btnC_sync_reg/Q
                         net (fo=17, routed)          0.291     1.930    gpu/cores[0].core/simt/blocks[0].block_unit/warps[0].warp_unit/gen_shared_float.shared_float_units[0].shared_float_unit/gen_add_sub.add_sub_unit/btnC_sync
    SLICE_X4Y3           LUT2 (Prop_lut2_I0_O)        0.045     1.975 f  gpu/cores[0].core/simt/blocks[0].block_unit/warps[0].warp_unit/gen_shared_float.shared_float_units[0].shared_float_unit/gen_add_sub.add_sub_unit/stage1_product0_i_1__2/O
                         net (fo=15164, routed)       0.984     2.959    comm/u_tx/rst
    SLICE_X45Y0          FDCE                                         f  comm/u_tx/baud_cnt_reg[2]/CLR
  -------------------------------------------------------------------    -------------------

                         (clock sys_clk_pin rise edge)
                                                      0.000     0.000 r  
    W5                                                0.000     0.000 r  CLK100MHZ (IN)
                         net (fo=0)                   0.000     0.000    CLK100MHZ
    W5                   IBUF (Prop_ibuf_I_O)         0.414     0.414 r  CLK100MHZ_IBUF_inst/O
                         net (fo=1, routed)           0.685     1.099    CLK100MHZ_IBUF
    BUFGCTRL_X0Y0        BUFG (Prop_bufg_I_O)         0.029     1.128 r  CLK100MHZ_IBUF_BUFG_inst/O
                         net (fo=16301, routed)       0.835     1.962    comm/u_tx/CLK100MHZ_IBUF_BUFG
    SLICE_X45Y0          FDCE                                         r  comm/u_tx/baud_cnt_reg[2]/C
                         clock pessimism             -0.249     1.713    
    SLICE_X45Y0          FDCE (Remov_fdce_C_CLR)     -0.092     1.621    comm/u_tx/baud_cnt_reg[2]
  -------------------------------------------------------------------
                         required time                         -1.621    
                         arrival time                           2.959    
  -------------------------------------------------------------------
                         slack                                  1.338    





