Copyright 1986-2018 Xilinx, Inc. All Rights Reserved.
--------------------------------------------------------------------------------------------
| Tool Version : Vivado v.2018.2 (win64) Build 2258646 Thu Jun 14 20:03:12 MDT 2018
| Date         : Fri May 29 15:03:01 2026
| Host         : CS152B-05 running 64-bit major release  (build 9200)
| Command      : report_control_sets -verbose -file basys3_comm_top_control_sets_placed.rpt
| Design       : basys3_comm_top
| Device       : xc7a35t
--------------------------------------------------------------------------------------------

Control Set Information

Table of Contents
-----------------
1. Summary
2. Histogram
3. Flip-Flop Distribution
4. Detailed Control Set Information

1. Summary
----------

+----------------------------------------------------------+-------+
|                          Status                          | Count |
+----------------------------------------------------------+-------+
| Number of unique control sets                            |   446 |
| Unused register locations in slices containing registers |   240 |
+----------------------------------------------------------+-------+


2. Histogram
------------

+--------+--------------+
| Fanout | Control Sets |
+--------+--------------+
|      4 |           11 |
|      6 |            4 |
|      8 |            4 |
|     10 |            4 |
|     12 |           12 |
|     14 |            1 |
|    16+ |          410 |
+--------+--------------+


3. Flip-Flop Distribution
-------------------------

+--------------+-----------------------+------------------------+-----------------+--------------+
| Clock Enable | Synchronous Set/Reset | Asynchronous Set/Reset | Total Registers | Total Slices |
+--------------+-----------------------+------------------------+-----------------+--------------+
| No           | No                    | No                     |             254 |           49 |
| No           | No                    | Yes                    |             188 |           38 |
| No           | Yes                   | No                     |            4684 |          709 |
| Yes          | No                    | No                     |             682 |          119 |
| Yes          | No                    | Yes                    |            1068 |          166 |
| Yes          | Yes                   | No                     |           25396 |         5795 |
+--------------+-----------------------+------------------------+-----------------+--------------+


4. Detailed Control Set Information
-----------------------------------

+----------------------+-----------------------------------------------------------------------------------------------------------------------------------------------------------------------------+-------------------------------------------------------------------------------------------------------------------------------------------------------------------------+------------------+----------------+
|     Clock Signal     |                                                                                Enable Signal                                                                                |                                                                             Set/Reset Signal                                                                            | Slice Load Count | Bel Load Count |
+----------------------+-----------------------------------------------------------------------------------------------------------------------------------------------------------------------------+-------------------------------------------------------------------------------------------------------------------------------------------------------------------------+------------------+----------------+
|  CLK100MHZ_IBUF_BUFG |                                                                                                                                                                             | gpu/cores[0].core/simt/blocks[0].block_unit/warps[0].warp_unit/lanes[2].thread_lane/execute_unit/mem_req_sent_reg                                                       |                1 |              4 |
|  CLK100MHZ_IBUF_BUFG |                                                                                                                                                                             | gpu/cores[0].core/simt/blocks[0].block_unit/warps[0].warp_unit/lanes[3].thread_lane/execute_unit/mem_req_sent_reg                                                       |                1 |              4 |
|  CLK100MHZ_IBUF_BUFG | comm/u_tx/byte_idx[1]_i_1_n_0                                                                                                                                               | gpu/cores[0].core/simt/blocks[0].block_unit/warps[0].warp_unit/gen_shared_float.shared_float_units[0].shared_float_unit/gen_add_sub.add_sub_unit/norm_mant_reg[24][0]_0 |                1 |              4 |
|  CLK100MHZ_IBUF_BUFG | gpu/cores[0].core/simt/blocks[0].block_unit/warps[0].warp_unit/lanes[1].thread_lane/execute_unit/cycles_left[7]_i_2__0_n_0                                                  | gpu/cores[0].core/simt/blocks[0].block_unit/warps[0].warp_unit/lanes[1].thread_lane/execute_unit/cycles_left[7]_i_1__0_n_0                                              |                1 |              4 |
|  CLK100MHZ_IBUF_BUFG |                                                                                                                                                                             | gpu/cores[0].core/simt/blocks[0].block_unit/warps[0].warp_unit/lanes[0].thread_lane/execute_unit/mem_req_sent_reg                                                       |                1 |              4 |
|  CLK100MHZ_IBUF_BUFG |                                                                                                                                                                             | gpu/cores[0].core/simt/blocks[0].block_unit/warps[0].warp_unit/lanes[1].thread_lane/execute_unit/mem_req_sent_reg                                                       |                1 |              4 |
|  CLK100MHZ_IBUF_BUFG | comm/u_tx/tx_line0                                                                                                                                                          | gpu/cores[0].core/simt/blocks[0].block_unit/warps[0].warp_unit/gen_shared_float.shared_float_units[0].shared_float_unit/gen_add_sub.add_sub_unit/norm_mant_reg[24][0]_0 |                1 |              4 |
|  CLK100MHZ_IBUF_BUFG | gpu/cores[0].core/simt/blocks[0].block_unit/warps[0].warp_unit/lanes[0].thread_lane/execute_unit/cycles_left[7]_i_2_n_0                                                     | gpu/cores[0].core/simt/blocks[0].block_unit/warps[0].warp_unit/lanes[0].thread_lane/execute_unit/cycles_left[7]_i_1_n_0                                                 |                1 |              4 |
|  CLK100MHZ_IBUF_BUFG | comm/u_rx/FSM_sequential_uart_state[1]_i_1_n_0                                                                                                                              | gpu/cores[0].core/simt/blocks[0].block_unit/warps[0].warp_unit/gen_shared_float.shared_float_units[0].shared_float_unit/gen_add_sub.add_sub_unit/norm_mant_reg[24][0]_0 |                1 |              4 |
|  CLK100MHZ_IBUF_BUFG | gpu/cores[0].core/simt/blocks[0].block_unit/warps[0].warp_unit/lanes[3].thread_lane/execute_unit/cycles_left[7]_i_2__2_n_0                                                  | gpu/cores[0].core/simt/blocks[0].block_unit/warps[0].warp_unit/lanes[3].thread_lane/execute_unit/cycles_left[7]_i_1__2_n_0                                              |                1 |              4 |
|  CLK100MHZ_IBUF_BUFG | gpu/cores[0].core/simt/blocks[0].block_unit/warps[0].warp_unit/lanes[2].thread_lane/execute_unit/cycles_left[7]_i_2__1_n_0                                                  | gpu/cores[0].core/simt/blocks[0].block_unit/warps[0].warp_unit/lanes[2].thread_lane/execute_unit/cycles_left[7]_i_1__1_n_0                                              |                1 |              4 |
|  CLK100MHZ_IBUF_BUFG | gpu/cores[0].core/program_store/state_reg[0][0]                                                                                                                             | gpu/cores[0].core/simt/blocks[0].block_unit/warps[0].warp_unit/gen_shared_float.shared_float_units[0].shared_float_unit/gen_add_sub.add_sub_unit/norm_mant_reg[24][0]_0 |                1 |              6 |
|  CLK100MHZ_IBUF_BUFG | gpu/cores[0].core/program_store/mask_stack_depth_reg[0][0][0]                                                                                                               | gpu/cores[0].core/simt/blocks[0].block_unit/warps[0].warp_unit/gen_shared_float.shared_float_units[0].shared_float_unit/gen_add_sub.add_sub_unit/norm_mant_reg[24][0]_0 |                1 |              6 |
|  CLK100MHZ_IBUF_BUFG | gpu/cores[0].core/program_store/call_stack_depth_reg[0][0][0]                                                                                                               | gpu/cores[0].core/simt/blocks[0].block_unit/warps[0].warp_unit/gen_shared_float.shared_float_units[0].shared_float_unit/gen_add_sub.add_sub_unit/norm_mant_reg[24][0]_0 |                1 |              6 |
|  CLK100MHZ_IBUF_BUFG | comm/u_rx/bit_cnt                                                                                                                                                           | gpu/cores[0].core/simt/blocks[0].block_unit/warps[0].warp_unit/gen_shared_float.shared_float_units[0].shared_float_unit/gen_add_sub.add_sub_unit/norm_mant_reg[24][0]_0 |                1 |              6 |
|  CLK100MHZ_IBUF_BUFG | comm/u_rx/launch_active_mask_reg[0][0]                                                                                                                                      | gpu/cores[0].core/simt/blocks[0].block_unit/warps[0].warp_unit/gen_shared_float.shared_float_units[0].shared_float_unit/gen_add_sub.add_sub_unit/norm_mant_reg[24][0]_0 |                1 |              8 |
|  CLK100MHZ_IBUF_BUFG | comm/u_tx/FSM_sequential_state[3]_i_1__0_n_0                                                                                                                                | gpu/cores[0].core/simt/blocks[0].block_unit/warps[0].warp_unit/gen_shared_float.shared_float_units[0].shared_float_unit/gen_add_sub.add_sub_unit/norm_mant_reg[24][0]_0 |                2 |              8 |
|  CLK100MHZ_IBUF_BUFG | comm/u_tx/E[0]                                                                                                                                                              | gpu/cores[0].core/simt/blocks[0].block_unit/warps[0].warp_unit/gen_shared_float.shared_float_units[0].shared_float_unit/gen_add_sub.add_sub_unit/norm_mant_reg[24][0]_0 |                2 |              8 |
|  CLK100MHZ_IBUF_BUFG | gpu/cores[0].core/simt/blocks[0].block_unit/warps[0].warp_unit/lanes[3].thread_lane/execute_unit/active_mask_r_reg[0][0][0]                                                 | gpu/cores[0].core/simt/blocks[0].block_unit/warps[0].warp_unit/gen_shared_float.shared_float_units[0].shared_float_unit/gen_add_sub.add_sub_unit/norm_mant_reg[24][0]_0 |                3 |              8 |
|  CLK100MHZ_IBUF_BUFG | gpu/cores[0].core/simt/blocks[0].block_unit/warps[0].warp_unit/lanes[1].thread_lane/execute_unit/div_unit/result04_out                                                      | gpu/cores[0].core/simt/blocks[0].block_unit/warps[0].warp_unit/gen_shared_float.shared_float_units[0].shared_float_unit/gen_add_sub.add_sub_unit/norm_mant_reg[24][0]_0 |                2 |             10 |
|  CLK100MHZ_IBUF_BUFG | gpu/cores[0].core/simt/blocks[0].block_unit/warps[0].warp_unit/lanes[0].thread_lane/execute_unit/div_unit/result04_out                                                      | gpu/cores[0].core/simt/blocks[0].block_unit/warps[0].warp_unit/gen_shared_float.shared_float_units[0].shared_float_unit/gen_add_sub.add_sub_unit/norm_mant_reg[24][0]_0 |                3 |             10 |
|  CLK100MHZ_IBUF_BUFG | gpu/cores[0].core/simt/blocks[0].block_unit/warps[0].warp_unit/lanes[3].thread_lane/execute_unit/div_unit/result04_out                                                      | gpu/cores[0].core/simt/blocks[0].block_unit/warps[0].warp_unit/gen_shared_float.shared_float_units[0].shared_float_unit/gen_add_sub.add_sub_unit/norm_mant_reg[24][0]_0 |                3 |             10 |
|  CLK100MHZ_IBUF_BUFG | gpu/cores[0].core/simt/blocks[0].block_unit/warps[0].warp_unit/lanes[2].thread_lane/execute_unit/div_unit/result04_out                                                      | gpu/cores[0].core/simt/blocks[0].block_unit/warps[0].warp_unit/gen_shared_float.shared_float_units[0].shared_float_unit/gen_add_sub.add_sub_unit/norm_mant_reg[24][0]_0 |                4 |             10 |
|  CLK100MHZ_IBUF_BUFG | gpu/cores[0].core/simt/blocks[0].block_unit/warps[0].warp_unit/lanes[0].thread_lane/execute_unit/cycles_left[7]_i_2_n_0                                                     | gpu/cores[0].core/simt/blocks[0].block_unit/warps[0].warp_unit/gen_shared_float.shared_float_units[0].shared_float_unit/gen_add_sub.add_sub_unit/norm_mant_reg[24][0]_0 |                2 |             12 |
|  CLK100MHZ_IBUF_BUFG | gpu/cores[0].core/simt/blocks[0].block_unit/warps[0].warp_unit/lanes[0].thread_lane/E[0]                                                                                    | gpu/cores[0].core/program_store/SS[0]                                                                                                                                   |                2 |             12 |
|  CLK100MHZ_IBUF_BUFG | gpu/cores[0].core/simt/blocks[0].block_unit/warps[0].warp_unit/lanes[1].thread_lane/execute_unit/cycles_left[7]_i_2__0_n_0                                                  | gpu/cores[0].core/simt/blocks[0].block_unit/warps[0].warp_unit/gen_shared_float.shared_float_units[0].shared_float_unit/gen_add_sub.add_sub_unit/norm_mant_reg[24][0]_0 |                2 |             12 |
|  CLK100MHZ_IBUF_BUFG | gpu/cores[0].core/simt/blocks[0].block_unit/warps[0].warp_unit/lanes[1].thread_lane/execute_unit/div_unit/bits_left[5]_i_1__0_n_0                                           | gpu/cores[0].core/simt/blocks[0].block_unit/warps[0].warp_unit/gen_shared_float.shared_float_units[0].shared_float_unit/gen_add_sub.add_sub_unit/norm_mant_reg[24][0]_0 |                2 |             12 |
|  CLK100MHZ_IBUF_BUFG | gpu/cores[0].core/simt/blocks[0].block_unit/warps[0].warp_unit/lanes[1].thread_lane/E[0]                                                                                    | gpu/cores[0].core/program_store/mem_wmask_r_reg[0][0]                                                                                                                   |                3 |             12 |
|  CLK100MHZ_IBUF_BUFG | gpu/cores[0].core/simt/blocks[0].block_unit/warps[0].warp_unit/lanes[2].thread_lane/execute_unit/div_unit/bits_left[5]_i_1__1_n_0                                           | gpu/cores[0].core/simt/blocks[0].block_unit/warps[0].warp_unit/gen_shared_float.shared_float_units[0].shared_float_unit/gen_add_sub.add_sub_unit/norm_mant_reg[24][0]_0 |                2 |             12 |
|  CLK100MHZ_IBUF_BUFG | gpu/cores[0].core/simt/blocks[0].block_unit/warps[0].warp_unit/lanes[2].thread_lane/execute_unit/cycles_left[7]_i_2__1_n_0                                                  | gpu/cores[0].core/simt/blocks[0].block_unit/warps[0].warp_unit/gen_shared_float.shared_float_units[0].shared_float_unit/gen_add_sub.add_sub_unit/norm_mant_reg[24][0]_0 |                3 |             12 |
|  CLK100MHZ_IBUF_BUFG | gpu/cores[0].core/simt/blocks[0].block_unit/warps[0].warp_unit/lanes[3].thread_lane/execute_unit/cycles_left[7]_i_2__2_n_0                                                  | gpu/cores[0].core/simt/blocks[0].block_unit/warps[0].warp_unit/gen_shared_float.shared_float_units[0].shared_float_unit/gen_add_sub.add_sub_unit/norm_mant_reg[24][0]_0 |                2 |             12 |
|  CLK100MHZ_IBUF_BUFG | gpu/cores[0].core/simt/blocks[0].block_unit/warps[0].warp_unit/lanes[3].thread_lane/E[0]                                                                                    | gpu/cores[0].core/program_store/mem_wmask_r_reg[0]_1[0]                                                                                                                 |                2 |             12 |
|  CLK100MHZ_IBUF_BUFG | gpu/cores[0].core/simt/blocks[0].block_unit/warps[0].warp_unit/lanes[0].thread_lane/execute_unit/div_unit/bits_left[5]_i_1_n_0                                              | gpu/cores[0].core/simt/blocks[0].block_unit/warps[0].warp_unit/gen_shared_float.shared_float_units[0].shared_float_unit/gen_add_sub.add_sub_unit/norm_mant_reg[24][0]_0 |                2 |             12 |
|  CLK100MHZ_IBUF_BUFG | gpu/cores[0].core/simt/blocks[0].block_unit/warps[0].warp_unit/lanes[3].thread_lane/execute_unit/div_unit/bits_left[5]_i_1__2_n_0                                           | gpu/cores[0].core/simt/blocks[0].block_unit/warps[0].warp_unit/gen_shared_float.shared_float_units[0].shared_float_unit/gen_add_sub.add_sub_unit/norm_mant_reg[24][0]_0 |                2 |             12 |
|  CLK100MHZ_IBUF_BUFG | gpu/cores[0].core/simt/blocks[0].block_unit/warps[0].warp_unit/lanes[2].thread_lane/E[0]                                                                                    | gpu/cores[0].core/program_store/mem_wmask_r_reg[0]_0[0]                                                                                                                 |                2 |             12 |
|  CLK100MHZ_IBUF_BUFG | comm/u_rx/shift_reg                                                                                                                                                         | gpu/cores[0].core/simt/blocks[0].block_unit/warps[0].warp_unit/gen_shared_float.shared_float_units[0].shared_float_unit/gen_add_sub.add_sub_unit/norm_mant_reg[24][0]_0 |                2 |             14 |
|  CLK100MHZ_IBUF_BUFG | comm/u_tx/crc[7]_i_1__0_n_0                                                                                                                                                 | gpu/cores[0].core/simt/blocks[0].block_unit/warps[0].warp_unit/gen_shared_float.shared_float_units[0].shared_float_unit/gen_add_sub.add_sub_unit/norm_mant_reg[24][0]_0 |                4 |             16 |
|  CLK100MHZ_IBUF_BUFG | comm/u_tx/tx_buffer[7]_i_1_n_0                                                                                                                                              |                                                                                                                                                                         |                2 |             16 |
|  CLK100MHZ_IBUF_BUFG | comm/u_rx/addr[7]_i_1_n_0                                                                                                                                                   | gpu/cores[0].core/simt/blocks[0].block_unit/warps[0].warp_unit/gen_shared_float.shared_float_units[0].shared_float_unit/gen_add_sub.add_sub_unit/norm_mant_reg[24][0]_0 |                1 |             16 |
|  CLK100MHZ_IBUF_BUFG | comm/u_rx/addr[15]_i_1_n_0                                                                                                                                                  | gpu/cores[0].core/simt/blocks[0].block_unit/warps[0].warp_unit/gen_shared_float.shared_float_units[0].shared_float_unit/gen_add_sub.add_sub_unit/norm_mant_reg[24][0]_0 |                1 |             16 |
|  CLK100MHZ_IBUF_BUFG | comm/u_rx/len[7]_i_1_n_0                                                                                                                                                    | gpu/cores[0].core/simt/blocks[0].block_unit/warps[0].warp_unit/gen_shared_float.shared_float_units[0].shared_float_unit/gen_add_sub.add_sub_unit/norm_mant_reg[24][0]_0 |                1 |             16 |
|  CLK100MHZ_IBUF_BUFG | comm/u_rx/crc[7]_i_1_n_0                                                                                                                                                    | gpu/cores[0].core/simt/blocks[0].block_unit/warps[0].warp_unit/gen_shared_float.shared_float_units[0].shared_float_unit/gen_add_sub.add_sub_unit/norm_mant_reg[24][0]_0 |                3 |             16 |
|  CLK100MHZ_IBUF_BUFG | comm/u_rx/byte_data                                                                                                                                                         | gpu/cores[0].core/simt/blocks[0].block_unit/warps[0].warp_unit/gen_shared_float.shared_float_units[0].shared_float_unit/gen_add_sub.add_sub_unit/norm_mant_reg[24][0]_0 |                2 |             16 |
|  CLK100MHZ_IBUF_BUFG | comm/u_rx/len[15]_i_1_n_0                                                                                                                                                   | gpu/cores[0].core/simt/blocks[0].block_unit/warps[0].warp_unit/gen_shared_float.shared_float_units[0].shared_float_unit/gen_add_sub.add_sub_unit/norm_mant_reg[24][0]_0 |                1 |             16 |
|  CLK100MHZ_IBUF_BUFG | gpu/cores[0].core/program_store/pending_unsupported_reg[0]                                                                                                                  | gpu/cores[0].core/simt/blocks[0].block_unit/warps[0].warp_unit/gen_shared_float.shared_float_units[0].shared_float_unit/gen_add_sub.add_sub_unit/norm_mant_reg[24][0]_0 |                5 |             20 |
|  CLK100MHZ_IBUF_BUFG | comm/u_rx/FSM_onehot_state[10]_i_1_n_0                                                                                                                                      | gpu/cores[0].core/simt/blocks[0].block_unit/warps[0].warp_unit/gen_shared_float.shared_float_units[0].shared_float_unit/gen_add_sub.add_sub_unit/norm_mant_reg[24][0]_0 |                5 |             22 |
|  CLK100MHZ_IBUF_BUFG | gpu/cores[0].core/pc[11]_i_1_n_0                                                                                                                                            | gpu/cores[0].core/simt/blocks[0].block_unit/warps[0].warp_unit/gen_shared_float.shared_float_units[0].shared_float_unit/gen_add_sub.add_sub_unit/norm_mant_reg[24][0]_0 |                2 |             24 |
|  CLK100MHZ_IBUF_BUFG | gpu/cores[0].core/program_store/call_stack_reg[3][0][0]                                                                                                                     | gpu/cores[0].core/simt/blocks[0].block_unit/warps[0].warp_unit/gen_shared_float.shared_float_units[0].shared_float_unit/gen_add_sub.add_sub_unit/norm_mant_reg[24][0]_0 |                2 |             24 |
|  CLK100MHZ_IBUF_BUFG | gpu/cores[0].core/program_store/call_stack_reg[1][0][0]                                                                                                                     | gpu/cores[0].core/simt/blocks[0].block_unit/warps[0].warp_unit/gen_shared_float.shared_float_units[0].shared_float_unit/gen_add_sub.add_sub_unit/norm_mant_reg[24][0]_0 |                3 |             24 |
|  CLK100MHZ_IBUF_BUFG | gpu/cores[0].core/program_store/call_stack_reg[2][0][0]                                                                                                                     | gpu/cores[0].core/simt/blocks[0].block_unit/warps[0].warp_unit/gen_shared_float.shared_float_units[0].shared_float_unit/gen_add_sub.add_sub_unit/norm_mant_reg[24][0]_0 |                2 |             24 |
|  CLK100MHZ_IBUF_BUFG | gpu/cores[0].core/simt/blocks[0].block_unit/warps[0].warp_unit/lanes[3].thread_lane/execute_unit/warp_pc_reg[0][0][0]                                                       | gpu/cores[0].core/simt/blocks[0].block_unit/warps[0].warp_unit/gen_shared_float.shared_float_units[0].shared_float_unit/gen_add_sub.add_sub_unit/norm_mant_reg[24][0]_0 |                4 |             24 |
|  CLK100MHZ_IBUF_BUFG | gpu/cores[0].core/program_store/call_stack_reg[0][0][0]                                                                                                                     | gpu/cores[0].core/simt/blocks[0].block_unit/warps[0].warp_unit/gen_shared_float.shared_float_units[0].shared_float_unit/gen_add_sub.add_sub_unit/norm_mant_reg[24][0]_0 |                3 |             24 |
|  CLK100MHZ_IBUF_BUFG | gpu/cores[0].core/instr_read_addr[11]_i_1_n_0                                                                                                                               | gpu/cores[0].core/simt/blocks[0].block_unit/warps[0].warp_unit/gen_shared_float.shared_float_units[0].shared_float_unit/gen_add_sub.add_sub_unit/norm_mant_reg[24][0]_0 |                2 |             24 |
|  CLK100MHZ_IBUF_BUFG | comm/u_tx/bit_cnt[3]_i_1_n_0                                                                                                                                                |                                                                                                                                                                         |                7 |             26 |
|  CLK100MHZ_IBUF_BUFG | gpu/cores[0].core/program_store/E[0]                                                                                                                                        | gpu/cores[0].core/simt/blocks[0].block_unit/warps[0].warp_unit/gen_shared_float.shared_float_units[0].shared_float_unit/gen_add_sub.add_sub_unit/norm_mant_reg[24][0]_0 |                3 |             26 |
|  CLK100MHZ_IBUF_BUFG | comm/u_tx/payload_count[15]_i_1_n_0                                                                                                                                         | gpu/cores[0].core/simt/blocks[0].block_unit/warps[0].warp_unit/gen_shared_float.shared_float_units[0].shared_float_unit/gen_add_sub.add_sub_unit/norm_mant_reg[24][0]_0 |                2 |             32 |
|  CLK100MHZ_IBUF_BUFG | comm/E[0]                                                                                                                                                                   | gpu/cores[0].core/simt/blocks[0].block_unit/warps[0].warp_unit/gen_shared_float.shared_float_units[0].shared_float_unit/gen_add_sub.add_sub_unit/norm_mant_reg[24][0]_0 |                5 |             32 |
|  CLK100MHZ_IBUF_BUFG | comm/u_tx/read_bytes_left_reg[0]_0[0]                                                                                                                                       | gpu/cores[0].core/simt/blocks[0].block_unit/warps[0].warp_unit/gen_shared_float.shared_float_units[0].shared_float_unit/gen_add_sub.add_sub_unit/norm_mant_reg[24][0]_0 |                5 |             32 |
|  CLK100MHZ_IBUF_BUFG | comm/u_rx/write_words_seen_reg[0][0]                                                                                                                                        | gpu/cores[0].core/simt/blocks[0].block_unit/warps[0].warp_unit/gen_shared_float.shared_float_units[0].shared_float_unit/gen_add_sub.add_sub_unit/norm_mant_reg[24][0]_0 |                3 |             32 |
|  CLK100MHZ_IBUF_BUFG | comm/u_rx/E[0]                                                                                                                                                              | gpu/cores[0].core/simt/blocks[0].block_unit/warps[0].warp_unit/gen_shared_float.shared_float_units[0].shared_float_unit/gen_add_sub.add_sub_unit/norm_mant_reg[24][0]_0 |                4 |             32 |
|  CLK100MHZ_IBUF_BUFG | gpu/cores[0].core/simt/blocks[0].block_unit/warps[0].warp_unit/gen_shared_float.shared_float_units[0].shared_float_unit/gen_add_sub.add_sub_unit/power_on_reset_reg_15_sn_1 | btnC_sync                                                                                                                                                               |                4 |             32 |
|  CLK100MHZ_IBUF_BUFG | comm/u_rx/cmd[7]_i_1_n_0                                                                                                                                                    | gpu/cores[0].core/simt/blocks[0].block_unit/warps[0].warp_unit/gen_shared_float.shared_float_units[0].shared_float_unit/gen_add_sub.add_sub_unit/norm_mant_reg[24][0]_0 |                8 |             32 |
|  CLK100MHZ_IBUF_BUFG | comm/u_rx/pending_is_nack_reg[0]                                                                                                                                            | gpu/cores[0].core/simt/blocks[0].block_unit/warps[0].warp_unit/gen_shared_float.shared_float_units[0].shared_float_unit/gen_add_sub.add_sub_unit/norm_mant_reg[24][0]_0 |                7 |             34 |
|  CLK100MHZ_IBUF_BUFG | gpu/cores[0].core/simt/blocks[0].block_unit/warps[0].warp_unit/lanes[1].thread_lane/execute_unit/div_unit/dividend_shift[31]                                                | gpu/cores[0].core/simt/blocks[0].block_unit/warps[0].warp_unit/gen_shared_float.shared_float_units[0].shared_float_unit/gen_add_sub.add_sub_unit/norm_mant_reg[24][0]_0 |               10 |             62 |
|  CLK100MHZ_IBUF_BUFG | gpu/cores[0].core/simt/blocks[0].block_unit/warps[0].warp_unit/lanes[0].thread_lane/execute_unit/div_unit/dividend_shift[31]                                                | gpu/cores[0].core/simt/blocks[0].block_unit/warps[0].warp_unit/gen_shared_float.shared_float_units[0].shared_float_unit/gen_add_sub.add_sub_unit/norm_mant_reg[24][0]_0 |               11 |             62 |
|  CLK100MHZ_IBUF_BUFG | gpu/cores[0].core/simt/blocks[0].block_unit/warps[0].warp_unit/lanes[2].thread_lane/execute_unit/div_unit/dividend_shift[31]                                                | gpu/cores[0].core/simt/blocks[0].block_unit/warps[0].warp_unit/gen_shared_float.shared_float_units[0].shared_float_unit/gen_add_sub.add_sub_unit/norm_mant_reg[24][0]_0 |               14 |             62 |
|  CLK100MHZ_IBUF_BUFG | gpu/cores[0].core/simt/blocks[0].block_unit/warps[0].warp_unit/lanes[3].thread_lane/execute_unit/div_unit/dividend_shift[31]                                                | gpu/cores[0].core/simt/blocks[0].block_unit/warps[0].warp_unit/gen_shared_float.shared_float_units[0].shared_float_unit/gen_add_sub.add_sub_unit/norm_mant_reg[24][0]_0 |               13 |             62 |
|  CLK100MHZ_IBUF_BUFG | comm/const_mem_reg[141][0][0]                                                                                                                                               | gpu/cores[0].core/simt/blocks[0].block_unit/warps[0].warp_unit/gen_shared_float.shared_float_units[0].shared_float_unit/gen_add_sub.add_sub_unit/norm_mant_reg[24][0]_0 |               14 |             64 |
|  CLK100MHZ_IBUF_BUFG | comm/const_mem_reg[142][0][0]                                                                                                                                               | gpu/cores[0].core/simt/blocks[0].block_unit/warps[0].warp_unit/gen_shared_float.shared_float_units[0].shared_float_unit/gen_add_sub.add_sub_unit/norm_mant_reg[24][0]_0 |               16 |             64 |
|  CLK100MHZ_IBUF_BUFG | comm/const_mem_reg[144][0][0]                                                                                                                                               | gpu/cores[0].core/simt/blocks[0].block_unit/warps[0].warp_unit/gen_shared_float.shared_float_units[0].shared_float_unit/gen_add_sub.add_sub_unit/norm_mant_reg[24][0]_0 |               17 |             64 |
|  CLK100MHZ_IBUF_BUFG | comm/const_mem_reg[145][0][0]                                                                                                                                               | gpu/cores[0].core/simt/blocks[0].block_unit/warps[0].warp_unit/gen_shared_float.shared_float_units[0].shared_float_unit/gen_add_sub.add_sub_unit/norm_mant_reg[24][0]_0 |               17 |             64 |
|  CLK100MHZ_IBUF_BUFG | comm/const_mem_reg[146][0][0]                                                                                                                                               | gpu/cores[0].core/simt/blocks[0].block_unit/warps[0].warp_unit/gen_shared_float.shared_float_units[0].shared_float_unit/gen_add_sub.add_sub_unit/norm_mant_reg[24][0]_0 |               15 |             64 |
|  CLK100MHZ_IBUF_BUFG | comm/const_mem_reg[143][0][0]                                                                                                                                               | gpu/cores[0].core/simt/blocks[0].block_unit/warps[0].warp_unit/gen_shared_float.shared_float_units[0].shared_float_unit/gen_add_sub.add_sub_unit/norm_mant_reg[24][0]_0 |               16 |             64 |
|  CLK100MHZ_IBUF_BUFG | comm/const_mem_reg[139][0][0]                                                                                                                                               | gpu/cores[0].core/simt/blocks[0].block_unit/warps[0].warp_unit/gen_shared_float.shared_float_units[0].shared_float_unit/gen_add_sub.add_sub_unit/norm_mant_reg[24][0]_0 |               14 |             64 |
|  CLK100MHZ_IBUF_BUFG | comm/const_mem_reg[147][0][0]                                                                                                                                               | gpu/cores[0].core/simt/blocks[0].block_unit/warps[0].warp_unit/gen_shared_float.shared_float_units[0].shared_float_unit/gen_add_sub.add_sub_unit/norm_mant_reg[24][0]_0 |               13 |             64 |
|  CLK100MHZ_IBUF_BUFG | comm/const_mem_reg[149][0][0]                                                                                                                                               | gpu/cores[0].core/simt/blocks[0].block_unit/warps[0].warp_unit/gen_shared_float.shared_float_units[0].shared_float_unit/gen_add_sub.add_sub_unit/norm_mant_reg[24][0]_0 |               15 |             64 |
|  CLK100MHZ_IBUF_BUFG | comm/const_mem_reg[14][0][0]                                                                                                                                                | gpu/cores[0].core/simt/blocks[0].block_unit/warps[0].warp_unit/gen_shared_float.shared_float_units[0].shared_float_unit/gen_add_sub.add_sub_unit/norm_mant_reg[24][0]_0 |               15 |             64 |
|  CLK100MHZ_IBUF_BUFG | comm/const_mem_reg[129][0][0]                                                                                                                                               | gpu/cores[0].core/simt/blocks[0].block_unit/warps[0].warp_unit/gen_shared_float.shared_float_units[0].shared_float_unit/gen_add_sub.add_sub_unit/norm_mant_reg[24][0]_0 |               14 |             64 |
|  CLK100MHZ_IBUF_BUFG | comm/const_mem_reg[136][0][0]                                                                                                                                               | gpu/cores[0].core/simt/blocks[0].block_unit/warps[0].warp_unit/gen_shared_float.shared_float_units[0].shared_float_unit/gen_add_sub.add_sub_unit/norm_mant_reg[24][0]_0 |               15 |             64 |
|  CLK100MHZ_IBUF_BUFG | comm/const_mem_reg[164][0][0]                                                                                                                                               | gpu/cores[0].core/simt/blocks[0].block_unit/warps[0].warp_unit/gen_shared_float.shared_float_units[0].shared_float_unit/gen_add_sub.add_sub_unit/norm_mant_reg[24][0]_0 |               17 |             64 |
|  CLK100MHZ_IBUF_BUFG | comm/const_mem_reg[168][0][0]                                                                                                                                               | gpu/cores[0].core/simt/blocks[0].block_unit/warps[0].warp_unit/gen_shared_float.shared_float_units[0].shared_float_unit/gen_add_sub.add_sub_unit/norm_mant_reg[24][0]_0 |               15 |             64 |
|  CLK100MHZ_IBUF_BUFG | comm/const_mem_reg[185][0][0]                                                                                                                                               | gpu/cores[0].core/simt/blocks[0].block_unit/warps[0].warp_unit/gen_shared_float.shared_float_units[0].shared_float_unit/gen_add_sub.add_sub_unit/norm_mant_reg[24][0]_0 |               14 |             64 |
|  CLK100MHZ_IBUF_BUFG | comm/const_mem_reg[158][0][0]                                                                                                                                               | gpu/cores[0].core/simt/blocks[0].block_unit/warps[0].warp_unit/gen_shared_float.shared_float_units[0].shared_float_unit/gen_add_sub.add_sub_unit/norm_mant_reg[24][0]_0 |               15 |             64 |
|  CLK100MHZ_IBUF_BUFG | comm/const_mem_reg[161][0][0]                                                                                                                                               | gpu/cores[0].core/simt/blocks[0].block_unit/warps[0].warp_unit/gen_shared_float.shared_float_units[0].shared_float_unit/gen_add_sub.add_sub_unit/norm_mant_reg[24][0]_0 |               17 |             64 |
|  CLK100MHZ_IBUF_BUFG | comm/const_mem_reg[182][0][0]                                                                                                                                               | gpu/cores[0].core/simt/blocks[0].block_unit/warps[0].warp_unit/gen_shared_float.shared_float_units[0].shared_float_unit/gen_add_sub.add_sub_unit/norm_mant_reg[24][0]_0 |               14 |             64 |
|  CLK100MHZ_IBUF_BUFG | comm/const_mem_reg[184][0][0]                                                                                                                                               | gpu/cores[0].core/simt/blocks[0].block_unit/warps[0].warp_unit/gen_shared_float.shared_float_units[0].shared_float_unit/gen_add_sub.add_sub_unit/norm_mant_reg[24][0]_0 |               18 |             64 |
|  CLK100MHZ_IBUF_BUFG | comm/const_mem_reg[189][0][0]                                                                                                                                               | gpu/cores[0].core/simt/blocks[0].block_unit/warps[0].warp_unit/gen_shared_float.shared_float_units[0].shared_float_unit/gen_add_sub.add_sub_unit/norm_mant_reg[24][0]_0 |               14 |             64 |
|  CLK100MHZ_IBUF_BUFG | comm/const_mem_reg[195][0][0]                                                                                                                                               | gpu/cores[0].core/simt/blocks[0].block_unit/warps[0].warp_unit/gen_shared_float.shared_float_units[0].shared_float_unit/gen_add_sub.add_sub_unit/norm_mant_reg[24][0]_0 |               15 |             64 |
|  CLK100MHZ_IBUF_BUFG | comm/const_mem_reg[178][0][0]                                                                                                                                               | gpu/cores[0].core/simt/blocks[0].block_unit/warps[0].warp_unit/gen_shared_float.shared_float_units[0].shared_float_unit/gen_add_sub.add_sub_unit/norm_mant_reg[24][0]_0 |               15 |             64 |
|  CLK100MHZ_IBUF_BUFG | comm/const_mem_reg[166][0][0]                                                                                                                                               | gpu/cores[0].core/simt/blocks[0].block_unit/warps[0].warp_unit/gen_shared_float.shared_float_units[0].shared_float_unit/gen_add_sub.add_sub_unit/norm_mant_reg[24][0]_0 |               18 |             64 |
|  CLK100MHZ_IBUF_BUFG | comm/const_mem_reg[165][0][0]                                                                                                                                               | gpu/cores[0].core/simt/blocks[0].block_unit/warps[0].warp_unit/gen_shared_float.shared_float_units[0].shared_float_unit/gen_add_sub.add_sub_unit/norm_mant_reg[24][0]_0 |               14 |             64 |
|  CLK100MHZ_IBUF_BUFG | comm/const_mem_reg[176][0][0]                                                                                                                                               | gpu/cores[0].core/simt/blocks[0].block_unit/warps[0].warp_unit/gen_shared_float.shared_float_units[0].shared_float_unit/gen_add_sub.add_sub_unit/norm_mant_reg[24][0]_0 |               15 |             64 |
|  CLK100MHZ_IBUF_BUFG | comm/const_mem_reg[163][0][0]                                                                                                                                               | gpu/cores[0].core/simt/blocks[0].block_unit/warps[0].warp_unit/gen_shared_float.shared_float_units[0].shared_float_unit/gen_add_sub.add_sub_unit/norm_mant_reg[24][0]_0 |               14 |             64 |
|  CLK100MHZ_IBUF_BUFG | comm/const_mem_reg[167][0][0]                                                                                                                                               | gpu/cores[0].core/simt/blocks[0].block_unit/warps[0].warp_unit/gen_shared_float.shared_float_units[0].shared_float_unit/gen_add_sub.add_sub_unit/norm_mant_reg[24][0]_0 |               18 |             64 |
|  CLK100MHZ_IBUF_BUFG | comm/const_mem_reg[172][0][0]                                                                                                                                               | gpu/cores[0].core/simt/blocks[0].block_unit/warps[0].warp_unit/gen_shared_float.shared_float_units[0].shared_float_unit/gen_add_sub.add_sub_unit/norm_mant_reg[24][0]_0 |               19 |             64 |
|  CLK100MHZ_IBUF_BUFG | comm/const_mem_reg[159][0][0]                                                                                                                                               | gpu/cores[0].core/simt/blocks[0].block_unit/warps[0].warp_unit/gen_shared_float.shared_float_units[0].shared_float_unit/gen_add_sub.add_sub_unit/norm_mant_reg[24][0]_0 |               18 |             64 |
|  CLK100MHZ_IBUF_BUFG | comm/const_mem_reg[192][0][0]                                                                                                                                               | gpu/cores[0].core/simt/blocks[0].block_unit/warps[0].warp_unit/gen_shared_float.shared_float_units[0].shared_float_unit/gen_add_sub.add_sub_unit/norm_mant_reg[24][0]_0 |               12 |             64 |
|  CLK100MHZ_IBUF_BUFG | comm/const_mem_reg[181][0][0]                                                                                                                                               | gpu/cores[0].core/simt/blocks[0].block_unit/warps[0].warp_unit/gen_shared_float.shared_float_units[0].shared_float_unit/gen_add_sub.add_sub_unit/norm_mant_reg[24][0]_0 |               13 |             64 |
|  CLK100MHZ_IBUF_BUFG | comm/const_mem_reg[171][0][0]                                                                                                                                               | gpu/cores[0].core/simt/blocks[0].block_unit/warps[0].warp_unit/gen_shared_float.shared_float_units[0].shared_float_unit/gen_add_sub.add_sub_unit/norm_mant_reg[24][0]_0 |               18 |             64 |
|  CLK100MHZ_IBUF_BUFG | comm/const_mem_reg[187][0][0]                                                                                                                                               | gpu/cores[0].core/simt/blocks[0].block_unit/warps[0].warp_unit/gen_shared_float.shared_float_units[0].shared_float_unit/gen_add_sub.add_sub_unit/norm_mant_reg[24][0]_0 |               14 |             64 |
|  CLK100MHZ_IBUF_BUFG | comm/const_mem_reg[170][0][0]                                                                                                                                               | gpu/cores[0].core/simt/blocks[0].block_unit/warps[0].warp_unit/gen_shared_float.shared_float_units[0].shared_float_unit/gen_add_sub.add_sub_unit/norm_mant_reg[24][0]_0 |               15 |             64 |
|  CLK100MHZ_IBUF_BUFG | comm/const_mem_reg[191][0][0]                                                                                                                                               | gpu/cores[0].core/simt/blocks[0].block_unit/warps[0].warp_unit/gen_shared_float.shared_float_units[0].shared_float_unit/gen_add_sub.add_sub_unit/norm_mant_reg[24][0]_0 |               15 |             64 |
|  CLK100MHZ_IBUF_BUFG | comm/const_mem_reg[194][0][0]                                                                                                                                               | gpu/cores[0].core/simt/blocks[0].block_unit/warps[0].warp_unit/gen_shared_float.shared_float_units[0].shared_float_unit/gen_add_sub.add_sub_unit/norm_mant_reg[24][0]_0 |               14 |             64 |
|  CLK100MHZ_IBUF_BUFG | comm/const_mem_reg[174][0][0]                                                                                                                                               | gpu/cores[0].core/simt/blocks[0].block_unit/warps[0].warp_unit/gen_shared_float.shared_float_units[0].shared_float_unit/gen_add_sub.add_sub_unit/norm_mant_reg[24][0]_0 |               17 |             64 |
|  CLK100MHZ_IBUF_BUFG | comm/const_mem_reg[162][0][0]                                                                                                                                               | gpu/cores[0].core/simt/blocks[0].block_unit/warps[0].warp_unit/gen_shared_float.shared_float_units[0].shared_float_unit/gen_add_sub.add_sub_unit/norm_mant_reg[24][0]_0 |               15 |             64 |
|  CLK100MHZ_IBUF_BUFG | comm/const_mem_reg[183][0][0]                                                                                                                                               | gpu/cores[0].core/simt/blocks[0].block_unit/warps[0].warp_unit/gen_shared_float.shared_float_units[0].shared_float_unit/gen_add_sub.add_sub_unit/norm_mant_reg[24][0]_0 |               11 |             64 |
|  CLK100MHZ_IBUF_BUFG | comm/const_mem_reg[169][0][0]                                                                                                                                               | gpu/cores[0].core/simt/blocks[0].block_unit/warps[0].warp_unit/gen_shared_float.shared_float_units[0].shared_float_unit/gen_add_sub.add_sub_unit/norm_mant_reg[24][0]_0 |               18 |             64 |
|  CLK100MHZ_IBUF_BUFG | comm/const_mem_reg[16][0][0]                                                                                                                                                | gpu/cores[0].core/simt/blocks[0].block_unit/warps[0].warp_unit/gen_shared_float.shared_float_units[0].shared_float_unit/gen_add_sub.add_sub_unit/norm_mant_reg[24][0]_0 |               16 |             64 |
|  CLK100MHZ_IBUF_BUFG | comm/const_mem_reg[180][0][0]                                                                                                                                               | gpu/cores[0].core/simt/blocks[0].block_unit/warps[0].warp_unit/gen_shared_float.shared_float_units[0].shared_float_unit/gen_add_sub.add_sub_unit/norm_mant_reg[24][0]_0 |               16 |             64 |
|  CLK100MHZ_IBUF_BUFG | comm/const_mem_reg[175][0][0]                                                                                                                                               | gpu/cores[0].core/simt/blocks[0].block_unit/warps[0].warp_unit/gen_shared_float.shared_float_units[0].shared_float_unit/gen_add_sub.add_sub_unit/norm_mant_reg[24][0]_0 |               15 |             64 |
|  CLK100MHZ_IBUF_BUFG | comm/const_mem_reg[160][0][0]                                                                                                                                               | gpu/cores[0].core/simt/blocks[0].block_unit/warps[0].warp_unit/gen_shared_float.shared_float_units[0].shared_float_unit/gen_add_sub.add_sub_unit/norm_mant_reg[24][0]_0 |               17 |             64 |
|  CLK100MHZ_IBUF_BUFG | comm/const_mem_reg[179][0][0]                                                                                                                                               | gpu/cores[0].core/simt/blocks[0].block_unit/warps[0].warp_unit/gen_shared_float.shared_float_units[0].shared_float_unit/gen_add_sub.add_sub_unit/norm_mant_reg[24][0]_0 |               15 |             64 |
|  CLK100MHZ_IBUF_BUFG | comm/const_mem_reg[17][0][0]                                                                                                                                                | gpu/cores[0].core/simt/blocks[0].block_unit/warps[0].warp_unit/gen_shared_float.shared_float_units[0].shared_float_unit/gen_add_sub.add_sub_unit/norm_mant_reg[24][0]_0 |               15 |             64 |
|  CLK100MHZ_IBUF_BUFG | comm/const_mem_reg[190][0][0]                                                                                                                                               | gpu/cores[0].core/simt/blocks[0].block_unit/warps[0].warp_unit/gen_shared_float.shared_float_units[0].shared_float_unit/gen_add_sub.add_sub_unit/norm_mant_reg[24][0]_0 |               13 |             64 |
|  CLK100MHZ_IBUF_BUFG | comm/const_mem_reg[193][0][0]                                                                                                                                               | gpu/cores[0].core/simt/blocks[0].block_unit/warps[0].warp_unit/gen_shared_float.shared_float_units[0].shared_float_unit/gen_add_sub.add_sub_unit/norm_mant_reg[24][0]_0 |                9 |             64 |
|  CLK100MHZ_IBUF_BUFG | comm/const_mem_reg[18][0][0]                                                                                                                                                | gpu/cores[0].core/simt/blocks[0].block_unit/warps[0].warp_unit/gen_shared_float.shared_float_units[0].shared_float_unit/gen_add_sub.add_sub_unit/norm_mant_reg[24][0]_0 |               16 |             64 |
|  CLK100MHZ_IBUF_BUFG | comm/const_mem_reg[177][0][0]                                                                                                                                               | gpu/cores[0].core/simt/blocks[0].block_unit/warps[0].warp_unit/gen_shared_float.shared_float_units[0].shared_float_unit/gen_add_sub.add_sub_unit/norm_mant_reg[24][0]_0 |               19 |             64 |
|  CLK100MHZ_IBUF_BUFG | comm/const_mem_reg[188][0][0]                                                                                                                                               | gpu/cores[0].core/simt/blocks[0].block_unit/warps[0].warp_unit/gen_shared_float.shared_float_units[0].shared_float_unit/gen_add_sub.add_sub_unit/norm_mant_reg[24][0]_0 |               14 |             64 |
|  CLK100MHZ_IBUF_BUFG | comm/const_mem_reg[173][0][0]                                                                                                                                               | gpu/cores[0].core/simt/blocks[0].block_unit/warps[0].warp_unit/gen_shared_float.shared_float_units[0].shared_float_unit/gen_add_sub.add_sub_unit/norm_mant_reg[24][0]_0 |               16 |             64 |
|  CLK100MHZ_IBUF_BUFG | comm/const_mem_reg[186][0][0]                                                                                                                                               | gpu/cores[0].core/simt/blocks[0].block_unit/warps[0].warp_unit/gen_shared_float.shared_float_units[0].shared_float_unit/gen_add_sub.add_sub_unit/norm_mant_reg[24][0]_0 |               15 |             64 |
|  CLK100MHZ_IBUF_BUFG | comm/const_mem_reg[217][0][0]                                                                                                                                               | gpu/cores[0].core/simt/blocks[0].block_unit/warps[0].warp_unit/gen_shared_float.shared_float_units[0].shared_float_unit/gen_add_sub.add_sub_unit/norm_mant_reg[24][0]_0 |               14 |             64 |
|  CLK100MHZ_IBUF_BUFG | comm/const_mem_reg[223][0][0]                                                                                                                                               | gpu/cores[0].core/simt/blocks[0].block_unit/warps[0].warp_unit/gen_shared_float.shared_float_units[0].shared_float_unit/gen_add_sub.add_sub_unit/norm_mant_reg[24][0]_0 |                8 |             64 |
|  CLK100MHZ_IBUF_BUFG | comm/const_mem_reg[233][0][0]                                                                                                                                               | gpu/cores[0].core/simt/blocks[0].block_unit/warps[0].warp_unit/gen_shared_float.shared_float_units[0].shared_float_unit/gen_add_sub.add_sub_unit/norm_mant_reg[24][0]_0 |               13 |             64 |
|  CLK100MHZ_IBUF_BUFG | comm/const_mem_reg[236][0][0]                                                                                                                                               | gpu/cores[0].core/simt/blocks[0].block_unit/warps[0].warp_unit/gen_shared_float.shared_float_units[0].shared_float_unit/gen_add_sub.add_sub_unit/norm_mant_reg[24][0]_0 |               13 |             64 |
|  CLK100MHZ_IBUF_BUFG | comm/const_mem_reg[21][0][0]                                                                                                                                                | gpu/cores[0].core/simt/blocks[0].block_unit/warps[0].warp_unit/gen_shared_float.shared_float_units[0].shared_float_unit/gen_add_sub.add_sub_unit/norm_mant_reg[24][0]_0 |               17 |             64 |
|  CLK100MHZ_IBUF_BUFG | comm/const_mem_reg[196][0][0]                                                                                                                                               | gpu/cores[0].core/simt/blocks[0].block_unit/warps[0].warp_unit/gen_shared_float.shared_float_units[0].shared_float_unit/gen_add_sub.add_sub_unit/norm_mant_reg[24][0]_0 |               11 |             64 |
|  CLK100MHZ_IBUF_BUFG | comm/const_mem_reg[234][0][0]                                                                                                                                               | gpu/cores[0].core/simt/blocks[0].block_unit/warps[0].warp_unit/gen_shared_float.shared_float_units[0].shared_float_unit/gen_add_sub.add_sub_unit/norm_mant_reg[24][0]_0 |               14 |             64 |
|  CLK100MHZ_IBUF_BUFG | comm/const_mem_reg[235][0][0]                                                                                                                                               | gpu/cores[0].core/simt/blocks[0].block_unit/warps[0].warp_unit/gen_shared_float.shared_float_units[0].shared_float_unit/gen_add_sub.add_sub_unit/norm_mant_reg[24][0]_0 |               18 |             64 |
|  CLK100MHZ_IBUF_BUFG | comm/const_mem_reg[237][0][0]                                                                                                                                               | gpu/cores[0].core/simt/blocks[0].block_unit/warps[0].warp_unit/gen_shared_float.shared_float_units[0].shared_float_unit/gen_add_sub.add_sub_unit/norm_mant_reg[24][0]_0 |               17 |             64 |
|  CLK100MHZ_IBUF_BUFG | comm/const_mem_reg[216][0][0]                                                                                                                                               | gpu/cores[0].core/simt/blocks[0].block_unit/warps[0].warp_unit/gen_shared_float.shared_float_units[0].shared_float_unit/gen_add_sub.add_sub_unit/norm_mant_reg[24][0]_0 |               15 |             64 |
|  CLK100MHZ_IBUF_BUFG | comm/const_mem_reg[213][0][0]                                                                                                                                               | gpu/cores[0].core/simt/blocks[0].block_unit/warps[0].warp_unit/gen_shared_float.shared_float_units[0].shared_float_unit/gen_add_sub.add_sub_unit/norm_mant_reg[24][0]_0 |               10 |             64 |
|  CLK100MHZ_IBUF_BUFG | comm/const_mem_reg[238][0][0]                                                                                                                                               | gpu/cores[0].core/simt/blocks[0].block_unit/warps[0].warp_unit/gen_shared_float.shared_float_units[0].shared_float_unit/gen_add_sub.add_sub_unit/norm_mant_reg[24][0]_0 |               14 |             64 |
|  CLK100MHZ_IBUF_BUFG | comm/const_mem_reg[214][0][0]                                                                                                                                               | gpu/cores[0].core/simt/blocks[0].block_unit/warps[0].warp_unit/gen_shared_float.shared_float_units[0].shared_float_unit/gen_add_sub.add_sub_unit/norm_mant_reg[24][0]_0 |                9 |             64 |
|  CLK100MHZ_IBUF_BUFG | comm/const_mem_reg[239][0][0]                                                                                                                                               | gpu/cores[0].core/simt/blocks[0].block_unit/warps[0].warp_unit/gen_shared_float.shared_float_units[0].shared_float_unit/gen_add_sub.add_sub_unit/norm_mant_reg[24][0]_0 |               13 |             64 |
|  CLK100MHZ_IBUF_BUFG | comm/const_mem_reg[203][0][0]                                                                                                                                               | gpu/cores[0].core/simt/blocks[0].block_unit/warps[0].warp_unit/gen_shared_float.shared_float_units[0].shared_float_unit/gen_add_sub.add_sub_unit/norm_mant_reg[24][0]_0 |               12 |             64 |
|  CLK100MHZ_IBUF_BUFG | comm/const_mem_reg[23][0][0]                                                                                                                                                | gpu/cores[0].core/simt/blocks[0].block_unit/warps[0].warp_unit/gen_shared_float.shared_float_units[0].shared_float_unit/gen_add_sub.add_sub_unit/norm_mant_reg[24][0]_0 |               14 |             64 |
|  CLK100MHZ_IBUF_BUFG | comm/const_mem_reg[220][0][0]                                                                                                                                               | gpu/cores[0].core/simt/blocks[0].block_unit/warps[0].warp_unit/gen_shared_float.shared_float_units[0].shared_float_unit/gen_add_sub.add_sub_unit/norm_mant_reg[24][0]_0 |               15 |             64 |
|  CLK100MHZ_IBUF_BUFG | comm/const_mem_reg[222][0][0]                                                                                                                                               | gpu/cores[0].core/simt/blocks[0].block_unit/warps[0].warp_unit/gen_shared_float.shared_float_units[0].shared_float_unit/gen_add_sub.add_sub_unit/norm_mant_reg[24][0]_0 |               11 |             64 |
|  CLK100MHZ_IBUF_BUFG | comm/const_mem_reg[240][0][0]                                                                                                                                               | gpu/cores[0].core/simt/blocks[0].block_unit/warps[0].warp_unit/gen_shared_float.shared_float_units[0].shared_float_unit/gen_add_sub.add_sub_unit/norm_mant_reg[24][0]_0 |               11 |             64 |
|  CLK100MHZ_IBUF_BUFG | comm/const_mem_reg[22][0][0]                                                                                                                                                | gpu/cores[0].core/simt/blocks[0].block_unit/warps[0].warp_unit/gen_shared_float.shared_float_units[0].shared_float_unit/gen_add_sub.add_sub_unit/norm_mant_reg[24][0]_0 |               15 |             64 |
|  CLK100MHZ_IBUF_BUFG | comm/const_mem_reg[197][0][0]                                                                                                                                               | gpu/cores[0].core/simt/blocks[0].block_unit/warps[0].warp_unit/gen_shared_float.shared_float_units[0].shared_float_unit/gen_add_sub.add_sub_unit/norm_mant_reg[24][0]_0 |               12 |             64 |
|  CLK100MHZ_IBUF_BUFG | comm/const_mem_reg[207][0][0]                                                                                                                                               | gpu/cores[0].core/simt/blocks[0].block_unit/warps[0].warp_unit/gen_shared_float.shared_float_units[0].shared_float_unit/gen_add_sub.add_sub_unit/norm_mant_reg[24][0]_0 |               12 |             64 |
|  CLK100MHZ_IBUF_BUFG | comm/const_mem_reg[210][0][0]                                                                                                                                               | gpu/cores[0].core/simt/blocks[0].block_unit/warps[0].warp_unit/gen_shared_float.shared_float_units[0].shared_float_unit/gen_add_sub.add_sub_unit/norm_mant_reg[24][0]_0 |               12 |             64 |
|  CLK100MHZ_IBUF_BUFG | comm/const_mem_reg[232][0][0]                                                                                                                                               | gpu/cores[0].core/simt/blocks[0].block_unit/warps[0].warp_unit/gen_shared_float.shared_float_units[0].shared_float_unit/gen_add_sub.add_sub_unit/norm_mant_reg[24][0]_0 |               14 |             64 |
|  CLK100MHZ_IBUF_BUFG | comm/const_mem_reg[241][0][0]                                                                                                                                               | gpu/cores[0].core/simt/blocks[0].block_unit/warps[0].warp_unit/gen_shared_float.shared_float_units[0].shared_float_unit/gen_add_sub.add_sub_unit/norm_mant_reg[24][0]_0 |               12 |             64 |
|  CLK100MHZ_IBUF_BUFG | comm/const_mem_reg[219][0][0]                                                                                                                                               | gpu/cores[0].core/simt/blocks[0].block_unit/warps[0].warp_unit/gen_shared_float.shared_float_units[0].shared_float_unit/gen_add_sub.add_sub_unit/norm_mant_reg[24][0]_0 |               10 |             64 |
|  CLK100MHZ_IBUF_BUFG | comm/const_mem_reg[20][0][0]                                                                                                                                                | gpu/cores[0].core/simt/blocks[0].block_unit/warps[0].warp_unit/gen_shared_float.shared_float_units[0].shared_float_unit/gen_add_sub.add_sub_unit/norm_mant_reg[24][0]_0 |               16 |             64 |
|  CLK100MHZ_IBUF_BUFG | comm/const_mem_reg[225][0][0]                                                                                                                                               | gpu/cores[0].core/simt/blocks[0].block_unit/warps[0].warp_unit/gen_shared_float.shared_float_units[0].shared_float_unit/gen_add_sub.add_sub_unit/norm_mant_reg[24][0]_0 |               17 |             64 |
|  CLK100MHZ_IBUF_BUFG | comm/const_mem_reg[218][0][0]                                                                                                                                               | gpu/cores[0].core/simt/blocks[0].block_unit/warps[0].warp_unit/gen_shared_float.shared_float_units[0].shared_float_unit/gen_add_sub.add_sub_unit/norm_mant_reg[24][0]_0 |               12 |             64 |
|  CLK100MHZ_IBUF_BUFG | comm/const_mem_reg[226][0][0]                                                                                                                                               | gpu/cores[0].core/simt/blocks[0].block_unit/warps[0].warp_unit/gen_shared_float.shared_float_units[0].shared_float_unit/gen_add_sub.add_sub_unit/norm_mant_reg[24][0]_0 |               12 |             64 |
|  CLK100MHZ_IBUF_BUFG | comm/const_mem_reg[242][0][0]                                                                                                                                               | gpu/cores[0].core/simt/blocks[0].block_unit/warps[0].warp_unit/gen_shared_float.shared_float_units[0].shared_float_unit/gen_add_sub.add_sub_unit/norm_mant_reg[24][0]_0 |               13 |             64 |
|  CLK100MHZ_IBUF_BUFG | comm/const_mem_reg[212][0][0]                                                                                                                                               | gpu/cores[0].core/simt/blocks[0].block_unit/warps[0].warp_unit/gen_shared_float.shared_float_units[0].shared_float_unit/gen_add_sub.add_sub_unit/norm_mant_reg[24][0]_0 |               12 |             64 |
|  CLK100MHZ_IBUF_BUFG | comm/const_mem_reg[201][0][0]                                                                                                                                               | gpu/cores[0].core/simt/blocks[0].block_unit/warps[0].warp_unit/gen_shared_float.shared_float_units[0].shared_float_unit/gen_add_sub.add_sub_unit/norm_mant_reg[24][0]_0 |               10 |             64 |
|  CLK100MHZ_IBUF_BUFG | comm/const_mem_reg[198][0][0]                                                                                                                                               | gpu/cores[0].core/simt/blocks[0].block_unit/warps[0].warp_unit/gen_shared_float.shared_float_units[0].shared_float_unit/gen_add_sub.add_sub_unit/norm_mant_reg[24][0]_0 |               13 |             64 |
|  CLK100MHZ_IBUF_BUFG | comm/const_mem_reg[243][0][0]                                                                                                                                               | gpu/cores[0].core/simt/blocks[0].block_unit/warps[0].warp_unit/gen_shared_float.shared_float_units[0].shared_float_unit/gen_add_sub.add_sub_unit/norm_mant_reg[24][0]_0 |               13 |             64 |
|  CLK100MHZ_IBUF_BUFG | comm/const_mem_reg[200][0][0]                                                                                                                                               | gpu/cores[0].core/simt/blocks[0].block_unit/warps[0].warp_unit/gen_shared_float.shared_float_units[0].shared_float_unit/gen_add_sub.add_sub_unit/norm_mant_reg[24][0]_0 |               12 |             64 |
|  CLK100MHZ_IBUF_BUFG | comm/const_mem_reg[202][0][0]                                                                                                                                               | gpu/cores[0].core/simt/blocks[0].block_unit/warps[0].warp_unit/gen_shared_float.shared_float_units[0].shared_float_unit/gen_add_sub.add_sub_unit/norm_mant_reg[24][0]_0 |               11 |             64 |
|  CLK100MHZ_IBUF_BUFG | comm/const_mem_reg[19][0][0]                                                                                                                                                | gpu/cores[0].core/simt/blocks[0].block_unit/warps[0].warp_unit/gen_shared_float.shared_float_units[0].shared_float_unit/gen_add_sub.add_sub_unit/norm_mant_reg[24][0]_0 |               15 |             64 |
|  CLK100MHZ_IBUF_BUFG | comm/const_mem_reg[205][0][0]                                                                                                                                               | gpu/cores[0].core/simt/blocks[0].block_unit/warps[0].warp_unit/gen_shared_float.shared_float_units[0].shared_float_unit/gen_add_sub.add_sub_unit/norm_mant_reg[24][0]_0 |               14 |             64 |
|  CLK100MHZ_IBUF_BUFG | comm/const_mem_reg[204][0][0]                                                                                                                                               | gpu/cores[0].core/simt/blocks[0].block_unit/warps[0].warp_unit/gen_shared_float.shared_float_units[0].shared_float_unit/gen_add_sub.add_sub_unit/norm_mant_reg[24][0]_0 |               13 |             64 |
|  CLK100MHZ_IBUF_BUFG | comm/const_mem_reg[208][0][0]                                                                                                                                               | gpu/cores[0].core/simt/blocks[0].block_unit/warps[0].warp_unit/gen_shared_float.shared_float_units[0].shared_float_unit/gen_add_sub.add_sub_unit/norm_mant_reg[24][0]_0 |               12 |             64 |
|  CLK100MHZ_IBUF_BUFG | comm/const_mem_reg[209][0][0]                                                                                                                                               | gpu/cores[0].core/simt/blocks[0].block_unit/warps[0].warp_unit/gen_shared_float.shared_float_units[0].shared_float_unit/gen_add_sub.add_sub_unit/norm_mant_reg[24][0]_0 |               14 |             64 |
|  CLK100MHZ_IBUF_BUFG | comm/const_mem_reg[211][0][0]                                                                                                                                               | gpu/cores[0].core/simt/blocks[0].block_unit/warps[0].warp_unit/gen_shared_float.shared_float_units[0].shared_float_unit/gen_add_sub.add_sub_unit/norm_mant_reg[24][0]_0 |               13 |             64 |
|  CLK100MHZ_IBUF_BUFG | comm/const_mem_reg[215][0][0]                                                                                                                                               | gpu/cores[0].core/simt/blocks[0].block_unit/warps[0].warp_unit/gen_shared_float.shared_float_units[0].shared_float_unit/gen_add_sub.add_sub_unit/norm_mant_reg[24][0]_0 |               11 |             64 |
|  CLK100MHZ_IBUF_BUFG | comm/const_mem_reg[224][0][0]                                                                                                                                               | gpu/cores[0].core/simt/blocks[0].block_unit/warps[0].warp_unit/gen_shared_float.shared_float_units[0].shared_float_unit/gen_add_sub.add_sub_unit/norm_mant_reg[24][0]_0 |               11 |             64 |
|  CLK100MHZ_IBUF_BUFG | comm/const_mem_reg[227][0][0]                                                                                                                                               | gpu/cores[0].core/simt/blocks[0].block_unit/warps[0].warp_unit/gen_shared_float.shared_float_units[0].shared_float_unit/gen_add_sub.add_sub_unit/norm_mant_reg[24][0]_0 |               17 |             64 |
|  CLK100MHZ_IBUF_BUFG | comm/const_mem_reg[228][0][0]                                                                                                                                               | gpu/cores[0].core/simt/blocks[0].block_unit/warps[0].warp_unit/gen_shared_float.shared_float_units[0].shared_float_unit/gen_add_sub.add_sub_unit/norm_mant_reg[24][0]_0 |               17 |             64 |
|  CLK100MHZ_IBUF_BUFG | comm/const_mem_reg[229][0][0]                                                                                                                                               | gpu/cores[0].core/simt/blocks[0].block_unit/warps[0].warp_unit/gen_shared_float.shared_float_units[0].shared_float_unit/gen_add_sub.add_sub_unit/norm_mant_reg[24][0]_0 |               13 |             64 |
|  CLK100MHZ_IBUF_BUFG | comm/const_mem_reg[230][0][0]                                                                                                                                               | gpu/cores[0].core/simt/blocks[0].block_unit/warps[0].warp_unit/gen_shared_float.shared_float_units[0].shared_float_unit/gen_add_sub.add_sub_unit/norm_mant_reg[24][0]_0 |               15 |             64 |
|  CLK100MHZ_IBUF_BUFG | comm/const_mem_reg[199][0][0]                                                                                                                                               | gpu/cores[0].core/simt/blocks[0].block_unit/warps[0].warp_unit/gen_shared_float.shared_float_units[0].shared_float_unit/gen_add_sub.add_sub_unit/norm_mant_reg[24][0]_0 |               14 |             64 |
|  CLK100MHZ_IBUF_BUFG | comm/const_mem_reg[206][0][0]                                                                                                                                               | gpu/cores[0].core/simt/blocks[0].block_unit/warps[0].warp_unit/gen_shared_float.shared_float_units[0].shared_float_unit/gen_add_sub.add_sub_unit/norm_mant_reg[24][0]_0 |               12 |             64 |
|  CLK100MHZ_IBUF_BUFG | comm/const_mem_reg[221][0][0]                                                                                                                                               | gpu/cores[0].core/simt/blocks[0].block_unit/warps[0].warp_unit/gen_shared_float.shared_float_units[0].shared_float_unit/gen_add_sub.add_sub_unit/norm_mant_reg[24][0]_0 |               14 |             64 |
|  CLK100MHZ_IBUF_BUFG | comm/const_mem_reg[1][0][0]                                                                                                                                                 | gpu/cores[0].core/simt/blocks[0].block_unit/warps[0].warp_unit/gen_shared_float.shared_float_units[0].shared_float_unit/gen_add_sub.add_sub_unit/norm_mant_reg[24][0]_0 |               13 |             64 |
|  CLK100MHZ_IBUF_BUFG | comm/const_mem_reg[70][0][0]                                                                                                                                                | gpu/cores[0].core/simt/blocks[0].block_unit/warps[0].warp_unit/gen_shared_float.shared_float_units[0].shared_float_unit/gen_add_sub.add_sub_unit/norm_mant_reg[24][0]_0 |               11 |             64 |
|  CLK100MHZ_IBUF_BUFG | comm/const_mem_reg[52][0][0]                                                                                                                                                | gpu/cores[0].core/simt/blocks[0].block_unit/warps[0].warp_unit/gen_shared_float.shared_float_units[0].shared_float_unit/gen_add_sub.add_sub_unit/norm_mant_reg[24][0]_0 |               17 |             64 |
|  CLK100MHZ_IBUF_BUFG | comm/const_mem_reg[250][0][0]                                                                                                                                               | gpu/cores[0].core/simt/blocks[0].block_unit/warps[0].warp_unit/gen_shared_float.shared_float_units[0].shared_float_unit/gen_add_sub.add_sub_unit/norm_mant_reg[24][0]_0 |                9 |             64 |
|  CLK100MHZ_IBUF_BUFG | comm/const_mem_reg[25][0][0]                                                                                                                                                | gpu/cores[0].core/simt/blocks[0].block_unit/warps[0].warp_unit/gen_shared_float.shared_float_units[0].shared_float_unit/gen_add_sub.add_sub_unit/norm_mant_reg[24][0]_0 |               16 |             64 |
|  CLK100MHZ_IBUF_BUFG | comm/const_mem_reg[59][0][0]                                                                                                                                                | gpu/cores[0].core/simt/blocks[0].block_unit/warps[0].warp_unit/gen_shared_float.shared_float_units[0].shared_float_unit/gen_add_sub.add_sub_unit/norm_mant_reg[24][0]_0 |               14 |             64 |
|  CLK100MHZ_IBUF_BUFG | comm/const_mem_reg[248][0][0]                                                                                                                                               | gpu/cores[0].core/simt/blocks[0].block_unit/warps[0].warp_unit/gen_shared_float.shared_float_units[0].shared_float_unit/gen_add_sub.add_sub_unit/norm_mant_reg[24][0]_0 |               15 |             64 |
|  CLK100MHZ_IBUF_BUFG | comm/const_mem_reg[249][0][0]                                                                                                                                               | gpu/cores[0].core/simt/blocks[0].block_unit/warps[0].warp_unit/gen_shared_float.shared_float_units[0].shared_float_unit/gen_add_sub.add_sub_unit/norm_mant_reg[24][0]_0 |               15 |             64 |
|  CLK100MHZ_IBUF_BUFG | comm/const_mem_reg[46][0][0]                                                                                                                                                | gpu/cores[0].core/simt/blocks[0].block_unit/warps[0].warp_unit/gen_shared_float.shared_float_units[0].shared_float_unit/gen_add_sub.add_sub_unit/norm_mant_reg[24][0]_0 |               15 |             64 |
|  CLK100MHZ_IBUF_BUFG | comm/const_mem_reg[61][0][0]                                                                                                                                                | gpu/cores[0].core/simt/blocks[0].block_unit/warps[0].warp_unit/gen_shared_float.shared_float_units[0].shared_float_unit/gen_add_sub.add_sub_unit/norm_mant_reg[24][0]_0 |               19 |             64 |
|  CLK100MHZ_IBUF_BUFG | comm/const_mem_reg[64][0][0]                                                                                                                                                | gpu/cores[0].core/simt/blocks[0].block_unit/warps[0].warp_unit/gen_shared_float.shared_float_units[0].shared_float_unit/gen_add_sub.add_sub_unit/norm_mant_reg[24][0]_0 |               14 |             64 |
|  CLK100MHZ_IBUF_BUFG | comm/const_mem_reg[41][0][0]                                                                                                                                                | gpu/cores[0].core/simt/blocks[0].block_unit/warps[0].warp_unit/gen_shared_float.shared_float_units[0].shared_float_unit/gen_add_sub.add_sub_unit/norm_mant_reg[24][0]_0 |               16 |             64 |
|  CLK100MHZ_IBUF_BUFG | comm/const_mem_reg[51][0][0]                                                                                                                                                | gpu/cores[0].core/simt/blocks[0].block_unit/warps[0].warp_unit/gen_shared_float.shared_float_units[0].shared_float_unit/gen_add_sub.add_sub_unit/norm_mant_reg[24][0]_0 |               14 |             64 |
|  CLK100MHZ_IBUF_BUFG | comm/const_mem_reg[56][0][0]                                                                                                                                                | gpu/cores[0].core/simt/blocks[0].block_unit/warps[0].warp_unit/gen_shared_float.shared_float_units[0].shared_float_unit/gen_add_sub.add_sub_unit/norm_mant_reg[24][0]_0 |               19 |             64 |
|  CLK100MHZ_IBUF_BUFG | comm/const_mem_reg[45][0][0]                                                                                                                                                | gpu/cores[0].core/simt/blocks[0].block_unit/warps[0].warp_unit/gen_shared_float.shared_float_units[0].shared_float_unit/gen_add_sub.add_sub_unit/norm_mant_reg[24][0]_0 |               19 |             64 |
|  CLK100MHZ_IBUF_BUFG | comm/const_mem_reg[4][0][0]                                                                                                                                                 | gpu/cores[0].core/simt/blocks[0].block_unit/warps[0].warp_unit/gen_shared_float.shared_float_units[0].shared_float_unit/gen_add_sub.add_sub_unit/norm_mant_reg[24][0]_0 |               15 |             64 |
|  CLK100MHZ_IBUF_BUFG | comm/const_mem_reg[26][0][0]                                                                                                                                                | gpu/cores[0].core/simt/blocks[0].block_unit/warps[0].warp_unit/gen_shared_float.shared_float_units[0].shared_float_unit/gen_add_sub.add_sub_unit/norm_mant_reg[24][0]_0 |               15 |             64 |
|  CLK100MHZ_IBUF_BUFG | comm/const_mem_reg[55][0][0]                                                                                                                                                | gpu/cores[0].core/simt/blocks[0].block_unit/warps[0].warp_unit/gen_shared_float.shared_float_units[0].shared_float_unit/gen_add_sub.add_sub_unit/norm_mant_reg[24][0]_0 |               16 |             64 |
|  CLK100MHZ_IBUF_BUFG | comm/const_mem_reg[58][0][0]                                                                                                                                                | gpu/cores[0].core/simt/blocks[0].block_unit/warps[0].warp_unit/gen_shared_float.shared_float_units[0].shared_float_unit/gen_add_sub.add_sub_unit/norm_mant_reg[24][0]_0 |               19 |             64 |
|  CLK100MHZ_IBUF_BUFG | comm/const_mem_reg[254][0][0]                                                                                                                                               | gpu/cores[0].core/simt/blocks[0].block_unit/warps[0].warp_unit/gen_shared_float.shared_float_units[0].shared_float_unit/gen_add_sub.add_sub_unit/norm_mant_reg[24][0]_0 |               14 |             64 |
|  CLK100MHZ_IBUF_BUFG | comm/const_mem_reg[35][0][0]                                                                                                                                                | gpu/cores[0].core/simt/blocks[0].block_unit/warps[0].warp_unit/gen_shared_float.shared_float_units[0].shared_float_unit/gen_add_sub.add_sub_unit/norm_mant_reg[24][0]_0 |               19 |             64 |
|  CLK100MHZ_IBUF_BUFG | comm/const_mem_reg[43][0][0]                                                                                                                                                | gpu/cores[0].core/simt/blocks[0].block_unit/warps[0].warp_unit/gen_shared_float.shared_float_units[0].shared_float_unit/gen_add_sub.add_sub_unit/norm_mant_reg[24][0]_0 |               18 |             64 |
|  CLK100MHZ_IBUF_BUFG | comm/const_mem_reg[247][0][0]                                                                                                                                               | gpu/cores[0].core/simt/blocks[0].block_unit/warps[0].warp_unit/gen_shared_float.shared_float_units[0].shared_float_unit/gen_add_sub.add_sub_unit/norm_mant_reg[24][0]_0 |               16 |             64 |
|  CLK100MHZ_IBUF_BUFG | comm/const_mem_reg[47][0][0]                                                                                                                                                | gpu/cores[0].core/simt/blocks[0].block_unit/warps[0].warp_unit/gen_shared_float.shared_float_units[0].shared_float_unit/gen_add_sub.add_sub_unit/norm_mant_reg[24][0]_0 |               18 |             64 |
|  CLK100MHZ_IBUF_BUFG | comm/const_mem_reg[29][0][0]                                                                                                                                                | gpu/cores[0].core/simt/blocks[0].block_unit/warps[0].warp_unit/gen_shared_float.shared_float_units[0].shared_float_unit/gen_add_sub.add_sub_unit/norm_mant_reg[24][0]_0 |               17 |             64 |
|  CLK100MHZ_IBUF_BUFG | comm/const_mem_reg[60][0][0]                                                                                                                                                | gpu/cores[0].core/simt/blocks[0].block_unit/warps[0].warp_unit/gen_shared_float.shared_float_units[0].shared_float_unit/gen_add_sub.add_sub_unit/norm_mant_reg[24][0]_0 |               19 |             64 |
|  CLK100MHZ_IBUF_BUFG | comm/const_mem_reg[30][0][0]                                                                                                                                                | gpu/cores[0].core/simt/blocks[0].block_unit/warps[0].warp_unit/gen_shared_float.shared_float_units[0].shared_float_unit/gen_add_sub.add_sub_unit/norm_mant_reg[24][0]_0 |               16 |             64 |
|  CLK100MHZ_IBUF_BUFG | comm/const_mem_reg[244][0][0]                                                                                                                                               | gpu/cores[0].core/simt/blocks[0].block_unit/warps[0].warp_unit/gen_shared_float.shared_float_units[0].shared_float_unit/gen_add_sub.add_sub_unit/norm_mant_reg[24][0]_0 |               13 |             64 |
|  CLK100MHZ_IBUF_BUFG | comm/const_mem_reg[246][0][0]                                                                                                                                               | gpu/cores[0].core/simt/blocks[0].block_unit/warps[0].warp_unit/gen_shared_float.shared_float_units[0].shared_float_unit/gen_add_sub.add_sub_unit/norm_mant_reg[24][0]_0 |               11 |             64 |
|  CLK100MHZ_IBUF_BUFG | comm/const_mem_reg[31][0][0]                                                                                                                                                | gpu/cores[0].core/simt/blocks[0].block_unit/warps[0].warp_unit/gen_shared_float.shared_float_units[0].shared_float_unit/gen_add_sub.add_sub_unit/norm_mant_reg[24][0]_0 |               16 |             64 |
|  CLK100MHZ_IBUF_BUFG | comm/const_mem_reg[37][0][0]                                                                                                                                                | gpu/cores[0].core/simt/blocks[0].block_unit/warps[0].warp_unit/gen_shared_float.shared_float_units[0].shared_float_unit/gen_add_sub.add_sub_unit/norm_mant_reg[24][0]_0 |               18 |             64 |
|  CLK100MHZ_IBUF_BUFG | comm/const_mem_reg[39][0][0]                                                                                                                                                | gpu/cores[0].core/simt/blocks[0].block_unit/warps[0].warp_unit/gen_shared_float.shared_float_units[0].shared_float_unit/gen_add_sub.add_sub_unit/norm_mant_reg[24][0]_0 |               18 |             64 |
|  CLK100MHZ_IBUF_BUFG | comm/const_mem_reg[252][0][0]                                                                                                                                               | gpu/cores[0].core/simt/blocks[0].block_unit/warps[0].warp_unit/gen_shared_float.shared_float_units[0].shared_float_unit/gen_add_sub.add_sub_unit/norm_mant_reg[24][0]_0 |               12 |             64 |
|  CLK100MHZ_IBUF_BUFG | comm/const_mem_reg[255][0][0]                                                                                                                                               | gpu/cores[0].core/simt/blocks[0].block_unit/warps[0].warp_unit/gen_shared_float.shared_float_units[0].shared_float_unit/gen_add_sub.add_sub_unit/norm_mant_reg[24][0]_0 |               13 |             64 |
|  CLK100MHZ_IBUF_BUFG | comm/const_mem_reg[32][0][0]                                                                                                                                                | gpu/cores[0].core/simt/blocks[0].block_unit/warps[0].warp_unit/gen_shared_float.shared_float_units[0].shared_float_unit/gen_add_sub.add_sub_unit/norm_mant_reg[24][0]_0 |               20 |             64 |
|  CLK100MHZ_IBUF_BUFG | comm/const_mem_reg[253][0][0]                                                                                                                                               | gpu/cores[0].core/simt/blocks[0].block_unit/warps[0].warp_unit/gen_shared_float.shared_float_units[0].shared_float_unit/gen_add_sub.add_sub_unit/norm_mant_reg[24][0]_0 |                9 |             64 |
|  CLK100MHZ_IBUF_BUFG | comm/const_mem_reg[33][0][0]                                                                                                                                                | gpu/cores[0].core/simt/blocks[0].block_unit/warps[0].warp_unit/gen_shared_float.shared_float_units[0].shared_float_unit/gen_add_sub.add_sub_unit/norm_mant_reg[24][0]_0 |               18 |             64 |
|  CLK100MHZ_IBUF_BUFG | comm/const_mem_reg[44][0][0]                                                                                                                                                | gpu/cores[0].core/simt/blocks[0].block_unit/warps[0].warp_unit/gen_shared_float.shared_float_units[0].shared_float_unit/gen_add_sub.add_sub_unit/norm_mant_reg[24][0]_0 |               16 |             64 |
|  CLK100MHZ_IBUF_BUFG | comm/const_mem_reg[49][0][0]                                                                                                                                                | gpu/cores[0].core/simt/blocks[0].block_unit/warps[0].warp_unit/gen_shared_float.shared_float_units[0].shared_float_unit/gen_add_sub.add_sub_unit/norm_mant_reg[24][0]_0 |               16 |             64 |
|  CLK100MHZ_IBUF_BUFG | comm/const_mem_reg[57][0][0]                                                                                                                                                | gpu/cores[0].core/simt/blocks[0].block_unit/warps[0].warp_unit/gen_shared_float.shared_float_units[0].shared_float_unit/gen_add_sub.add_sub_unit/norm_mant_reg[24][0]_0 |               20 |             64 |
|  CLK100MHZ_IBUF_BUFG | comm/const_mem_reg[24][0][0]                                                                                                                                                | gpu/cores[0].core/simt/blocks[0].block_unit/warps[0].warp_unit/gen_shared_float.shared_float_units[0].shared_float_unit/gen_add_sub.add_sub_unit/norm_mant_reg[24][0]_0 |               15 |             64 |
|  CLK100MHZ_IBUF_BUFG | comm/const_mem_reg[63][0][0]                                                                                                                                                | gpu/cores[0].core/simt/blocks[0].block_unit/warps[0].warp_unit/gen_shared_float.shared_float_units[0].shared_float_unit/gen_add_sub.add_sub_unit/norm_mant_reg[24][0]_0 |               16 |             64 |
|  CLK100MHZ_IBUF_BUFG | comm/const_mem_reg[28][0][0]                                                                                                                                                | gpu/cores[0].core/simt/blocks[0].block_unit/warps[0].warp_unit/gen_shared_float.shared_float_units[0].shared_float_unit/gen_add_sub.add_sub_unit/norm_mant_reg[24][0]_0 |               15 |             64 |
|  CLK100MHZ_IBUF_BUFG | comm/const_mem_reg[65][0][0]                                                                                                                                                | gpu/cores[0].core/simt/blocks[0].block_unit/warps[0].warp_unit/gen_shared_float.shared_float_units[0].shared_float_unit/gen_add_sub.add_sub_unit/norm_mant_reg[24][0]_0 |               12 |             64 |
|  CLK100MHZ_IBUF_BUFG | comm/const_mem_reg[251][0][0]                                                                                                                                               | gpu/cores[0].core/simt/blocks[0].block_unit/warps[0].warp_unit/gen_shared_float.shared_float_units[0].shared_float_unit/gen_add_sub.add_sub_unit/norm_mant_reg[24][0]_0 |               14 |             64 |
|  CLK100MHZ_IBUF_BUFG | comm/const_mem_reg[38][0][0]                                                                                                                                                | gpu/cores[0].core/simt/blocks[0].block_unit/warps[0].warp_unit/gen_shared_float.shared_float_units[0].shared_float_unit/gen_add_sub.add_sub_unit/norm_mant_reg[24][0]_0 |               17 |             64 |
|  CLK100MHZ_IBUF_BUFG | comm/const_mem_reg[48][0][0]                                                                                                                                                | gpu/cores[0].core/simt/blocks[0].block_unit/warps[0].warp_unit/gen_shared_float.shared_float_units[0].shared_float_unit/gen_add_sub.add_sub_unit/norm_mant_reg[24][0]_0 |               18 |             64 |
|  CLK100MHZ_IBUF_BUFG | comm/const_mem_reg[66][0][0]                                                                                                                                                | gpu/cores[0].core/simt/blocks[0].block_unit/warps[0].warp_unit/gen_shared_float.shared_float_units[0].shared_float_unit/gen_add_sub.add_sub_unit/norm_mant_reg[24][0]_0 |               12 |             64 |
|  CLK100MHZ_IBUF_BUFG | comm/const_mem_reg[42][0][0]                                                                                                                                                | gpu/cores[0].core/simt/blocks[0].block_unit/warps[0].warp_unit/gen_shared_float.shared_float_units[0].shared_float_unit/gen_add_sub.add_sub_unit/norm_mant_reg[24][0]_0 |               17 |             64 |
|  CLK100MHZ_IBUF_BUFG | comm/const_mem_reg[2][0][0]                                                                                                                                                 | gpu/cores[0].core/simt/blocks[0].block_unit/warps[0].warp_unit/gen_shared_float.shared_float_units[0].shared_float_unit/gen_add_sub.add_sub_unit/norm_mant_reg[24][0]_0 |               16 |             64 |
|  CLK100MHZ_IBUF_BUFG | comm/const_mem_reg[67][0][0]                                                                                                                                                | gpu/cores[0].core/simt/blocks[0].block_unit/warps[0].warp_unit/gen_shared_float.shared_float_units[0].shared_float_unit/gen_add_sub.add_sub_unit/norm_mant_reg[24][0]_0 |               14 |             64 |
|  CLK100MHZ_IBUF_BUFG | comm/const_mem_reg[231][0][0]                                                                                                                                               | gpu/cores[0].core/simt/blocks[0].block_unit/warps[0].warp_unit/gen_shared_float.shared_float_units[0].shared_float_unit/gen_add_sub.add_sub_unit/norm_mant_reg[24][0]_0 |               16 |             64 |
|  CLK100MHZ_IBUF_BUFG | comm/const_mem_reg[36][0][0]                                                                                                                                                | gpu/cores[0].core/simt/blocks[0].block_unit/warps[0].warp_unit/gen_shared_float.shared_float_units[0].shared_float_unit/gen_add_sub.add_sub_unit/norm_mant_reg[24][0]_0 |               18 |             64 |
|  CLK100MHZ_IBUF_BUFG | comm/const_mem_reg[27][0][0]                                                                                                                                                | gpu/cores[0].core/simt/blocks[0].block_unit/warps[0].warp_unit/gen_shared_float.shared_float_units[0].shared_float_unit/gen_add_sub.add_sub_unit/norm_mant_reg[24][0]_0 |               15 |             64 |
|  CLK100MHZ_IBUF_BUFG | comm/const_mem_reg[3][0][0]                                                                                                                                                 | gpu/cores[0].core/simt/blocks[0].block_unit/warps[0].warp_unit/gen_shared_float.shared_float_units[0].shared_float_unit/gen_add_sub.add_sub_unit/norm_mant_reg[24][0]_0 |               13 |             64 |
|  CLK100MHZ_IBUF_BUFG | comm/const_mem_reg[40][0][0]                                                                                                                                                | gpu/cores[0].core/simt/blocks[0].block_unit/warps[0].warp_unit/gen_shared_float.shared_float_units[0].shared_float_unit/gen_add_sub.add_sub_unit/norm_mant_reg[24][0]_0 |               20 |             64 |
|  CLK100MHZ_IBUF_BUFG | comm/const_mem_reg[53][0][0]                                                                                                                                                | gpu/cores[0].core/simt/blocks[0].block_unit/warps[0].warp_unit/gen_shared_float.shared_float_units[0].shared_float_unit/gen_add_sub.add_sub_unit/norm_mant_reg[24][0]_0 |               16 |             64 |
|  CLK100MHZ_IBUF_BUFG | comm/const_mem_reg[245][0][0]                                                                                                                                               | gpu/cores[0].core/simt/blocks[0].block_unit/warps[0].warp_unit/gen_shared_float.shared_float_units[0].shared_float_unit/gen_add_sub.add_sub_unit/norm_mant_reg[24][0]_0 |               17 |             64 |
|  CLK100MHZ_IBUF_BUFG | comm/const_mem_reg[5][0][0]                                                                                                                                                 | gpu/cores[0].core/simt/blocks[0].block_unit/warps[0].warp_unit/gen_shared_float.shared_float_units[0].shared_float_unit/gen_add_sub.add_sub_unit/norm_mant_reg[24][0]_0 |               14 |             64 |
|  CLK100MHZ_IBUF_BUFG | comm/const_mem_reg[62][0][0]                                                                                                                                                | gpu/cores[0].core/simt/blocks[0].block_unit/warps[0].warp_unit/gen_shared_float.shared_float_units[0].shared_float_unit/gen_add_sub.add_sub_unit/norm_mant_reg[24][0]_0 |               15 |             64 |
|  CLK100MHZ_IBUF_BUFG | comm/const_mem_reg[68][0][0]                                                                                                                                                | gpu/cores[0].core/simt/blocks[0].block_unit/warps[0].warp_unit/gen_shared_float.shared_float_units[0].shared_float_unit/gen_add_sub.add_sub_unit/norm_mant_reg[24][0]_0 |               12 |             64 |
|  CLK100MHZ_IBUF_BUFG | comm/const_mem_reg[54][0][0]                                                                                                                                                | gpu/cores[0].core/simt/blocks[0].block_unit/warps[0].warp_unit/gen_shared_float.shared_float_units[0].shared_float_unit/gen_add_sub.add_sub_unit/norm_mant_reg[24][0]_0 |               19 |             64 |
|  CLK100MHZ_IBUF_BUFG | comm/const_mem_reg[50][0][0]                                                                                                                                                | gpu/cores[0].core/simt/blocks[0].block_unit/warps[0].warp_unit/gen_shared_float.shared_float_units[0].shared_float_unit/gen_add_sub.add_sub_unit/norm_mant_reg[24][0]_0 |               18 |             64 |
|  CLK100MHZ_IBUF_BUFG | comm/const_mem_reg[69][0][0]                                                                                                                                                | gpu/cores[0].core/simt/blocks[0].block_unit/warps[0].warp_unit/gen_shared_float.shared_float_units[0].shared_float_unit/gen_add_sub.add_sub_unit/norm_mant_reg[24][0]_0 |               13 |             64 |
|  CLK100MHZ_IBUF_BUFG | comm/const_mem_reg[6][0][0]                                                                                                                                                 | gpu/cores[0].core/simt/blocks[0].block_unit/warps[0].warp_unit/gen_shared_float.shared_float_units[0].shared_float_unit/gen_add_sub.add_sub_unit/norm_mant_reg[24][0]_0 |               13 |             64 |
|  CLK100MHZ_IBUF_BUFG | comm/const_mem_reg[93][0][0]                                                                                                                                                | gpu/cores[0].core/simt/blocks[0].block_unit/warps[0].warp_unit/gen_shared_float.shared_float_units[0].shared_float_unit/gen_add_sub.add_sub_unit/norm_mant_reg[24][0]_0 |               13 |             64 |
|  CLK100MHZ_IBUF_BUFG | comm/const_mem_reg[83][0][0]                                                                                                                                                | gpu/cores[0].core/simt/blocks[0].block_unit/warps[0].warp_unit/gen_shared_float.shared_float_units[0].shared_float_unit/gen_add_sub.add_sub_unit/norm_mant_reg[24][0]_0 |               16 |             64 |
|  CLK100MHZ_IBUF_BUFG | comm/const_mem_reg[90][0][0]                                                                                                                                                | gpu/cores[0].core/simt/blocks[0].block_unit/warps[0].warp_unit/gen_shared_float.shared_float_units[0].shared_float_unit/gen_add_sub.add_sub_unit/norm_mant_reg[24][0]_0 |               18 |             64 |
|  CLK100MHZ_IBUF_BUFG | comm/const_mem_reg[82][0][0]                                                                                                                                                | gpu/cores[0].core/simt/blocks[0].block_unit/warps[0].warp_unit/gen_shared_float.shared_float_units[0].shared_float_unit/gen_add_sub.add_sub_unit/norm_mant_reg[24][0]_0 |               16 |             64 |
|  CLK100MHZ_IBUF_BUFG | comm/const_mem_reg[80][0][0]                                                                                                                                                | gpu/cores[0].core/simt/blocks[0].block_unit/warps[0].warp_unit/gen_shared_float.shared_float_units[0].shared_float_unit/gen_add_sub.add_sub_unit/norm_mant_reg[24][0]_0 |               18 |             64 |
|  CLK100MHZ_IBUF_BUFG | comm/const_mem_reg[94][0][0]                                                                                                                                                | gpu/cores[0].core/simt/blocks[0].block_unit/warps[0].warp_unit/gen_shared_float.shared_float_units[0].shared_float_unit/gen_add_sub.add_sub_unit/norm_mant_reg[24][0]_0 |               15 |             64 |
|  CLK100MHZ_IBUF_BUFG | comm/const_mem_reg[88][0][0]                                                                                                                                                | gpu/cores[0].core/simt/blocks[0].block_unit/warps[0].warp_unit/gen_shared_float.shared_float_units[0].shared_float_unit/gen_add_sub.add_sub_unit/norm_mant_reg[24][0]_0 |               14 |             64 |
|  CLK100MHZ_IBUF_BUFG | comm/const_mem_reg[76][0][0]                                                                                                                                                | gpu/cores[0].core/simt/blocks[0].block_unit/warps[0].warp_unit/gen_shared_float.shared_float_units[0].shared_float_unit/gen_add_sub.add_sub_unit/norm_mant_reg[24][0]_0 |               13 |             64 |
|  CLK100MHZ_IBUF_BUFG | comm/const_mem_reg[98][0][0]                                                                                                                                                | gpu/cores[0].core/simt/blocks[0].block_unit/warps[0].warp_unit/gen_shared_float.shared_float_units[0].shared_float_unit/gen_add_sub.add_sub_unit/norm_mant_reg[24][0]_0 |               12 |             64 |
|  CLK100MHZ_IBUF_BUFG | comm/const_mem_reg[74][0][0]                                                                                                                                                | gpu/cores[0].core/simt/blocks[0].block_unit/warps[0].warp_unit/gen_shared_float.shared_float_units[0].shared_float_unit/gen_add_sub.add_sub_unit/norm_mant_reg[24][0]_0 |               13 |             64 |
|  CLK100MHZ_IBUF_BUFG | comm/const_mem_reg[96][0][0]                                                                                                                                                | gpu/cores[0].core/simt/blocks[0].block_unit/warps[0].warp_unit/gen_shared_float.shared_float_units[0].shared_float_unit/gen_add_sub.add_sub_unit/norm_mant_reg[24][0]_0 |               12 |             64 |
|  CLK100MHZ_IBUF_BUFG | comm/const_mem_reg[71][0][0]                                                                                                                                                | gpu/cores[0].core/simt/blocks[0].block_unit/warps[0].warp_unit/gen_shared_float.shared_float_units[0].shared_float_unit/gen_add_sub.add_sub_unit/norm_mant_reg[24][0]_0 |               13 |             64 |
|  CLK100MHZ_IBUF_BUFG | comm/const_mem_reg[7][0][0]                                                                                                                                                 | gpu/cores[0].core/simt/blocks[0].block_unit/warps[0].warp_unit/gen_shared_float.shared_float_units[0].shared_float_unit/gen_add_sub.add_sub_unit/norm_mant_reg[24][0]_0 |               11 |             64 |
|  CLK100MHZ_IBUF_BUFG | comm/const_mem_reg[85][0][0]                                                                                                                                                | gpu/cores[0].core/simt/blocks[0].block_unit/warps[0].warp_unit/gen_shared_float.shared_float_units[0].shared_float_unit/gen_add_sub.add_sub_unit/norm_mant_reg[24][0]_0 |               16 |             64 |
|  CLK100MHZ_IBUF_BUFG | comm/const_mem_reg[86][0][0]                                                                                                                                                | gpu/cores[0].core/simt/blocks[0].block_unit/warps[0].warp_unit/gen_shared_float.shared_float_units[0].shared_float_unit/gen_add_sub.add_sub_unit/norm_mant_reg[24][0]_0 |               14 |             64 |
|  CLK100MHZ_IBUF_BUFG | comm/const_mem_reg[97][0][0]                                                                                                                                                | gpu/cores[0].core/simt/blocks[0].block_unit/warps[0].warp_unit/gen_shared_float.shared_float_units[0].shared_float_unit/gen_add_sub.add_sub_unit/norm_mant_reg[24][0]_0 |               13 |             64 |
|  CLK100MHZ_IBUF_BUFG | comm/const_mem_reg[92][0][0]                                                                                                                                                | gpu/cores[0].core/simt/blocks[0].block_unit/warps[0].warp_unit/gen_shared_float.shared_float_units[0].shared_float_unit/gen_add_sub.add_sub_unit/norm_mant_reg[24][0]_0 |               14 |             64 |
|  CLK100MHZ_IBUF_BUFG | comm/const_mem_reg[9][0][0]                                                                                                                                                 | gpu/cores[0].core/simt/blocks[0].block_unit/warps[0].warp_unit/gen_shared_float.shared_float_units[0].shared_float_unit/gen_add_sub.add_sub_unit/norm_mant_reg[24][0]_0 |               14 |             64 |
|  CLK100MHZ_IBUF_BUFG | comm/const_mem_reg[72][0][0]                                                                                                                                                | gpu/cores[0].core/simt/blocks[0].block_unit/warps[0].warp_unit/gen_shared_float.shared_float_units[0].shared_float_unit/gen_add_sub.add_sub_unit/norm_mant_reg[24][0]_0 |               15 |             64 |
|  CLK100MHZ_IBUF_BUFG | comm/const_mem_reg[81][0][0]                                                                                                                                                | gpu/cores[0].core/simt/blocks[0].block_unit/warps[0].warp_unit/gen_shared_float.shared_float_units[0].shared_float_unit/gen_add_sub.add_sub_unit/norm_mant_reg[24][0]_0 |               18 |             64 |
|  CLK100MHZ_IBUF_BUFG | comm/const_mem_reg[87][0][0]                                                                                                                                                | gpu/cores[0].core/simt/blocks[0].block_unit/warps[0].warp_unit/gen_shared_float.shared_float_units[0].shared_float_unit/gen_add_sub.add_sub_unit/norm_mant_reg[24][0]_0 |               17 |             64 |
|  CLK100MHZ_IBUF_BUFG | comm/const_mem_reg[79][0][0]                                                                                                                                                | gpu/cores[0].core/simt/blocks[0].block_unit/warps[0].warp_unit/gen_shared_float.shared_float_units[0].shared_float_unit/gen_add_sub.add_sub_unit/norm_mant_reg[24][0]_0 |               14 |             64 |
|  CLK100MHZ_IBUF_BUFG | comm/const_mem_reg[73][0][0]                                                                                                                                                | gpu/cores[0].core/simt/blocks[0].block_unit/warps[0].warp_unit/gen_shared_float.shared_float_units[0].shared_float_unit/gen_add_sub.add_sub_unit/norm_mant_reg[24][0]_0 |               11 |             64 |
|  CLK100MHZ_IBUF_BUFG | comm/const_mem_reg[77][0][0]                                                                                                                                                | gpu/cores[0].core/simt/blocks[0].block_unit/warps[0].warp_unit/gen_shared_float.shared_float_units[0].shared_float_unit/gen_add_sub.add_sub_unit/norm_mant_reg[24][0]_0 |               13 |             64 |
|  CLK100MHZ_IBUF_BUFG | comm/const_mem_reg[78][0][0]                                                                                                                                                | gpu/cores[0].core/simt/blocks[0].block_unit/warps[0].warp_unit/gen_shared_float.shared_float_units[0].shared_float_unit/gen_add_sub.add_sub_unit/norm_mant_reg[24][0]_0 |               13 |             64 |
|  CLK100MHZ_IBUF_BUFG | comm/const_mem_reg[99][0][0]                                                                                                                                                | gpu/cores[0].core/simt/blocks[0].block_unit/warps[0].warp_unit/gen_shared_float.shared_float_units[0].shared_float_unit/gen_add_sub.add_sub_unit/norm_mant_reg[24][0]_0 |               12 |             64 |
|  CLK100MHZ_IBUF_BUFG | comm/const_mem_reg[95][0][0]                                                                                                                                                | gpu/cores[0].core/simt/blocks[0].block_unit/warps[0].warp_unit/gen_shared_float.shared_float_units[0].shared_float_unit/gen_add_sub.add_sub_unit/norm_mant_reg[24][0]_0 |               17 |             64 |
|  CLK100MHZ_IBUF_BUFG | comm/const_mem_reg[91][0][0]                                                                                                                                                | gpu/cores[0].core/simt/blocks[0].block_unit/warps[0].warp_unit/gen_shared_float.shared_float_units[0].shared_float_unit/gen_add_sub.add_sub_unit/norm_mant_reg[24][0]_0 |               17 |             64 |
|  CLK100MHZ_IBUF_BUFG | comm/const_mem_reg[8][0][0]                                                                                                                                                 | gpu/cores[0].core/simt/blocks[0].block_unit/warps[0].warp_unit/gen_shared_float.shared_float_units[0].shared_float_unit/gen_add_sub.add_sub_unit/norm_mant_reg[24][0]_0 |               10 |             64 |
|  CLK100MHZ_IBUF_BUFG | comm/const_mem_reg[75][0][0]                                                                                                                                                | gpu/cores[0].core/simt/blocks[0].block_unit/warps[0].warp_unit/gen_shared_float.shared_float_units[0].shared_float_unit/gen_add_sub.add_sub_unit/norm_mant_reg[24][0]_0 |               13 |             64 |
|  CLK100MHZ_IBUF_BUFG | comm/const_mem_reg[89][0][0]                                                                                                                                                | gpu/cores[0].core/simt/blocks[0].block_unit/warps[0].warp_unit/gen_shared_float.shared_float_units[0].shared_float_unit/gen_add_sub.add_sub_unit/norm_mant_reg[24][0]_0 |               17 |             64 |
|  CLK100MHZ_IBUF_BUFG | comm/const_mem_reg[84][0][0]                                                                                                                                                | gpu/cores[0].core/simt/blocks[0].block_unit/warps[0].warp_unit/gen_shared_float.shared_float_units[0].shared_float_unit/gen_add_sub.add_sub_unit/norm_mant_reg[24][0]_0 |               16 |             64 |
|  CLK100MHZ_IBUF_BUFG | comm/u_tx/cur_word[31]_i_1_n_0                                                                                                                                              |                                                                                                                                                                         |                7 |             64 |
|  CLK100MHZ_IBUF_BUFG | comm/const_mem_reg[131][0][0]                                                                                                                                               | gpu/cores[0].core/simt/blocks[0].block_unit/warps[0].warp_unit/gen_shared_float.shared_float_units[0].shared_float_unit/gen_add_sub.add_sub_unit/norm_mant_reg[24][0]_0 |               15 |             64 |
|  CLK100MHZ_IBUF_BUFG |                                                                                                                                                                             | gpu/cores[0].core/simt/blocks[0].block_unit/warps[0].warp_unit/gen_shared_float.shared_float_units[0].shared_float_unit/gen_mul.mul_unit/stage4_result[31]_i_1_n_0      |               10 |             64 |
|  CLK100MHZ_IBUF_BUFG |                                                                                                                                                                             | gpu/cores[0].core/simt/blocks[0].block_unit/warps[0].warp_unit/gen_shared_float.shared_float_units[0].shared_float_unit/gen_add_sub.add_sub_unit/result[31]_i_1__11_n_0 |               13 |             64 |
|  CLK100MHZ_IBUF_BUFG |                                                                                                                                                                             | gpu/cores[0].core/simt/blocks[0].block_unit/warps[0].warp_unit/gen_shared_float.shared_float_units[0].shared_float_unit/gen_add_sub.add_sub_unit/s2_mant_a[31]_i_1_n_0  |               15 |             64 |
|  CLK100MHZ_IBUF_BUFG | comm/u_tx/tx_payload_data_reg[0][0]                                                                                                                                         | gpu/cores[0].core/simt/blocks[0].block_unit/warps[0].warp_unit/gen_shared_float.shared_float_units[0].shared_float_unit/gen_add_sub.add_sub_unit/norm_mant_reg[24][0]_0 |                7 |             64 |
|  CLK100MHZ_IBUF_BUFG | comm/const_mem_reg[34][0][0]                                                                                                                                                | gpu/cores[0].core/simt/blocks[0].block_unit/warps[0].warp_unit/gen_shared_float.shared_float_units[0].shared_float_unit/gen_add_sub.add_sub_unit/norm_mant_reg[24][0]_0 |               16 |             64 |
|  CLK100MHZ_IBUF_BUFG |                                                                                                                                                                             | gpu/cores[0].core/simt/blocks[0].block_unit/warps[0].warp_unit/gen_shared_float.shared_float_units[0].shared_float_unit/gen_add_sub.add_sub_unit/s2_mant_b[31]_i_1_n_0  |               13 |             64 |
|  CLK100MHZ_IBUF_BUFG |                                                                                                                                                                             | gpu/cores[0].core/simt/blocks[0].block_unit/warps[0].warp_unit/gen_shared_float.shared_float_units[0].shared_float_unit/gen_add_sub.add_sub_unit/s2_result[31]_i_1_n_0  |               18 |             64 |
|  CLK100MHZ_IBUF_BUFG | comm/const_mem_reg[102][0][0]                                                                                                                                               | gpu/cores[0].core/simt/blocks[0].block_unit/warps[0].warp_unit/gen_shared_float.shared_float_units[0].shared_float_unit/gen_add_sub.add_sub_unit/norm_mant_reg[24][0]_0 |               12 |             64 |
|  CLK100MHZ_IBUF_BUFG | comm/const_mem_reg[104][0][0]                                                                                                                                               | gpu/cores[0].core/simt/blocks[0].block_unit/warps[0].warp_unit/gen_shared_float.shared_float_units[0].shared_float_unit/gen_add_sub.add_sub_unit/norm_mant_reg[24][0]_0 |               12 |             64 |
|  CLK100MHZ_IBUF_BUFG | comm/const_mem_reg[110][0][0]                                                                                                                                               | gpu/cores[0].core/simt/blocks[0].block_unit/warps[0].warp_unit/gen_shared_float.shared_float_units[0].shared_float_unit/gen_add_sub.add_sub_unit/norm_mant_reg[24][0]_0 |               14 |             64 |
|  CLK100MHZ_IBUF_BUFG | comm/const_mem_reg[109][0][0]                                                                                                                                               | gpu/cores[0].core/simt/blocks[0].block_unit/warps[0].warp_unit/gen_shared_float.shared_float_units[0].shared_float_unit/gen_add_sub.add_sub_unit/norm_mant_reg[24][0]_0 |               11 |             64 |
|  CLK100MHZ_IBUF_BUFG | comm/const_mem_reg[114][0][0]                                                                                                                                               | gpu/cores[0].core/simt/blocks[0].block_unit/warps[0].warp_unit/gen_shared_float.shared_float_units[0].shared_float_unit/gen_add_sub.add_sub_unit/norm_mant_reg[24][0]_0 |               18 |             64 |
|  CLK100MHZ_IBUF_BUFG | comm/const_mem_reg[100][0][0]                                                                                                                                               | gpu/cores[0].core/simt/blocks[0].block_unit/warps[0].warp_unit/gen_shared_float.shared_float_units[0].shared_float_unit/gen_add_sub.add_sub_unit/norm_mant_reg[24][0]_0 |               11 |             64 |
|  CLK100MHZ_IBUF_BUFG | comm/const_mem_reg[108][0][0]                                                                                                                                               | gpu/cores[0].core/simt/blocks[0].block_unit/warps[0].warp_unit/gen_shared_float.shared_float_units[0].shared_float_unit/gen_add_sub.add_sub_unit/norm_mant_reg[24][0]_0 |               14 |             64 |
|  CLK100MHZ_IBUF_BUFG | comm/const_mem_reg[118][0][0]                                                                                                                                               | gpu/cores[0].core/simt/blocks[0].block_unit/warps[0].warp_unit/gen_shared_float.shared_float_units[0].shared_float_unit/gen_add_sub.add_sub_unit/norm_mant_reg[24][0]_0 |               16 |             64 |
|  CLK100MHZ_IBUF_BUFG | comm/const_mem_reg[11][0][0]                                                                                                                                                | gpu/cores[0].core/simt/blocks[0].block_unit/warps[0].warp_unit/gen_shared_float.shared_float_units[0].shared_float_unit/gen_add_sub.add_sub_unit/norm_mant_reg[24][0]_0 |               14 |             64 |
|  CLK100MHZ_IBUF_BUFG | comm/const_mem_reg[122][0][0]                                                                                                                                               | gpu/cores[0].core/simt/blocks[0].block_unit/warps[0].warp_unit/gen_shared_float.shared_float_units[0].shared_float_unit/gen_add_sub.add_sub_unit/norm_mant_reg[24][0]_0 |               15 |             64 |
|  CLK100MHZ_IBUF_BUFG | comm/const_mem_reg[124][0][0]                                                                                                                                               | gpu/cores[0].core/simt/blocks[0].block_unit/warps[0].warp_unit/gen_shared_float.shared_float_units[0].shared_float_unit/gen_add_sub.add_sub_unit/norm_mant_reg[24][0]_0 |               15 |             64 |
|  CLK100MHZ_IBUF_BUFG | comm/u_rx/read_resp_len_reg[0][0]                                                                                                                                           | gpu/cores[0].core/simt/blocks[0].block_unit/warps[0].warp_unit/gen_shared_float.shared_float_units[0].shared_float_unit/gen_add_sub.add_sub_unit/norm_mant_reg[24][0]_0 |                8 |             64 |
|  CLK100MHZ_IBUF_BUFG | comm/u_rx/rsp_buffer_reg[0][0]                                                                                                                                              |                                                                                                                                                                         |               14 |             64 |
|  CLK100MHZ_IBUF_BUFG | comm/const_mem_reg[125][0][0]                                                                                                                                               | gpu/cores[0].core/simt/blocks[0].block_unit/warps[0].warp_unit/gen_shared_float.shared_float_units[0].shared_float_unit/gen_add_sub.add_sub_unit/norm_mant_reg[24][0]_0 |               17 |             64 |
|  CLK100MHZ_IBUF_BUFG | comm/const_mem_reg[126][0][0]                                                                                                                                               | gpu/cores[0].core/simt/blocks[0].block_unit/warps[0].warp_unit/gen_shared_float.shared_float_units[0].shared_float_unit/gen_add_sub.add_sub_unit/norm_mant_reg[24][0]_0 |               17 |             64 |
|  CLK100MHZ_IBUF_BUFG | comm/const_mem_reg[10][0][0]                                                                                                                                                | gpu/cores[0].core/simt/blocks[0].block_unit/warps[0].warp_unit/gen_shared_float.shared_float_units[0].shared_float_unit/gen_add_sub.add_sub_unit/norm_mant_reg[24][0]_0 |               12 |             64 |
|  CLK100MHZ_IBUF_BUFG | comm/const_mem_reg[113][0][0]                                                                                                                                               | gpu/cores[0].core/simt/blocks[0].block_unit/warps[0].warp_unit/gen_shared_float.shared_float_units[0].shared_float_unit/gen_add_sub.add_sub_unit/norm_mant_reg[24][0]_0 |               14 |             64 |
|  CLK100MHZ_IBUF_BUFG | comm/const_mem_reg[120][0][0]                                                                                                                                               | gpu/cores[0].core/simt/blocks[0].block_unit/warps[0].warp_unit/gen_shared_float.shared_float_units[0].shared_float_unit/gen_add_sub.add_sub_unit/norm_mant_reg[24][0]_0 |               14 |             64 |
|  CLK100MHZ_IBUF_BUFG | comm/const_mem_reg[127][0][0]                                                                                                                                               | gpu/cores[0].core/simt/blocks[0].block_unit/warps[0].warp_unit/gen_shared_float.shared_float_units[0].shared_float_unit/gen_add_sub.add_sub_unit/norm_mant_reg[24][0]_0 |               16 |             64 |
|  CLK100MHZ_IBUF_BUFG | comm/const_mem_reg[117][0][0]                                                                                                                                               | gpu/cores[0].core/simt/blocks[0].block_unit/warps[0].warp_unit/gen_shared_float.shared_float_units[0].shared_float_unit/gen_add_sub.add_sub_unit/norm_mant_reg[24][0]_0 |               16 |             64 |
|  CLK100MHZ_IBUF_BUFG | comm/const_mem_reg[101][0][0]                                                                                                                                               | gpu/cores[0].core/simt/blocks[0].block_unit/warps[0].warp_unit/gen_shared_float.shared_float_units[0].shared_float_unit/gen_add_sub.add_sub_unit/norm_mant_reg[24][0]_0 |               13 |             64 |
|  CLK100MHZ_IBUF_BUFG | comm/const_mem_reg[106][0][0]                                                                                                                                               | gpu/cores[0].core/simt/blocks[0].block_unit/warps[0].warp_unit/gen_shared_float.shared_float_units[0].shared_float_unit/gen_add_sub.add_sub_unit/norm_mant_reg[24][0]_0 |               15 |             64 |
|  CLK100MHZ_IBUF_BUFG | comm/const_mem_reg[115][0][0]                                                                                                                                               | gpu/cores[0].core/simt/blocks[0].block_unit/warps[0].warp_unit/gen_shared_float.shared_float_units[0].shared_float_unit/gen_add_sub.add_sub_unit/norm_mant_reg[24][0]_0 |               16 |             64 |
|  CLK100MHZ_IBUF_BUFG | gpu/cores[0].core/simt/blocks[0].block_unit/warps[0].warp_unit/lanes[0].thread_lane/execute_unit/div_unit/result[31]_i_2_n_0                                                | gpu/cores[0].core/simt/blocks[0].block_unit/warps[0].warp_unit/lanes[0].thread_lane/execute_unit/div_unit/result[31]_i_1__0_n_0                                         |               15 |             64 |
|  CLK100MHZ_IBUF_BUFG | comm/const_mem_reg[0][0][0]                                                                                                                                                 | gpu/cores[0].core/simt/blocks[0].block_unit/warps[0].warp_unit/gen_shared_float.shared_float_units[0].shared_float_unit/gen_add_sub.add_sub_unit/norm_mant_reg[24][0]_0 |               13 |             64 |
|  CLK100MHZ_IBUF_BUFG | comm/const_mem_reg[105][0][0]                                                                                                                                               | gpu/cores[0].core/simt/blocks[0].block_unit/warps[0].warp_unit/gen_shared_float.shared_float_units[0].shared_float_unit/gen_add_sub.add_sub_unit/norm_mant_reg[24][0]_0 |               13 |             64 |
|  CLK100MHZ_IBUF_BUFG | comm/const_mem_reg[111][0][0]                                                                                                                                               | gpu/cores[0].core/simt/blocks[0].block_unit/warps[0].warp_unit/gen_shared_float.shared_float_units[0].shared_float_unit/gen_add_sub.add_sub_unit/norm_mant_reg[24][0]_0 |               14 |             64 |
|  CLK100MHZ_IBUF_BUFG | comm/const_mem_reg[103][0][0]                                                                                                                                               | gpu/cores[0].core/simt/blocks[0].block_unit/warps[0].warp_unit/gen_shared_float.shared_float_units[0].shared_float_unit/gen_add_sub.add_sub_unit/norm_mant_reg[24][0]_0 |               13 |             64 |
|  CLK100MHZ_IBUF_BUFG | comm/const_mem_reg[107][0][0]                                                                                                                                               | gpu/cores[0].core/simt/blocks[0].block_unit/warps[0].warp_unit/gen_shared_float.shared_float_units[0].shared_float_unit/gen_add_sub.add_sub_unit/norm_mant_reg[24][0]_0 |               13 |             64 |
|  CLK100MHZ_IBUF_BUFG | comm/const_mem_reg[112][0][0]                                                                                                                                               | gpu/cores[0].core/simt/blocks[0].block_unit/warps[0].warp_unit/gen_shared_float.shared_float_units[0].shared_float_unit/gen_add_sub.add_sub_unit/norm_mant_reg[24][0]_0 |               15 |             64 |
|  CLK100MHZ_IBUF_BUFG | gpu/cores[0].core/simt/blocks[0].block_unit/warps[0].warp_unit/lanes[2].thread_lane/i___129_n_0                                                                             | gpu/cores[0].core/simt/blocks[0].block_unit/warps[0].warp_unit/gen_shared_float.shared_float_units[0].shared_float_unit/gen_add_sub.add_sub_unit/norm_mant_reg[24][0]_0 |                8 |             64 |
|  CLK100MHZ_IBUF_BUFG | gpu/cores[0].core/simt/blocks[0].block_unit/warps[0].warp_unit/lanes[2].thread_lane/i___134_n_0                                                                             | gpu/cores[0].core/simt/blocks[0].block_unit/warps[0].warp_unit/gen_shared_float.shared_float_units[0].shared_float_unit/gen_add_sub.add_sub_unit/norm_mant_reg[24][0]_0 |               10 |             64 |
|  CLK100MHZ_IBUF_BUFG | comm/const_mem_reg[116][0][0]                                                                                                                                               | gpu/cores[0].core/simt/blocks[0].block_unit/warps[0].warp_unit/gen_shared_float.shared_float_units[0].shared_float_unit/gen_add_sub.add_sub_unit/norm_mant_reg[24][0]_0 |               18 |             64 |
|  CLK100MHZ_IBUF_BUFG | gpu/cores[0].core/simt/blocks[0].block_unit/warps[0].warp_unit/lanes[0].thread_lane/i___130_n_0                                                                             | gpu/cores[0].core/simt/blocks[0].block_unit/warps[0].warp_unit/gen_shared_float.shared_float_units[0].shared_float_unit/gen_add_sub.add_sub_unit/norm_mant_reg[24][0]_0 |                9 |             64 |
|  CLK100MHZ_IBUF_BUFG | gpu/cores[0].core/simt/blocks[0].block_unit/warps[0].warp_unit/lanes[0].thread_lane/i___134_n_0                                                                             | gpu/cores[0].core/simt/blocks[0].block_unit/warps[0].warp_unit/gen_shared_float.shared_float_units[0].shared_float_unit/gen_add_sub.add_sub_unit/norm_mant_reg[24][0]_0 |                7 |             64 |
|  CLK100MHZ_IBUF_BUFG | comm/const_mem_reg[119][0][0]                                                                                                                                               | gpu/cores[0].core/simt/blocks[0].block_unit/warps[0].warp_unit/gen_shared_float.shared_float_units[0].shared_float_unit/gen_add_sub.add_sub_unit/norm_mant_reg[24][0]_0 |               16 |             64 |
|  CLK100MHZ_IBUF_BUFG | comm/const_mem_reg[121][0][0]                                                                                                                                               | gpu/cores[0].core/simt/blocks[0].block_unit/warps[0].warp_unit/gen_shared_float.shared_float_units[0].shared_float_unit/gen_add_sub.add_sub_unit/norm_mant_reg[24][0]_0 |               16 |             64 |
|  CLK100MHZ_IBUF_BUFG | gpu/cores[0].core/simt/blocks[0].block_unit/warps[0].warp_unit/lanes[0].thread_lane/execute_unit/E[0]                                                                       | gpu/cores[0].core/simt/blocks[0].block_unit/warps[0].warp_unit/gen_shared_float.shared_float_units[0].shared_float_unit/gen_add_sub.add_sub_unit/norm_mant_reg[24][0]_0 |               15 |             64 |
|  CLK100MHZ_IBUF_BUFG | gpu/cores[0].core/simt/blocks[0].block_unit/warps[0].warp_unit/lanes[0].thread_lane/execute_unit/regs_reg[9][31][0]                                                         | gpu/cores[0].core/simt/blocks[0].block_unit/warps[0].warp_unit/gen_shared_float.shared_float_units[0].shared_float_unit/gen_add_sub.add_sub_unit/norm_mant_reg[24][0]_0 |               15 |             64 |
|  CLK100MHZ_IBUF_BUFG | gpu/cores[0].core/simt/blocks[0].block_unit/warps[0].warp_unit/lanes[0].thread_lane/execute_unit/regs_reg[2][31][0]                                                         | gpu/cores[0].core/simt/blocks[0].block_unit/warps[0].warp_unit/gen_shared_float.shared_float_units[0].shared_float_unit/gen_add_sub.add_sub_unit/norm_mant_reg[24][0]_0 |               13 |             64 |
|  CLK100MHZ_IBUF_BUFG | gpu/cores[0].core/simt/blocks[0].block_unit/warps[0].warp_unit/lanes[0].thread_lane/execute_unit/regs_reg[15][31][0]                                                        | gpu/cores[0].core/simt/blocks[0].block_unit/warps[0].warp_unit/gen_shared_float.shared_float_units[0].shared_float_unit/gen_add_sub.add_sub_unit/norm_mant_reg[24][0]_0 |               14 |             64 |
|  CLK100MHZ_IBUF_BUFG | gpu/cores[0].core/simt/blocks[0].block_unit/warps[0].warp_unit/lanes[0].thread_lane/execute_unit/regs_reg[12][31][0]                                                        | gpu/cores[0].core/simt/blocks[0].block_unit/warps[0].warp_unit/gen_shared_float.shared_float_units[0].shared_float_unit/gen_add_sub.add_sub_unit/norm_mant_reg[24][0]_0 |               13 |             64 |
|  CLK100MHZ_IBUF_BUFG | gpu/cores[0].core/simt/blocks[0].block_unit/warps[0].warp_unit/lanes[0].thread_lane/execute_unit/regs_reg[14][31][0]                                                        | gpu/cores[0].core/simt/blocks[0].block_unit/warps[0].warp_unit/gen_shared_float.shared_float_units[0].shared_float_unit/gen_add_sub.add_sub_unit/norm_mant_reg[24][0]_0 |               15 |             64 |
|  CLK100MHZ_IBUF_BUFG | gpu/cores[0].core/simt/blocks[0].block_unit/warps[0].warp_unit/lanes[0].thread_lane/execute_unit/regs_reg[3][31][0]                                                         | gpu/cores[0].core/simt/blocks[0].block_unit/warps[0].warp_unit/gen_shared_float.shared_float_units[0].shared_float_unit/gen_add_sub.add_sub_unit/norm_mant_reg[24][0]_0 |               14 |             64 |
|  CLK100MHZ_IBUF_BUFG | comm/const_mem_reg[123][0][0]                                                                                                                                               | gpu/cores[0].core/simt/blocks[0].block_unit/warps[0].warp_unit/gen_shared_float.shared_float_units[0].shared_float_unit/gen_add_sub.add_sub_unit/norm_mant_reg[24][0]_0 |               15 |             64 |
|  CLK100MHZ_IBUF_BUFG | gpu/cores[0].core/simt/blocks[0].block_unit/warps[0].warp_unit/lanes[0].thread_lane/execute_unit/regs_reg[6][31][0]                                                         | gpu/cores[0].core/simt/blocks[0].block_unit/warps[0].warp_unit/gen_shared_float.shared_float_units[0].shared_float_unit/gen_add_sub.add_sub_unit/norm_mant_reg[24][0]_0 |               17 |             64 |
|  CLK100MHZ_IBUF_BUFG | gpu/cores[0].core/simt/blocks[0].block_unit/warps[0].warp_unit/lanes[0].thread_lane/execute_unit/regs_reg[11][31][0]                                                        | gpu/cores[0].core/simt/blocks[0].block_unit/warps[0].warp_unit/gen_shared_float.shared_float_units[0].shared_float_unit/gen_add_sub.add_sub_unit/norm_mant_reg[24][0]_0 |               12 |             64 |
|  CLK100MHZ_IBUF_BUFG | gpu/cores[0].core/simt/blocks[0].block_unit/warps[0].warp_unit/lanes[0].thread_lane/execute_unit/regs_reg[8][31][0]                                                         | gpu/cores[0].core/simt/blocks[0].block_unit/warps[0].warp_unit/gen_shared_float.shared_float_units[0].shared_float_unit/gen_add_sub.add_sub_unit/norm_mant_reg[24][0]_0 |               13 |             64 |
|  CLK100MHZ_IBUF_BUFG | gpu/cores[0].core/simt/blocks[0].block_unit/warps[0].warp_unit/lanes[0].thread_lane/execute_unit/regs_reg[13][31][0]                                                        | gpu/cores[0].core/simt/blocks[0].block_unit/warps[0].warp_unit/gen_shared_float.shared_float_units[0].shared_float_unit/gen_add_sub.add_sub_unit/norm_mant_reg[24][0]_0 |               15 |             64 |
|  CLK100MHZ_IBUF_BUFG | gpu/cores[0].core/simt/blocks[0].block_unit/warps[0].warp_unit/lanes[0].thread_lane/execute_unit/regs_reg[1][31][0]                                                         | gpu/cores[0].core/simt/blocks[0].block_unit/warps[0].warp_unit/gen_shared_float.shared_float_units[0].shared_float_unit/gen_add_sub.add_sub_unit/norm_mant_reg[24][0]_0 |               15 |             64 |
|  CLK100MHZ_IBUF_BUFG | gpu/cores[0].core/simt/blocks[0].block_unit/warps[0].warp_unit/lanes[0].thread_lane/execute_unit/regs_reg[4][31][0]                                                         | gpu/cores[0].core/simt/blocks[0].block_unit/warps[0].warp_unit/gen_shared_float.shared_float_units[0].shared_float_unit/gen_add_sub.add_sub_unit/norm_mant_reg[24][0]_0 |               14 |             64 |
|  CLK100MHZ_IBUF_BUFG | gpu/cores[0].core/simt/blocks[0].block_unit/warps[0].warp_unit/lanes[0].thread_lane/execute_unit/regs_reg[0][31][0]                                                         | gpu/cores[0].core/simt/blocks[0].block_unit/warps[0].warp_unit/gen_shared_float.shared_float_units[0].shared_float_unit/gen_add_sub.add_sub_unit/norm_mant_reg[24][0]_0 |               18 |             64 |
|  CLK100MHZ_IBUF_BUFG | gpu/cores[0].core/simt/blocks[0].block_unit/warps[0].warp_unit/lanes[0].thread_lane/execute_unit/regs_reg[7][31][0]                                                         | gpu/cores[0].core/simt/blocks[0].block_unit/warps[0].warp_unit/gen_shared_float.shared_float_units[0].shared_float_unit/gen_add_sub.add_sub_unit/norm_mant_reg[24][0]_0 |               13 |             64 |
|  CLK100MHZ_IBUF_BUFG | comm/const_mem_reg[128][0][0]                                                                                                                                               | gpu/cores[0].core/simt/blocks[0].block_unit/warps[0].warp_unit/gen_shared_float.shared_float_units[0].shared_float_unit/gen_add_sub.add_sub_unit/norm_mant_reg[24][0]_0 |               14 |             64 |
|  CLK100MHZ_IBUF_BUFG | comm/const_mem_reg[150][0][0]                                                                                                                                               | gpu/cores[0].core/simt/blocks[0].block_unit/warps[0].warp_unit/gen_shared_float.shared_float_units[0].shared_float_unit/gen_add_sub.add_sub_unit/norm_mant_reg[24][0]_0 |               15 |             64 |
|  CLK100MHZ_IBUF_BUFG | comm/const_mem_reg[151][0][0]                                                                                                                                               | gpu/cores[0].core/simt/blocks[0].block_unit/warps[0].warp_unit/gen_shared_float.shared_float_units[0].shared_float_unit/gen_add_sub.add_sub_unit/norm_mant_reg[24][0]_0 |               18 |             64 |
|  CLK100MHZ_IBUF_BUFG | comm/const_mem_reg[152][0][0]                                                                                                                                               | gpu/cores[0].core/simt/blocks[0].block_unit/warps[0].warp_unit/gen_shared_float.shared_float_units[0].shared_float_unit/gen_add_sub.add_sub_unit/norm_mant_reg[24][0]_0 |               15 |             64 |
|  CLK100MHZ_IBUF_BUFG | comm/const_mem_reg[153][0][0]                                                                                                                                               | gpu/cores[0].core/simt/blocks[0].block_unit/warps[0].warp_unit/gen_shared_float.shared_float_units[0].shared_float_unit/gen_add_sub.add_sub_unit/norm_mant_reg[24][0]_0 |               17 |             64 |
|  CLK100MHZ_IBUF_BUFG | comm/const_mem_reg[133][0][0]                                                                                                                                               | gpu/cores[0].core/simt/blocks[0].block_unit/warps[0].warp_unit/gen_shared_float.shared_float_units[0].shared_float_unit/gen_add_sub.add_sub_unit/norm_mant_reg[24][0]_0 |               15 |             64 |
|  CLK100MHZ_IBUF_BUFG | gpu/cores[0].core/simt/blocks[0].block_unit/warps[0].warp_unit/lanes[1].thread_lane/execute_unit/div_unit/result[31]_i_2__1_n_0                                             | gpu/cores[0].core/simt/blocks[0].block_unit/warps[0].warp_unit/lanes[1].thread_lane/execute_unit/div_unit/result[31]_i_1__3_n_0                                         |               10 |             64 |
|  CLK100MHZ_IBUF_BUFG | gpu/cores[0].core/simt/blocks[0].block_unit/warps[0].warp_unit/lanes[1].thread_lane/execute_unit/E[0]                                                                       | gpu/cores[0].core/simt/blocks[0].block_unit/warps[0].warp_unit/gen_shared_float.shared_float_units[0].shared_float_unit/gen_add_sub.add_sub_unit/norm_mant_reg[24][0]_0 |               21 |             64 |
|  CLK100MHZ_IBUF_BUFG | gpu/cores[0].core/simt/blocks[0].block_unit/warps[0].warp_unit/lanes[1].thread_lane/execute_unit/regs_reg[13][31][0]                                                        | gpu/cores[0].core/simt/blocks[0].block_unit/warps[0].warp_unit/gen_shared_float.shared_float_units[0].shared_float_unit/gen_add_sub.add_sub_unit/norm_mant_reg[24][0]_0 |               22 |             64 |
|  CLK100MHZ_IBUF_BUFG | gpu/cores[0].core/simt/blocks[0].block_unit/warps[0].warp_unit/lanes[1].thread_lane/execute_unit/regs_reg[14][31][0]                                                        | gpu/cores[0].core/simt/blocks[0].block_unit/warps[0].warp_unit/gen_shared_float.shared_float_units[0].shared_float_unit/gen_add_sub.add_sub_unit/norm_mant_reg[24][0]_0 |               19 |             64 |
|  CLK100MHZ_IBUF_BUFG | gpu/cores[0].core/simt/blocks[0].block_unit/warps[0].warp_unit/lanes[1].thread_lane/execute_unit/regs_reg[3][31][0]                                                         | gpu/cores[0].core/simt/blocks[0].block_unit/warps[0].warp_unit/gen_shared_float.shared_float_units[0].shared_float_unit/gen_add_sub.add_sub_unit/norm_mant_reg[24][0]_0 |               17 |             64 |
|  CLK100MHZ_IBUF_BUFG | gpu/cores[0].core/simt/blocks[0].block_unit/warps[0].warp_unit/lanes[1].thread_lane/execute_unit/regs_reg[11][31][0]                                                        | gpu/cores[0].core/simt/blocks[0].block_unit/warps[0].warp_unit/gen_shared_float.shared_float_units[0].shared_float_unit/gen_add_sub.add_sub_unit/norm_mant_reg[24][0]_0 |               18 |             64 |
|  CLK100MHZ_IBUF_BUFG | gpu/cores[0].core/simt/blocks[0].block_unit/warps[0].warp_unit/lanes[1].thread_lane/execute_unit/regs_reg[12][31][0]                                                        | gpu/cores[0].core/simt/blocks[0].block_unit/warps[0].warp_unit/gen_shared_float.shared_float_units[0].shared_float_unit/gen_add_sub.add_sub_unit/norm_mant_reg[24][0]_0 |               15 |             64 |
|  CLK100MHZ_IBUF_BUFG | gpu/cores[0].core/simt/blocks[0].block_unit/warps[0].warp_unit/lanes[1].thread_lane/execute_unit/regs_reg[2][31][0]                                                         | gpu/cores[0].core/simt/blocks[0].block_unit/warps[0].warp_unit/gen_shared_float.shared_float_units[0].shared_float_unit/gen_add_sub.add_sub_unit/norm_mant_reg[24][0]_0 |               21 |             64 |
|  CLK100MHZ_IBUF_BUFG | gpu/cores[0].core/simt/blocks[0].block_unit/warps[0].warp_unit/lanes[1].thread_lane/execute_unit/regs_reg[15][31][0]                                                        | gpu/cores[0].core/simt/blocks[0].block_unit/warps[0].warp_unit/gen_shared_float.shared_float_units[0].shared_float_unit/gen_add_sub.add_sub_unit/norm_mant_reg[24][0]_0 |               18 |             64 |
|  CLK100MHZ_IBUF_BUFG | gpu/cores[0].core/simt/blocks[0].block_unit/warps[0].warp_unit/lanes[1].thread_lane/execute_unit/regs_reg[1][31][0]                                                         | gpu/cores[0].core/simt/blocks[0].block_unit/warps[0].warp_unit/gen_shared_float.shared_float_units[0].shared_float_unit/gen_add_sub.add_sub_unit/norm_mant_reg[24][0]_0 |               20 |             64 |
|  CLK100MHZ_IBUF_BUFG | gpu/cores[0].core/simt/blocks[0].block_unit/warps[0].warp_unit/lanes[1].thread_lane/execute_unit/regs_reg[0][31][0]                                                         | gpu/cores[0].core/simt/blocks[0].block_unit/warps[0].warp_unit/gen_shared_float.shared_float_units[0].shared_float_unit/gen_add_sub.add_sub_unit/norm_mant_reg[24][0]_0 |               18 |             64 |
|  CLK100MHZ_IBUF_BUFG | gpu/cores[0].core/simt/blocks[0].block_unit/warps[0].warp_unit/lanes[1].thread_lane/execute_unit/regs_reg[4][31][0]                                                         | gpu/cores[0].core/simt/blocks[0].block_unit/warps[0].warp_unit/gen_shared_float.shared_float_units[0].shared_float_unit/gen_add_sub.add_sub_unit/norm_mant_reg[24][0]_0 |               16 |             64 |
|  CLK100MHZ_IBUF_BUFG | gpu/cores[0].core/simt/blocks[0].block_unit/warps[0].warp_unit/lanes[1].thread_lane/execute_unit/regs_reg[7][31][0]                                                         | gpu/cores[0].core/simt/blocks[0].block_unit/warps[0].warp_unit/gen_shared_float.shared_float_units[0].shared_float_unit/gen_add_sub.add_sub_unit/norm_mant_reg[24][0]_0 |               16 |             64 |
|  CLK100MHZ_IBUF_BUFG | gpu/cores[0].core/simt/blocks[0].block_unit/warps[0].warp_unit/lanes[1].thread_lane/execute_unit/regs_reg[9][31][0]                                                         | gpu/cores[0].core/simt/blocks[0].block_unit/warps[0].warp_unit/gen_shared_float.shared_float_units[0].shared_float_unit/gen_add_sub.add_sub_unit/norm_mant_reg[24][0]_0 |               18 |             64 |
|  CLK100MHZ_IBUF_BUFG | gpu/cores[0].core/simt/blocks[0].block_unit/warps[0].warp_unit/lanes[1].thread_lane/execute_unit/regs_reg[5][31][0]                                                         | gpu/cores[0].core/simt/blocks[0].block_unit/warps[0].warp_unit/gen_shared_float.shared_float_units[0].shared_float_unit/gen_add_sub.add_sub_unit/norm_mant_reg[24][0]_0 |               19 |             64 |
|  CLK100MHZ_IBUF_BUFG | gpu/cores[0].core/simt/blocks[0].block_unit/warps[0].warp_unit/lanes[1].thread_lane/execute_unit/regs_reg[8][31][0]                                                         | gpu/cores[0].core/simt/blocks[0].block_unit/warps[0].warp_unit/gen_shared_float.shared_float_units[0].shared_float_unit/gen_add_sub.add_sub_unit/norm_mant_reg[24][0]_0 |               21 |             64 |
|  CLK100MHZ_IBUF_BUFG | gpu/cores[0].core/simt/blocks[0].block_unit/warps[0].warp_unit/lanes[1].thread_lane/execute_unit/regs_reg[6][31][0]                                                         | gpu/cores[0].core/simt/blocks[0].block_unit/warps[0].warp_unit/gen_shared_float.shared_float_units[0].shared_float_unit/gen_add_sub.add_sub_unit/norm_mant_reg[24][0]_0 |               19 |             64 |
|  CLK100MHZ_IBUF_BUFG | gpu/cores[0].core/simt/blocks[0].block_unit/warps[0].warp_unit/lanes[1].thread_lane/i___129_n_0                                                                             | gpu/cores[0].core/simt/blocks[0].block_unit/warps[0].warp_unit/gen_shared_float.shared_float_units[0].shared_float_unit/gen_add_sub.add_sub_unit/norm_mant_reg[24][0]_0 |                8 |             64 |
|  CLK100MHZ_IBUF_BUFG | gpu/cores[0].core/simt/blocks[0].block_unit/warps[0].warp_unit/lanes[1].thread_lane/i___134_n_0                                                                             | gpu/cores[0].core/simt/blocks[0].block_unit/warps[0].warp_unit/gen_shared_float.shared_float_units[0].shared_float_unit/gen_add_sub.add_sub_unit/norm_mant_reg[24][0]_0 |                6 |             64 |
|  CLK100MHZ_IBUF_BUFG | comm/const_mem_reg[154][0][0]                                                                                                                                               | gpu/cores[0].core/simt/blocks[0].block_unit/warps[0].warp_unit/gen_shared_float.shared_float_units[0].shared_float_unit/gen_add_sub.add_sub_unit/norm_mant_reg[24][0]_0 |               13 |             64 |
|  CLK100MHZ_IBUF_BUFG | comm/const_mem_reg[155][0][0]                                                                                                                                               | gpu/cores[0].core/simt/blocks[0].block_unit/warps[0].warp_unit/gen_shared_float.shared_float_units[0].shared_float_unit/gen_add_sub.add_sub_unit/norm_mant_reg[24][0]_0 |               16 |             64 |
|  CLK100MHZ_IBUF_BUFG | comm/const_mem_reg[156][0][0]                                                                                                                                               | gpu/cores[0].core/simt/blocks[0].block_unit/warps[0].warp_unit/gen_shared_float.shared_float_units[0].shared_float_unit/gen_add_sub.add_sub_unit/norm_mant_reg[24][0]_0 |               17 |             64 |
|  CLK100MHZ_IBUF_BUFG | gpu/cores[0].core/simt/blocks[0].block_unit/warps[0].warp_unit/lanes[2].thread_lane/execute_unit/div_unit/result[31]_i_2__3_n_0                                             | gpu/cores[0].core/simt/blocks[0].block_unit/warps[0].warp_unit/lanes[2].thread_lane/execute_unit/div_unit/result[31]_i_1__6_n_0                                         |               15 |             64 |
|  CLK100MHZ_IBUF_BUFG | comm/const_mem_reg[157][0][0]                                                                                                                                               | gpu/cores[0].core/simt/blocks[0].block_unit/warps[0].warp_unit/gen_shared_float.shared_float_units[0].shared_float_unit/gen_add_sub.add_sub_unit/norm_mant_reg[24][0]_0 |               14 |             64 |
|  CLK100MHZ_IBUF_BUFG | comm/const_mem_reg[12][0][0]                                                                                                                                                | gpu/cores[0].core/simt/blocks[0].block_unit/warps[0].warp_unit/gen_shared_float.shared_float_units[0].shared_float_unit/gen_add_sub.add_sub_unit/norm_mant_reg[24][0]_0 |               16 |             64 |
|  CLK100MHZ_IBUF_BUFG | comm/const_mem_reg[15][0][0]                                                                                                                                                | gpu/cores[0].core/simt/blocks[0].block_unit/warps[0].warp_unit/gen_shared_float.shared_float_units[0].shared_float_unit/gen_add_sub.add_sub_unit/norm_mant_reg[24][0]_0 |               14 |             64 |
|  CLK100MHZ_IBUF_BUFG | gpu/cores[0].core/simt/blocks[0].block_unit/warps[0].warp_unit/lanes[2].thread_lane/execute_unit/E[0]                                                                       | gpu/cores[0].core/simt/blocks[0].block_unit/warps[0].warp_unit/gen_shared_float.shared_float_units[0].shared_float_unit/gen_add_sub.add_sub_unit/norm_mant_reg[24][0]_0 |               17 |             64 |
|  CLK100MHZ_IBUF_BUFG | gpu/cores[0].core/simt/blocks[0].block_unit/warps[0].warp_unit/lanes[2].thread_lane/execute_unit/regs_reg[5][31][0]                                                         | gpu/cores[0].core/simt/blocks[0].block_unit/warps[0].warp_unit/gen_shared_float.shared_float_units[0].shared_float_unit/gen_add_sub.add_sub_unit/norm_mant_reg[24][0]_0 |               19 |             64 |
|  CLK100MHZ_IBUF_BUFG | gpu/cores[0].core/simt/blocks[0].block_unit/warps[0].warp_unit/lanes[2].thread_lane/execute_unit/regs_reg[4][31][0]                                                         | gpu/cores[0].core/simt/blocks[0].block_unit/warps[0].warp_unit/gen_shared_float.shared_float_units[0].shared_float_unit/gen_add_sub.add_sub_unit/norm_mant_reg[24][0]_0 |               17 |             64 |
|  CLK100MHZ_IBUF_BUFG | gpu/cores[0].core/simt/blocks[0].block_unit/warps[0].warp_unit/lanes[0].thread_lane/execute_unit/regs_reg[5][31][0]                                                         | gpu/cores[0].core/simt/blocks[0].block_unit/warps[0].warp_unit/gen_shared_float.shared_float_units[0].shared_float_unit/gen_add_sub.add_sub_unit/norm_mant_reg[24][0]_0 |               11 |             64 |
|  CLK100MHZ_IBUF_BUFG | gpu/cores[0].core/simt/blocks[0].block_unit/warps[0].warp_unit/lanes[2].thread_lane/execute_unit/regs_reg[11][31][0]                                                        | gpu/cores[0].core/simt/blocks[0].block_unit/warps[0].warp_unit/gen_shared_float.shared_float_units[0].shared_float_unit/gen_add_sub.add_sub_unit/norm_mant_reg[24][0]_0 |               18 |             64 |
|  CLK100MHZ_IBUF_BUFG | gpu/cores[0].core/simt/blocks[0].block_unit/warps[0].warp_unit/lanes[2].thread_lane/execute_unit/regs_reg[1][31][0]                                                         | gpu/cores[0].core/simt/blocks[0].block_unit/warps[0].warp_unit/gen_shared_float.shared_float_units[0].shared_float_unit/gen_add_sub.add_sub_unit/norm_mant_reg[24][0]_0 |               16 |             64 |
|  CLK100MHZ_IBUF_BUFG | gpu/cores[0].core/simt/blocks[0].block_unit/warps[0].warp_unit/lanes[2].thread_lane/execute_unit/regs_reg[12][31][0]                                                        | gpu/cores[0].core/simt/blocks[0].block_unit/warps[0].warp_unit/gen_shared_float.shared_float_units[0].shared_float_unit/gen_add_sub.add_sub_unit/norm_mant_reg[24][0]_0 |               16 |             64 |
|  CLK100MHZ_IBUF_BUFG | gpu/cores[0].core/simt/blocks[0].block_unit/warps[0].warp_unit/lanes[2].thread_lane/execute_unit/regs_reg[7][31][0]                                                         | gpu/cores[0].core/simt/blocks[0].block_unit/warps[0].warp_unit/gen_shared_float.shared_float_units[0].shared_float_unit/gen_add_sub.add_sub_unit/norm_mant_reg[24][0]_0 |               18 |             64 |
|  CLK100MHZ_IBUF_BUFG | gpu/cores[0].core/simt/blocks[0].block_unit/warps[0].warp_unit/lanes[2].thread_lane/execute_unit/regs_reg[8][31][0]                                                         | gpu/cores[0].core/simt/blocks[0].block_unit/warps[0].warp_unit/gen_shared_float.shared_float_units[0].shared_float_unit/gen_add_sub.add_sub_unit/norm_mant_reg[24][0]_0 |               16 |             64 |
|  CLK100MHZ_IBUF_BUFG | gpu/cores[0].core/simt/blocks[0].block_unit/warps[0].warp_unit/lanes[2].thread_lane/execute_unit/regs_reg[6][31][0]                                                         | gpu/cores[0].core/simt/blocks[0].block_unit/warps[0].warp_unit/gen_shared_float.shared_float_units[0].shared_float_unit/gen_add_sub.add_sub_unit/norm_mant_reg[24][0]_0 |               18 |             64 |
|  CLK100MHZ_IBUF_BUFG | gpu/cores[0].core/simt/blocks[0].block_unit/warps[0].warp_unit/lanes[2].thread_lane/execute_unit/regs_reg[0][31][0]                                                         | gpu/cores[0].core/simt/blocks[0].block_unit/warps[0].warp_unit/gen_shared_float.shared_float_units[0].shared_float_unit/gen_add_sub.add_sub_unit/norm_mant_reg[24][0]_0 |               13 |             64 |
|  CLK100MHZ_IBUF_BUFG | gpu/cores[0].core/simt/blocks[0].block_unit/warps[0].warp_unit/lanes[2].thread_lane/execute_unit/regs_reg[9][31][0]                                                         | gpu/cores[0].core/simt/blocks[0].block_unit/warps[0].warp_unit/gen_shared_float.shared_float_units[0].shared_float_unit/gen_add_sub.add_sub_unit/norm_mant_reg[24][0]_0 |               14 |             64 |
|  CLK100MHZ_IBUF_BUFG | gpu/cores[0].core/simt/blocks[0].block_unit/warps[0].warp_unit/lanes[2].thread_lane/execute_unit/regs_reg[13][31][0]                                                        | gpu/cores[0].core/simt/blocks[0].block_unit/warps[0].warp_unit/gen_shared_float.shared_float_units[0].shared_float_unit/gen_add_sub.add_sub_unit/norm_mant_reg[24][0]_0 |               15 |             64 |
|  CLK100MHZ_IBUF_BUFG | gpu/cores[0].core/simt/blocks[0].block_unit/warps[0].warp_unit/lanes[2].thread_lane/execute_unit/regs_reg[15][31][0]                                                        | gpu/cores[0].core/simt/blocks[0].block_unit/warps[0].warp_unit/gen_shared_float.shared_float_units[0].shared_float_unit/gen_add_sub.add_sub_unit/norm_mant_reg[24][0]_0 |               20 |             64 |
|  CLK100MHZ_IBUF_BUFG | gpu/cores[0].core/simt/blocks[0].block_unit/warps[0].warp_unit/lanes[2].thread_lane/execute_unit/regs_reg[2][31][0]                                                         | gpu/cores[0].core/simt/blocks[0].block_unit/warps[0].warp_unit/gen_shared_float.shared_float_units[0].shared_float_unit/gen_add_sub.add_sub_unit/norm_mant_reg[24][0]_0 |               17 |             64 |
|  CLK100MHZ_IBUF_BUFG | gpu/cores[0].core/simt/blocks[0].block_unit/warps[0].warp_unit/lanes[2].thread_lane/execute_unit/regs_reg[3][31][0]                                                         | gpu/cores[0].core/simt/blocks[0].block_unit/warps[0].warp_unit/gen_shared_float.shared_float_units[0].shared_float_unit/gen_add_sub.add_sub_unit/norm_mant_reg[24][0]_0 |               19 |             64 |
|  CLK100MHZ_IBUF_BUFG | comm/const_mem_reg[140][0][0]                                                                                                                                               | gpu/cores[0].core/simt/blocks[0].block_unit/warps[0].warp_unit/gen_shared_float.shared_float_units[0].shared_float_unit/gen_add_sub.add_sub_unit/norm_mant_reg[24][0]_0 |               17 |             64 |
|  CLK100MHZ_IBUF_BUFG | comm/const_mem_reg[135][0][0]                                                                                                                                               | gpu/cores[0].core/simt/blocks[0].block_unit/warps[0].warp_unit/gen_shared_float.shared_float_units[0].shared_float_unit/gen_add_sub.add_sub_unit/norm_mant_reg[24][0]_0 |               15 |             64 |
|  CLK100MHZ_IBUF_BUFG | gpu/cores[0].core/simt/blocks[0].block_unit/warps[0].warp_unit/lanes[3].thread_lane/execute_unit/div_unit/result[31]_i_2__5_n_0                                             | gpu/cores[0].core/simt/blocks[0].block_unit/warps[0].warp_unit/lanes[3].thread_lane/execute_unit/div_unit/result[31]_i_1__9_n_0                                         |               16 |             64 |
|  CLK100MHZ_IBUF_BUFG | comm/const_mem_reg[148][0][0]                                                                                                                                               | gpu/cores[0].core/simt/blocks[0].block_unit/warps[0].warp_unit/gen_shared_float.shared_float_units[0].shared_float_unit/gen_add_sub.add_sub_unit/norm_mant_reg[24][0]_0 |               15 |             64 |
|  CLK100MHZ_IBUF_BUFG | comm/const_mem_reg[132][0][0]                                                                                                                                               | gpu/cores[0].core/simt/blocks[0].block_unit/warps[0].warp_unit/gen_shared_float.shared_float_units[0].shared_float_unit/gen_add_sub.add_sub_unit/norm_mant_reg[24][0]_0 |               15 |             64 |
|  CLK100MHZ_IBUF_BUFG | comm/const_mem_reg[134][0][0]                                                                                                                                               | gpu/cores[0].core/simt/blocks[0].block_unit/warps[0].warp_unit/gen_shared_float.shared_float_units[0].shared_float_unit/gen_add_sub.add_sub_unit/norm_mant_reg[24][0]_0 |               17 |             64 |
|  CLK100MHZ_IBUF_BUFG | comm/const_mem_reg[138][0][0]                                                                                                                                               | gpu/cores[0].core/simt/blocks[0].block_unit/warps[0].warp_unit/gen_shared_float.shared_float_units[0].shared_float_unit/gen_add_sub.add_sub_unit/norm_mant_reg[24][0]_0 |               16 |             64 |
|  CLK100MHZ_IBUF_BUFG | gpu/cores[0].core/simt/blocks[0].block_unit/warps[0].warp_unit/lanes[3].thread_lane/execute_unit/E[0]                                                                       | gpu/cores[0].core/simt/blocks[0].block_unit/warps[0].warp_unit/gen_shared_float.shared_float_units[0].shared_float_unit/gen_add_sub.add_sub_unit/norm_mant_reg[24][0]_0 |               20 |             64 |
|  CLK100MHZ_IBUF_BUFG | gpu/cores[0].core/simt/blocks[0].block_unit/warps[0].warp_unit/lanes[3].thread_lane/execute_unit/regs_reg[8][31][0]                                                         | gpu/cores[0].core/simt/blocks[0].block_unit/warps[0].warp_unit/gen_shared_float.shared_float_units[0].shared_float_unit/gen_add_sub.add_sub_unit/norm_mant_reg[24][0]_0 |               16 |             64 |
|  CLK100MHZ_IBUF_BUFG | gpu/cores[0].core/simt/blocks[0].block_unit/warps[0].warp_unit/lanes[3].thread_lane/execute_unit/regs_reg[12][31][0]                                                        | gpu/cores[0].core/simt/blocks[0].block_unit/warps[0].warp_unit/gen_shared_float.shared_float_units[0].shared_float_unit/gen_add_sub.add_sub_unit/norm_mant_reg[24][0]_0 |               16 |             64 |
|  CLK100MHZ_IBUF_BUFG | gpu/cores[0].core/simt/blocks[0].block_unit/warps[0].warp_unit/lanes[3].thread_lane/execute_unit/regs_reg[11][31][0]                                                        | gpu/cores[0].core/simt/blocks[0].block_unit/warps[0].warp_unit/gen_shared_float.shared_float_units[0].shared_float_unit/gen_add_sub.add_sub_unit/norm_mant_reg[24][0]_0 |               18 |             64 |
|  CLK100MHZ_IBUF_BUFG | gpu/cores[0].core/simt/blocks[0].block_unit/warps[0].warp_unit/lanes[3].thread_lane/execute_unit/regs_reg[2][31][0]                                                         | gpu/cores[0].core/simt/blocks[0].block_unit/warps[0].warp_unit/gen_shared_float.shared_float_units[0].shared_float_unit/gen_add_sub.add_sub_unit/norm_mant_reg[24][0]_0 |               16 |             64 |
|  CLK100MHZ_IBUF_BUFG | gpu/cores[0].core/simt/blocks[0].block_unit/warps[0].warp_unit/lanes[3].thread_lane/execute_unit/regs_reg[5][31][0]                                                         | gpu/cores[0].core/simt/blocks[0].block_unit/warps[0].warp_unit/gen_shared_float.shared_float_units[0].shared_float_unit/gen_add_sub.add_sub_unit/norm_mant_reg[24][0]_0 |               23 |             64 |
|  CLK100MHZ_IBUF_BUFG | gpu/cores[0].core/simt/blocks[0].block_unit/warps[0].warp_unit/lanes[3].thread_lane/execute_unit/regs_reg[6][31][0]                                                         | gpu/cores[0].core/simt/blocks[0].block_unit/warps[0].warp_unit/gen_shared_float.shared_float_units[0].shared_float_unit/gen_add_sub.add_sub_unit/norm_mant_reg[24][0]_0 |               18 |             64 |
|  CLK100MHZ_IBUF_BUFG | gpu/cores[0].core/simt/blocks[0].block_unit/warps[0].warp_unit/lanes[3].thread_lane/execute_unit/regs_reg[0][31][0]                                                         | gpu/cores[0].core/simt/blocks[0].block_unit/warps[0].warp_unit/gen_shared_float.shared_float_units[0].shared_float_unit/gen_add_sub.add_sub_unit/norm_mant_reg[24][0]_0 |               18 |             64 |
|  CLK100MHZ_IBUF_BUFG | gpu/cores[0].core/simt/blocks[0].block_unit/warps[0].warp_unit/lanes[3].thread_lane/execute_unit/regs_reg[1][31][0]                                                         | gpu/cores[0].core/simt/blocks[0].block_unit/warps[0].warp_unit/gen_shared_float.shared_float_units[0].shared_float_unit/gen_add_sub.add_sub_unit/norm_mant_reg[24][0]_0 |               16 |             64 |
|  CLK100MHZ_IBUF_BUFG | gpu/cores[0].core/simt/blocks[0].block_unit/warps[0].warp_unit/lanes[3].thread_lane/execute_unit/regs_reg[15][31][0]                                                        | gpu/cores[0].core/simt/blocks[0].block_unit/warps[0].warp_unit/gen_shared_float.shared_float_units[0].shared_float_unit/gen_add_sub.add_sub_unit/norm_mant_reg[24][0]_0 |               21 |             64 |
|  CLK100MHZ_IBUF_BUFG | gpu/cores[0].core/simt/blocks[0].block_unit/warps[0].warp_unit/lanes[3].thread_lane/execute_unit/regs_reg[3][31][0]                                                         | gpu/cores[0].core/simt/blocks[0].block_unit/warps[0].warp_unit/gen_shared_float.shared_float_units[0].shared_float_unit/gen_add_sub.add_sub_unit/norm_mant_reg[24][0]_0 |               20 |             64 |
|  CLK100MHZ_IBUF_BUFG | gpu/cores[0].core/simt/blocks[0].block_unit/warps[0].warp_unit/lanes[3].thread_lane/execute_unit/regs_reg[4][31][0]                                                         | gpu/cores[0].core/simt/blocks[0].block_unit/warps[0].warp_unit/gen_shared_float.shared_float_units[0].shared_float_unit/gen_add_sub.add_sub_unit/norm_mant_reg[24][0]_0 |               18 |             64 |
|  CLK100MHZ_IBUF_BUFG | gpu/cores[0].core/simt/blocks[0].block_unit/warps[0].warp_unit/lanes[3].thread_lane/execute_unit/regs_reg[7][31][0]                                                         | gpu/cores[0].core/simt/blocks[0].block_unit/warps[0].warp_unit/gen_shared_float.shared_float_units[0].shared_float_unit/gen_add_sub.add_sub_unit/norm_mant_reg[24][0]_0 |               20 |             64 |
|  CLK100MHZ_IBUF_BUFG | gpu/cores[0].core/simt/blocks[0].block_unit/warps[0].warp_unit/lanes[3].thread_lane/execute_unit/regs_reg[14][31][0]                                                        | gpu/cores[0].core/simt/blocks[0].block_unit/warps[0].warp_unit/gen_shared_float.shared_float_units[0].shared_float_unit/gen_add_sub.add_sub_unit/norm_mant_reg[24][0]_0 |               16 |             64 |
|  CLK100MHZ_IBUF_BUFG | gpu/cores[0].core/simt/blocks[0].block_unit/warps[0].warp_unit/lanes[3].thread_lane/execute_unit/regs_reg[13][31][0]                                                        | gpu/cores[0].core/simt/blocks[0].block_unit/warps[0].warp_unit/gen_shared_float.shared_float_units[0].shared_float_unit/gen_add_sub.add_sub_unit/norm_mant_reg[24][0]_0 |               21 |             64 |
|  CLK100MHZ_IBUF_BUFG | gpu/cores[0].core/simt/blocks[0].block_unit/warps[0].warp_unit/lanes[3].thread_lane/execute_unit/regs_reg[9][31][0]                                                         | gpu/cores[0].core/simt/blocks[0].block_unit/warps[0].warp_unit/gen_shared_float.shared_float_units[0].shared_float_unit/gen_add_sub.add_sub_unit/norm_mant_reg[24][0]_0 |               16 |             64 |
|  CLK100MHZ_IBUF_BUFG | comm/const_mem_reg[13][0][0]                                                                                                                                                | gpu/cores[0].core/simt/blocks[0].block_unit/warps[0].warp_unit/gen_shared_float.shared_float_units[0].shared_float_unit/gen_add_sub.add_sub_unit/norm_mant_reg[24][0]_0 |               13 |             64 |
|  CLK100MHZ_IBUF_BUFG | gpu/cores[0].core/simt/blocks[0].block_unit/warps[0].warp_unit/lanes[3].thread_lane/i___133_n_0                                                                             | gpu/cores[0].core/simt/blocks[0].block_unit/warps[0].warp_unit/gen_shared_float.shared_float_units[0].shared_float_unit/gen_add_sub.add_sub_unit/norm_mant_reg[24][0]_0 |                7 |             64 |
|  CLK100MHZ_IBUF_BUFG | gpu/cores[0].core/simt/blocks[0].block_unit/warps[0].warp_unit/lanes[3].thread_lane/i___128_n_0                                                                             | gpu/cores[0].core/simt/blocks[0].block_unit/warps[0].warp_unit/gen_shared_float.shared_float_units[0].shared_float_unit/gen_add_sub.add_sub_unit/norm_mant_reg[24][0]_0 |                8 |             64 |
|  CLK100MHZ_IBUF_BUFG | comm/const_mem_reg[137][0][0]                                                                                                                                               | gpu/cores[0].core/simt/blocks[0].block_unit/warps[0].warp_unit/gen_shared_float.shared_float_units[0].shared_float_unit/gen_add_sub.add_sub_unit/norm_mant_reg[24][0]_0 |               14 |             64 |
|  CLK100MHZ_IBUF_BUFG | mem_rdata_r_reg[31]_i_34_n_0                                                                                                                                                |                                                                                                                                                                         |               14 |             64 |
|  CLK100MHZ_IBUF_BUFG | mem_rdata_r_reg[31]_i_5_n_0                                                                                                                                                 |                                                                                                                                                                         |                8 |             64 |
|  CLK100MHZ_IBUF_BUFG | mem_rdata_r_reg[31]_i_37_n_0                                                                                                                                                |                                                                                                                                                                         |               14 |             64 |
|  CLK100MHZ_IBUF_BUFG | mem_rdata_r_reg[31]_i_30_n_0                                                                                                                                                |                                                                                                                                                                         |               13 |             64 |
|  CLK100MHZ_IBUF_BUFG | mem_rdata_r_reg[31]_i_38_n_0                                                                                                                                                |                                                                                                                                                                         |               10 |             64 |
|  CLK100MHZ_IBUF_BUFG | mem_rdata_r_reg[31]_i_15_n_0                                                                                                                                                |                                                                                                                                                                         |               10 |             64 |
|  CLK100MHZ_IBUF_BUFG | mem_rdata_r_reg[31]_i_13_n_0                                                                                                                                                |                                                                                                                                                                         |               11 |             64 |
|  CLK100MHZ_IBUF_BUFG | mem_rdata_r_reg[31]_i_31_n_0                                                                                                                                                |                                                                                                                                                                         |                9 |             64 |
|  CLK100MHZ_IBUF_BUFG | comm/const_mem_reg[130][0][0]                                                                                                                                               | gpu/cores[0].core/simt/blocks[0].block_unit/warps[0].warp_unit/gen_shared_float.shared_float_units[0].shared_float_unit/gen_add_sub.add_sub_unit/norm_mant_reg[24][0]_0 |               16 |             64 |
|  CLK100MHZ_IBUF_BUFG | gpu/cores[0].core/simt/blocks[0].block_unit/warps[0].warp_unit/lanes[2].thread_lane/execute_unit/regs_reg[14][31][0]                                                        | gpu/cores[0].core/simt/blocks[0].block_unit/warps[0].warp_unit/gen_shared_float.shared_float_units[0].shared_float_unit/gen_add_sub.add_sub_unit/norm_mant_reg[24][0]_0 |               16 |             64 |
|  CLK100MHZ_IBUF_BUFG | gpu/cores[0].core/simt/blocks[0].block_unit/warps[0].warp_unit/lanes[0].thread_lane/execute_unit/div_unit/result_reg[0]_0[0]                                                | gpu/cores[0].core/simt/blocks[0].block_unit/warps[0].warp_unit/gen_shared_float.shared_float_units[0].shared_float_unit/gen_add_sub.add_sub_unit/norm_mant_reg[24][0]_0 |               18 |             68 |
|  CLK100MHZ_IBUF_BUFG | gpu/cores[0].core/simt/blocks[0].block_unit/warps[0].warp_unit/lanes[1].thread_lane/execute_unit/div_unit/result_reg[0]_0[0]                                                | gpu/cores[0].core/simt/blocks[0].block_unit/warps[0].warp_unit/gen_shared_float.shared_float_units[0].shared_float_unit/gen_add_sub.add_sub_unit/norm_mant_reg[24][0]_0 |               14 |             68 |
|  CLK100MHZ_IBUF_BUFG | gpu/cores[0].core/simt/blocks[0].block_unit/warps[0].warp_unit/lanes[2].thread_lane/execute_unit/div_unit/E[0]                                                              | gpu/cores[0].core/simt/blocks[0].block_unit/warps[0].warp_unit/gen_shared_float.shared_float_units[0].shared_float_unit/gen_add_sub.add_sub_unit/norm_mant_reg[24][0]_0 |               15 |             68 |
|  CLK100MHZ_IBUF_BUFG | gpu/cores[0].core/simt/blocks[0].block_unit/warps[0].warp_unit/lanes[3].thread_lane/execute_unit/div_unit/E[0]                                                              | gpu/cores[0].core/simt/blocks[0].block_unit/warps[0].warp_unit/gen_shared_float.shared_float_units[0].shared_float_unit/gen_add_sub.add_sub_unit/norm_mant_reg[24][0]_0 |               14 |             68 |
|  CLK100MHZ_IBUF_BUFG | gpu/cores[0].core/simt/blocks[0].block_unit/warps[0].warp_unit/lanes[3].thread_lane/execute_unit/div_unit/result_reg[0]_0[0]                                                | gpu/cores[0].core/simt/blocks[0].block_unit/warps[0].warp_unit/gen_shared_float.shared_float_units[0].shared_float_unit/gen_add_sub.add_sub_unit/norm_mant_reg[24][0]_0 |               16 |             68 |
|  CLK100MHZ_IBUF_BUFG | gpu/cores[0].core/simt/blocks[0].block_unit/warps[0].warp_unit/lanes[2].thread_lane/execute_unit/div_unit/result_reg[0]_0[0]                                                | gpu/cores[0].core/simt/blocks[0].block_unit/warps[0].warp_unit/gen_shared_float.shared_float_units[0].shared_float_unit/gen_add_sub.add_sub_unit/norm_mant_reg[24][0]_0 |               20 |             68 |
|  CLK100MHZ_IBUF_BUFG | gpu/cores[0].core/simt/blocks[0].block_unit/warps[0].warp_unit/lanes[1].thread_lane/execute_unit/div_unit/E[0]                                                              | gpu/cores[0].core/simt/blocks[0].block_unit/warps[0].warp_unit/gen_shared_float.shared_float_units[0].shared_float_unit/gen_add_sub.add_sub_unit/norm_mant_reg[24][0]_0 |               11 |             68 |
|  CLK100MHZ_IBUF_BUFG | gpu/cores[0].core/simt/blocks[0].block_unit/warps[0].warp_unit/lanes[0].thread_lane/execute_unit/div_unit/E[0]                                                              | gpu/cores[0].core/simt/blocks[0].block_unit/warps[0].warp_unit/gen_shared_float.shared_float_units[0].shared_float_unit/gen_add_sub.add_sub_unit/norm_mant_reg[24][0]_0 |               12 |             68 |
|  CLK100MHZ_IBUF_BUFG | comm/tx_start                                                                                                                                                               | gpu/cores[0].core/simt/blocks[0].block_unit/warps[0].warp_unit/gen_shared_float.shared_float_units[0].shared_float_unit/gen_add_sub.add_sub_unit/norm_mant_reg[24][0]_0 |                9 |             72 |
|  CLK100MHZ_IBUF_BUFG | comm/u_rx/prog_wdata_reg[0]_0[0]                                                                                                                                            | gpu/cores[0].core/simt/blocks[0].block_unit/warps[0].warp_unit/gen_shared_float.shared_float_units[0].shared_float_unit/gen_add_sub.add_sub_unit/norm_mant_reg[24][0]_0 |               27 |             88 |
|  CLK100MHZ_IBUF_BUFG | comm/u_rx/word_data[31]_i_1_n_0                                                                                                                                             | gpu/cores[0].core/simt/blocks[0].block_unit/warps[0].warp_unit/gen_shared_float.shared_float_units[0].shared_float_unit/gen_add_sub.add_sub_unit/norm_mant_reg[24][0]_0 |               13 |            100 |
|  CLK100MHZ_IBUF_BUFG | gpu/cores[0].core/simt/blocks[0].block_unit/warps[0].warp_unit/lanes[0].thread_lane/E[0]                                                                                    | gpu/cores[0].core/simt/blocks[0].block_unit/warps[0].warp_unit/gen_shared_float.shared_float_units[0].shared_float_unit/gen_add_sub.add_sub_unit/norm_mant_reg[24][0]_0 |               20 |            110 |
|  CLK100MHZ_IBUF_BUFG | gpu/cores[0].core/simt/blocks[0].block_unit/warps[0].warp_unit/lanes[2].thread_lane/E[0]                                                                                    | gpu/cores[0].core/simt/blocks[0].block_unit/warps[0].warp_unit/gen_shared_float.shared_float_units[0].shared_float_unit/gen_add_sub.add_sub_unit/norm_mant_reg[24][0]_0 |               23 |            110 |
|  CLK100MHZ_IBUF_BUFG | gpu/cores[0].core/simt/blocks[0].block_unit/warps[0].warp_unit/lanes[1].thread_lane/E[0]                                                                                    | gpu/cores[0].core/simt/blocks[0].block_unit/warps[0].warp_unit/gen_shared_float.shared_float_units[0].shared_float_unit/gen_add_sub.add_sub_unit/norm_mant_reg[24][0]_0 |               17 |            110 |
|  CLK100MHZ_IBUF_BUFG | gpu/cores[0].core/simt/blocks[0].block_unit/warps[0].warp_unit/lanes[3].thread_lane/E[0]                                                                                    | gpu/cores[0].core/simt/blocks[0].block_unit/warps[0].warp_unit/gen_shared_float.shared_float_units[0].shared_float_unit/gen_add_sub.add_sub_unit/norm_mant_reg[24][0]_0 |               15 |            110 |
|  CLK100MHZ_IBUF_BUFG | gpu/cores[0].core/simt/blocks[0].block_unit/warps[0].warp_unit/lanes[0].thread_lane/execute_unit/div_unit/remainder_reg[31]_0[0]                                            | gpu/cores[0].core/simt/blocks[0].block_unit/warps[0].warp_unit/lanes[0].thread_lane/execute_unit/div_unit/remainder                                                     |               22 |            126 |
|  CLK100MHZ_IBUF_BUFG | gpu/cores[0].core/simt/blocks[0].block_unit/warps[0].warp_unit/lanes[1].thread_lane/execute_unit/div_unit/remainder_reg[31]_0[0]                                            | gpu/cores[0].core/simt/blocks[0].block_unit/warps[0].warp_unit/lanes[1].thread_lane/execute_unit/div_unit/remainder                                                     |               17 |            126 |
|  CLK100MHZ_IBUF_BUFG | gpu/cores[0].core/simt/blocks[0].block_unit/warps[0].warp_unit/lanes[2].thread_lane/execute_unit/div_unit/remainder_reg[31]_0[0]                                            | gpu/cores[0].core/simt/blocks[0].block_unit/warps[0].warp_unit/lanes[2].thread_lane/execute_unit/div_unit/remainder                                                     |               21 |            126 |
|  CLK100MHZ_IBUF_BUFG | gpu/cores[0].core/simt/blocks[0].block_unit/warps[0].warp_unit/lanes[3].thread_lane/execute_unit/div_unit/remainder_reg[31]_0[0]                                            | gpu/cores[0].core/simt/blocks[0].block_unit/warps[0].warp_unit/lanes[3].thread_lane/execute_unit/div_unit/remainder                                                     |               22 |            126 |
|  CLK100MHZ_IBUF_BUFG | gpu/cores[0].core/simt/blocks[0].block_unit/warps[0].warp_unit/lanes[1].thread_lane/execute_unit/issue_float                                                                | gpu/cores[0].core/simt/blocks[0].block_unit/warps[0].warp_unit/gen_shared_float.shared_float_units[0].shared_float_unit/gen_add_sub.add_sub_unit/norm_mant_reg[24][0]_0 |               26 |            154 |
|  CLK100MHZ_IBUF_BUFG | gpu/cores[0].core/simt/blocks[0].block_unit/warps[0].warp_unit/lanes[0].thread_lane/execute_unit/issue_float                                                                | gpu/cores[0].core/simt/blocks[0].block_unit/warps[0].warp_unit/gen_shared_float.shared_float_units[0].shared_float_unit/gen_add_sub.add_sub_unit/norm_mant_reg[24][0]_0 |               31 |            154 |
|  CLK100MHZ_IBUF_BUFG | gpu/cores[0].core/simt/blocks[0].block_unit/warps[0].warp_unit/lanes[3].thread_lane/execute_unit/issue_float                                                                | gpu/cores[0].core/simt/blocks[0].block_unit/warps[0].warp_unit/gen_shared_float.shared_float_units[0].shared_float_unit/gen_add_sub.add_sub_unit/norm_mant_reg[24][0]_0 |               20 |            154 |
|  CLK100MHZ_IBUF_BUFG | gpu/cores[0].core/simt/blocks[0].block_unit/warps[0].warp_unit/lanes[2].thread_lane/execute_unit/issue_float                                                                | gpu/cores[0].core/simt/blocks[0].block_unit/warps[0].warp_unit/gen_shared_float.shared_float_units[0].shared_float_unit/gen_add_sub.add_sub_unit/norm_mant_reg[24][0]_0 |               29 |            154 |
|  CLK100MHZ_IBUF_BUFG | comm/u_rx/const_we0                                                                                                                                                         | gpu/cores[0].core/simt/blocks[0].block_unit/warps[0].warp_unit/gen_shared_float.shared_float_units[0].shared_float_unit/gen_add_sub.add_sub_unit/norm_mant_reg[24][0]_0 |               44 |            296 |
|  CLK100MHZ_IBUF_BUFG | gpu/cores[0].core/simt/blocks[0].block_unit/warps[0].warp_unit/lanes[3].thread_lane/fmt2                                                                                    | gpu/cores[0].core/simt/blocks[0].block_unit/warps[0].warp_unit/gen_shared_float.shared_float_units[0].shared_float_unit/gen_add_sub.add_sub_unit/norm_mant_reg[24][0]_0 |               82 |            320 |
|  CLK100MHZ_IBUF_BUFG | gpu/cores[0].core/simt/blocks[0].block_unit/warps[0].warp_unit/lanes[2].thread_lane/fmt2                                                                                    | gpu/cores[0].core/simt/blocks[0].block_unit/warps[0].warp_unit/gen_shared_float.shared_float_units[0].shared_float_unit/gen_add_sub.add_sub_unit/norm_mant_reg[24][0]_0 |               79 |            320 |
|  CLK100MHZ_IBUF_BUFG | gpu/cores[0].core/simt/blocks[0].block_unit/warps[0].warp_unit/lanes[0].thread_lane/fmt2                                                                                    | gpu/cores[0].core/simt/blocks[0].block_unit/warps[0].warp_unit/gen_shared_float.shared_float_units[0].shared_float_unit/gen_add_sub.add_sub_unit/norm_mant_reg[24][0]_0 |               79 |            326 |
|  CLK100MHZ_IBUF_BUFG | gpu/cores[0].core/simt/blocks[0].block_unit/warps[0].warp_unit/lanes[1].thread_lane/fmt2                                                                                    | gpu/cores[0].core/simt/blocks[0].block_unit/warps[0].warp_unit/gen_shared_float.shared_float_units[0].shared_float_unit/gen_add_sub.add_sub_unit/norm_mant_reg[24][0]_0 |               72 |            326 |
|  CLK100MHZ_IBUF_BUFG |                                                                                                                                                                             |                                                                                                                                                                         |               74 |            408 |
|  CLK100MHZ_IBUF_BUFG |                                                                                                                                                                             | gpu/cores[0].core/simt/blocks[0].block_unit/warps[0].warp_unit/gen_shared_float.shared_float_units[0].shared_float_unit/gen_add_sub.add_sub_unit/norm_mant_reg[24][0]_0 |              674 |           4536 |
+----------------------+-----------------------------------------------------------------------------------------------------------------------------------------------------------------------------+-------------------------------------------------------------------------------------------------------------------------------------------------------------------------+------------------+----------------+


